Presente_prop_lands,Presente_mean_spp,future_prop_lands_ANPs,future_mean_spp_ANPs,Future_prop_lands_NoAPs,Future_mean_spp_NoAPs
100,100.00,100.000,100.000,100.00,100.00
99.99,100.00,99.990,100.000,99.99,100.00
99.98,100.00,99.980,100.000,99.98,100.00
99.97,100.00,99.970,100.000,99.97,100.00
99.96,100.00,99.960,100.000,99.96,100.00
99.95,100.00,99.950,100.000,99.95,100.00
99.94,100.00,99.941,100.000,99.94,100.00
99.93,100.00,99.931,100.000,99.93,100.00
99.92,100.00,99.921,100.000,99.92,100.00
99.91,100.00,99.911,100.000,99.91,100.00
99.9,100.00,99.901,100.000,99.90,100.00
99.89,100.00,99.891,100.000,99.89,100.00
99.88,100.00,99.881,100.000,99.88,100.00
99.87,100.00,99.871,100.000,99.87,100.00
99.86,100.00,99.861,100.000,99.86,100.00
99.85,100.00,99.851,100.000,99.85,100.00
99.84,100.00,99.841,100.000,99.84,100.00
99.83,100.00,99.831,100.000,99.83,100.00
99.82,100.00,99.822,100.000,99.82,100.00
99.81,100.00,99.812,100.000,99.81,100.00
99.8,100.00,99.802,100.000,99.80,100.00
99.79,100.00,99.792,100.000,99.79,100.00
99.78,100.00,99.782,100.000,99.78,100.00
99.77,100.00,99.772,100.000,99.77,100.00
99.76,100.00,99.762,100.000,99.76,100.00
99.75,100.00,99.752,100.000,99.75,100.00
99.74,100.00,99.742,100.000,99.74,100.00
99.73,100.00,99.732,100.000,99.73,100.00
99.72,100.00,99.722,100.000,99.72,100.00
99.71,100.00,99.713,100.000,99.71,100.00
99.7,100.00,99.703,100.000,99.70,100.00
99.69,100.00,99.693,100.000,99.69,100.00
99.68,100.00,99.683,100.000,99.68,100.00
99.67,100.00,99.673,100.000,99.67,100.00
99.66,100.00,99.663,100.000,99.66,100.00
99.65,100.00,99.653,100.000,99.65,100.00
99.64,100.00,99.643,100.000,99.64,100.00
99.63,100.00,99.633,100.000,99.63,100.00
99.62,100.00,99.623,100.000,99.62,100.00
99.61,100.00,99.613,100.000,99.61,100.00
99.6,100.00,99.603,100.000,99.60,100.00
99.59,100.00,99.594,100.000,99.59,100.00
99.58,100.00,99.584,100.000,99.58,100.00
99.57,100.00,99.574,100.000,99.57,100.00
99.56,100.00,99.564,99.999,99.56,100.00
99.55,100.00,99.554,99.999,99.55,100.00
99.54,100.00,99.544,99.999,99.54,100.00
99.53,100.00,99.534,99.999,99.53,100.00
99.52,100.00,99.524,99.999,99.52,100.00
99.51,100.00,99.514,99.999,99.51,100.00
99.5,100.00,99.504,99.999,99.50,100.00
99.49,100.00,99.494,99.999,99.49,100.00
99.49,100.00,99.485,99.999,99.49,100.00
99.48,100.00,99.475,99.999,99.48,100.00
99.47,100.00,99.465,99.999,99.47,100.00
99.46,100.00,99.455,99.999,99.46,100.00
99.45,100.00,99.445,99.999,99.45,100.00
99.44,100.00,99.435,99.999,99.44,100.00
99.43,100.00,99.425,99.999,99.43,100.00
99.42,100.00,99.415,99.999,99.42,100.00
99.41,100.00,99.405,99.999,99.41,100.00
99.4,100.00,99.395,99.999,99.40,100.00
99.39,100.00,99.385,99.999,99.39,100.00
99.38,100.00,99.375,99.999,99.38,100.00
99.37,100.00,99.366,99.999,99.37,100.00
99.36,100.00,99.356,99.999,99.36,100.00
99.35,100.00,99.346,99.999,99.35,100.00
99.34,100.00,99.336,99.999,99.34,100.00
99.33,100.00,99.326,99.999,99.33,100.00
99.32,100.00,99.316,99.999,99.32,100.00
99.31,100.00,99.306,99.999,99.31,100.00
99.3,100.00,99.296,99.999,99.30,100.00
99.29,100.00,99.286,99.999,99.29,100.00
99.28,100.00,99.276,99.999,99.28,100.00
99.27,100.00,99.266,99.998,99.27,100.00
99.26,100.00,99.257,99.998,99.26,100.00
99.25,100.00,99.247,99.998,99.25,100.00
99.24,100.00,99.237,99.998,99.24,100.00
99.23,100.00,99.227,99.998,99.23,100.00
99.22,100.00,99.217,99.998,99.22,100.00
99.21,100.00,99.207,99.998,99.21,100.00
99.2,100.00,99.197,99.998,99.20,100.00
99.19,100.00,99.187,99.998,99.19,100.00
99.18,100.00,99.177,99.998,99.18,100.00
99.17,100.00,99.167,99.998,99.17,100.00
99.16,100.00,99.157,99.998,99.16,100.00
99.15,100.00,99.147,99.998,99.15,100.00
99.14,100.00,99.138,99.998,99.14,100.00
99.13,100.00,99.128,99.998,99.13,100.00
99.12,100.00,99.118,99.998,99.12,100.00
99.11,100.00,99.108,99.998,99.11,100.00
99.1,100.00,99.098,99.997,99.10,100.00
99.09,100.00,99.088,99.997,99.09,100.00
99.08,100.00,99.078,99.997,99.08,100.00
99.07,100.00,99.068,99.997,99.07,100.00
99.06,100.00,99.058,99.997,99.06,100.00
99.05,100.00,99.048,99.997,99.05,100.00
99.04,100.00,99.038,99.997,99.04,100.00
99.03,100.00,99.029,99.997,99.03,100.00
99.02,100.00,99.019,99.997,99.02,100.00
99.01,100.00,99.009,99.997,99.01,100.00
99,100.00,98.999,99.996,99.00,100.00
98.99,100.00,98.989,99.996,98.99,100.00
98.98,100.00,98.979,99.996,98.98,100.00
98.97,100.00,98.969,99.996,98.97,100.00
98.96,100.00,98.959,99.996,98.96,100.00
98.95,100.00,98.949,99.995,98.95,100.00
98.94,100.00,98.939,99.995,98.94,100.00
98.93,100.00,98.929,99.995,98.93,100.00
98.92,100.00,98.919,99.995,98.92,100.00
98.91,100.00,98.910,99.994,98.91,100.00
98.9,100.00,98.900,99.994,98.90,100.00
98.89,100.00,98.890,99.994,98.89,100.00
98.88,100.00,98.880,99.994,98.88,100.00
98.87,100.00,98.870,99.993,98.87,100.00
98.86,100.00,98.860,99.993,98.86,100.00
98.85,100.00,98.850,99.992,98.85,100.00
98.84,100.00,98.840,99.992,98.84,100.00
98.83,100.00,98.830,99.992,98.83,100.00
98.82,100.00,98.820,99.992,98.82,100.00
98.81,100.00,98.810,99.991,98.81,100.00
98.8,100.00,98.801,99.991,98.80,100.00
98.79,100.00,98.791,99.990,98.79,100.00
98.78,100.00,98.781,99.990,98.78,100.00
98.77,100.00,98.771,99.989,98.77,100.00
98.76,100.00,98.761,99.989,98.76,100.00
98.75,100.00,98.751,99.988,98.75,100.00
98.74,100.00,98.741,99.988,98.74,100.00
98.73,100.00,98.731,99.987,98.73,100.00
98.72,100.00,98.721,99.987,98.72,100.00
98.71,100.00,98.711,99.986,98.71,100.00
98.7,100.00,98.701,99.986,98.70,100.00
98.69,100.00,98.691,99.985,98.69,100.00
98.68,100.00,98.682,99.985,98.68,100.00
98.67,100.00,98.672,99.984,98.67,100.00
98.66,100.00,98.662,99.984,98.66,100.00
98.65,100.00,98.652,99.983,98.65,100.00
98.64,100.00,98.642,99.983,98.64,100.00
98.63,100.00,98.632,99.982,98.63,100.00
98.62,100.00,98.622,99.982,98.62,100.00
98.61,100.00,98.612,99.981,98.61,100.00
98.6,100.00,98.602,99.981,98.60,100.00
98.59,100.00,98.592,99.980,98.59,100.00
98.58,100.00,98.582,99.980,98.58,100.00
98.57,100.00,98.573,99.979,98.57,99.99
98.56,100.00,98.563,99.978,98.56,99.99
98.55,100.00,98.553,99.977,98.55,99.99
98.54,100.00,98.543,99.977,98.54,99.99
98.53,100.00,98.533,99.976,98.53,99.99
98.52,100.00,98.523,99.975,98.52,99.99
98.51,100.00,98.513,99.974,98.51,99.99
98.5,100.00,98.503,99.974,98.50,99.99
98.49,100.00,98.493,99.973,98.49,99.99
98.48,100.00,98.483,99.972,98.48,99.99
98.47,100.00,98.473,99.971,98.47,99.99
98.46,100.00,98.463,99.971,98.46,99.99
98.45,99.99,98.454,99.970,98.45,99.99
98.44,99.99,98.444,99.969,98.44,99.99
98.43,99.99,98.434,99.968,98.43,99.99
98.42,99.99,98.424,99.967,98.42,99.99
98.41,99.99,98.414,99.966,98.41,99.99
98.4,99.99,98.404,99.966,98.40,99.99
98.39,99.99,98.394,99.965,98.39,99.99
98.38,99.99,98.384,99.964,98.38,99.99
98.37,99.99,98.374,99.963,98.37,99.99
98.36,99.99,98.364,99.962,98.36,99.99
98.35,99.99,98.354,99.961,98.35,99.99
98.35,99.99,98.345,99.960,98.35,99.99
98.34,99.99,98.335,99.959,98.34,99.99
98.33,99.99,98.325,99.958,98.33,99.99
98.32,99.99,98.315,99.958,98.32,99.99
98.31,99.99,98.305,99.957,98.31,99.99
98.3,99.99,98.295,99.956,98.30,99.99
98.29,99.99,98.285,99.955,98.29,99.99
98.28,99.99,98.275,99.954,98.28,99.99
98.27,99.99,98.265,99.953,98.27,99.99
98.26,99.99,98.255,99.952,98.26,99.98
98.25,99.99,98.245,99.951,98.25,99.98
98.24,99.99,98.235,99.950,98.24,99.98
98.23,99.99,98.226,99.949,98.23,99.98
98.22,99.99,98.216,99.948,98.22,99.98
98.21,99.98,98.206,99.947,98.21,99.98
98.2,99.98,98.196,99.946,98.20,99.98
98.19,99.98,98.186,99.945,98.19,99.98
98.18,99.98,98.176,99.944,98.18,99.98
98.17,99.98,98.166,99.943,98.17,99.98
98.16,99.98,98.156,99.942,98.16,99.98
98.15,99.98,98.146,99.941,98.15,99.98
98.14,99.98,98.136,99.940,98.14,99.98
98.13,99.98,98.126,99.939,98.13,99.98
98.12,99.98,98.117,99.938,98.12,99.98
98.11,99.98,98.107,99.937,98.11,99.98
98.1,99.98,98.097,99.936,98.10,99.98
98.09,99.98,98.087,99.935,98.09,99.98
98.08,99.98,98.077,99.934,98.08,99.98
98.07,99.98,98.067,99.933,98.07,99.97
98.06,99.98,98.057,99.932,98.06,99.97
98.05,99.98,98.047,99.930,98.05,99.97
98.04,99.98,98.037,99.929,98.04,99.97
98.03,99.98,98.027,99.928,98.03,99.97
98.02,99.97,98.017,99.927,98.02,99.97
98.01,99.97,98.007,99.926,98.01,99.97
98,99.97,97.998,99.925,98.00,99.97
97.99,99.97,97.988,99.924,97.99,99.97
97.98,99.97,97.978,99.923,97.98,99.97
97.97,99.97,97.968,99.922,97.97,99.97
97.96,99.97,97.958,99.921,97.96,99.97
97.95,99.97,97.948,99.920,97.95,99.97
97.94,99.97,97.938,99.919,97.94,99.96
97.93,99.97,97.928,99.918,97.93,99.96
97.92,99.97,97.918,99.917,97.92,99.96
97.91,99.97,97.908,99.915,97.91,99.96
97.9,99.97,97.898,99.914,97.90,99.96
97.89,99.97,97.889,99.913,97.89,99.96
97.88,99.97,97.879,99.912,97.88,99.96
97.87,99.96,97.869,99.911,97.87,99.96
97.86,99.96,97.859,99.910,97.86,99.96
97.85,99.96,97.849,99.909,97.85,99.96
97.84,99.96,97.839,99.907,97.84,99.96
97.83,99.96,97.829,99.906,97.83,99.96
97.82,99.96,97.819,99.905,97.82,99.96
97.81,99.96,97.809,99.904,97.81,99.95
97.8,99.96,97.799,99.903,97.80,99.95
97.79,99.96,97.789,99.902,97.79,99.95
97.78,99.96,97.779,99.900,97.78,99.95
97.77,99.96,97.770,99.899,97.77,99.95
97.76,99.96,97.760,99.898,97.76,99.95
97.75,99.96,97.750,99.897,97.75,99.95
97.74,99.95,97.740,99.896,97.74,99.95
97.73,99.95,97.730,99.894,97.73,99.95
97.72,99.95,97.720,99.893,97.72,99.95
97.71,99.95,97.710,99.892,97.71,99.95
97.7,99.95,97.700,99.891,97.70,99.94
97.69,99.95,97.690,99.890,97.69,99.94
97.68,99.95,97.680,99.889,97.68,99.94
97.67,99.95,97.670,99.887,97.67,99.94
97.66,99.95,97.661,99.886,97.66,99.94
97.65,99.95,97.651,99.885,97.65,99.94
97.64,99.95,97.641,99.884,97.64,99.94
97.63,99.95,97.631,99.883,97.63,99.94
97.62,99.94,97.621,99.881,97.62,99.94
97.61,99.94,97.611,99.880,97.61,99.94
97.6,99.94,97.601,99.879,97.60,99.93
97.59,99.94,97.591,99.878,97.59,99.93
97.58,99.94,97.581,99.877,97.58,99.93
97.57,99.94,97.571,99.875,97.57,99.93
97.56,99.94,97.561,99.874,97.56,99.93
97.55,99.94,97.551,99.873,97.55,99.93
97.54,99.94,97.542,99.871,97.54,99.93
97.53,99.94,97.532,99.870,97.53,99.93
97.52,99.94,97.522,99.869,97.52,99.93
97.51,99.93,97.512,99.868,97.51,99.93
97.5,99.93,97.502,99.866,97.50,99.92
97.49,99.93,97.492,99.865,97.49,99.92
97.48,99.93,97.482,99.864,97.48,99.92
97.47,99.93,97.472,99.862,97.47,99.92
97.46,99.93,97.462,99.861,97.46,99.92
97.45,99.93,97.452,99.860,97.45,99.92
97.44,99.93,97.442,99.858,97.44,99.92
97.43,99.93,97.433,99.857,97.43,99.92
97.42,99.93,97.423,99.856,97.42,99.92
97.41,99.93,97.413,99.855,97.41,99.91
97.4,99.92,97.403,99.853,97.40,99.91
97.39,99.92,97.393,99.852,97.39,99.91
97.38,99.92,97.383,99.850,97.38,99.91
97.37,99.92,97.373,99.849,97.37,99.91
97.36,99.92,97.363,99.848,97.36,99.91
97.35,99.92,97.353,99.847,97.35,99.91
97.34,99.92,97.343,99.845,97.34,99.91
97.33,99.92,97.333,99.844,97.33,99.91
97.32,99.92,97.323,99.842,97.32,99.90
97.31,99.91,97.314,99.841,97.31,99.90
97.3,99.91,97.304,99.840,97.30,99.90
97.29,99.91,97.294,99.838,97.29,99.90
97.28,99.91,97.284,99.837,97.28,99.90
97.27,99.91,97.274,99.835,97.27,99.90
97.26,99.91,97.264,99.834,97.26,99.90
97.25,99.91,97.254,99.833,97.25,99.90
97.24,99.91,97.244,99.831,97.24,99.90
97.23,99.91,97.234,99.830,97.23,99.89
97.22,99.90,97.224,99.828,97.22,99.89
97.21,99.90,97.214,99.827,97.21,99.89
97.21,99.90,97.205,99.826,97.21,99.89
97.2,99.90,97.195,99.824,97.20,99.89
97.19,99.90,97.185,99.823,97.19,99.89
97.18,99.90,97.175,99.821,97.18,99.89
97.17,99.90,97.165,99.820,97.17,99.89
97.16,99.90,97.155,99.819,97.16,99.88
97.15,99.90,97.145,99.817,97.15,99.88
97.14,99.90,97.135,99.816,97.14,99.88
97.13,99.89,97.125,99.814,97.13,99.88
97.12,99.89,97.115,99.813,97.12,99.88
97.11,99.89,97.105,99.811,97.11,99.88
97.1,99.89,97.095,99.810,97.10,99.88
97.09,99.89,97.086,99.809,97.09,99.88
97.08,99.89,97.076,99.807,97.08,99.87
97.07,99.89,97.066,99.805,97.07,99.87
97.06,99.89,97.056,99.804,97.06,99.87
97.05,99.88,97.046,99.802,97.05,99.87
97.04,99.88,97.036,99.801,97.04,99.87
97.03,99.88,97.026,99.799,97.03,99.87
97.02,99.88,97.016,99.798,97.02,99.87
97.01,99.88,97.006,99.796,97.01,99.87
97,99.88,96.996,99.795,97.00,99.87
96.99,99.88,96.986,99.793,96.99,99.86
96.98,99.88,96.977,99.792,96.98,99.86
96.97,99.87,96.967,99.790,96.97,99.86
96.96,99.87,96.957,99.788,96.96,99.86
96.95,99.87,96.947,99.787,96.95,99.86
96.94,99.87,96.937,99.785,96.94,99.86
96.93,99.87,96.927,99.784,96.93,99.86
96.92,99.87,96.917,99.782,96.92,99.85
96.91,99.87,96.907,99.781,96.91,99.85
96.9,99.87,96.897,99.779,96.90,99.85
96.89,99.86,96.887,99.778,96.89,99.85
96.88,99.86,96.877,99.776,96.88,99.85
96.87,99.86,96.867,99.774,96.87,99.85
96.86,99.86,96.858,99.773,96.86,99.85
96.85,99.86,96.848,99.771,96.85,99.85
96.84,99.86,96.838,99.770,96.84,99.84
96.83,99.86,96.828,99.768,96.83,99.84
96.82,99.86,96.818,99.767,96.82,99.84
96.81,99.85,96.808,99.765,96.81,99.84
96.8,99.85,96.798,99.763,96.80,99.84
96.79,99.85,96.788,99.762,96.79,99.84
96.78,99.85,96.778,99.760,96.78,99.84
96.77,99.85,96.768,99.759,96.77,99.84
96.76,99.85,96.758,99.757,96.76,99.83
96.75,99.85,96.749,99.755,96.75,99.83
96.74,99.85,96.739,99.754,96.74,99.83
96.73,99.84,96.729,99.752,96.73,99.83
96.72,99.84,96.719,99.751,96.72,99.83
96.71,99.84,96.709,99.749,96.71,99.83
96.7,99.84,96.699,99.747,96.70,99.83
96.69,99.84,96.689,99.746,96.69,99.82
96.68,99.84,96.679,99.744,96.68,99.82
96.67,99.84,96.669,99.742,96.67,99.82
96.66,99.84,96.659,99.741,96.66,99.82
96.65,99.83,96.649,99.739,96.65,99.82
96.64,99.83,96.639,99.737,96.64,99.82
96.63,99.83,96.630,99.736,96.63,99.82
96.62,99.83,96.620,99.734,96.62,99.81
96.61,99.83,96.610,99.732,96.61,99.81
96.6,99.83,96.600,99.730,96.60,99.81
96.59,99.83,96.590,99.728,96.59,99.81
96.58,99.82,96.580,99.727,96.58,99.81
96.57,99.82,96.570,99.725,96.57,99.81
96.56,99.82,96.560,99.723,96.56,99.81
96.55,99.82,96.550,99.721,96.55,99.80
96.54,99.82,96.540,99.719,96.54,99.80
96.53,99.82,96.530,99.717,96.53,99.80
96.52,99.82,96.521,99.716,96.52,99.80
96.51,99.81,96.511,99.714,96.51,99.80
96.5,99.81,96.501,99.712,96.50,99.80
96.49,99.81,96.491,99.711,96.49,99.80
96.48,99.81,96.481,99.709,96.48,99.79
96.47,99.81,96.471,99.707,96.47,99.79
96.46,99.81,96.461,99.705,96.46,99.79
96.45,99.81,96.451,99.703,96.45,99.79
96.44,99.80,96.441,99.701,96.44,99.79
96.43,99.80,96.431,99.699,96.43,99.79
96.42,99.80,96.421,99.698,96.42,99.79
96.41,99.80,96.411,99.696,96.41,99.78
96.4,99.80,96.402,99.694,96.40,99.78
96.39,99.80,96.392,99.692,96.39,99.78
96.38,99.80,96.382,99.690,96.38,99.78
96.37,99.79,96.372,99.688,96.37,99.78
96.36,99.79,96.362,99.686,96.36,99.78
96.35,99.79,96.352,99.685,96.35,99.77
96.34,99.79,96.342,99.683,96.34,99.77
96.33,99.79,96.332,99.681,96.33,99.77
96.32,99.79,96.322,99.679,96.32,99.77
96.31,99.79,96.312,99.677,96.31,99.77
96.3,99.78,96.302,99.676,96.30,99.77
96.29,99.78,96.293,99.674,96.29,99.77
96.28,99.78,96.283,99.672,96.28,99.76
96.27,99.78,96.273,99.670,96.27,99.76
96.26,99.78,96.263,99.668,96.26,99.76
96.25,99.78,96.253,99.666,96.25,99.76
96.24,99.78,96.243,99.664,96.24,99.76
96.23,99.77,96.233,99.663,96.23,99.76
96.22,99.77,96.223,99.661,96.22,99.75
96.21,99.77,96.213,99.659,96.21,99.75
96.2,99.77,96.203,99.657,96.20,99.75
96.19,99.77,96.193,99.655,96.19,99.75
96.18,99.77,96.184,99.653,96.18,99.75
96.17,99.77,96.174,99.651,96.17,99.75
96.16,99.76,96.164,99.649,96.16,99.75
96.15,99.76,96.154,99.647,96.15,99.74
96.14,99.76,96.144,99.645,96.14,99.74
96.13,99.76,96.134,99.644,96.13,99.74
96.12,99.76,96.124,99.642,96.12,99.74
96.11,99.76,96.114,99.640,96.11,99.74
96.1,99.75,96.104,99.638,96.10,99.74
96.09,99.75,96.094,99.636,96.09,99.73
96.08,99.75,96.084,99.634,96.08,99.73
96.07,99.75,96.074,99.632,96.07,99.73
96.07,99.75,96.065,99.630,96.07,99.73
96.06,99.75,96.055,99.628,96.06,99.73
96.05,99.75,96.045,99.626,96.05,99.73
96.04,99.74,96.035,99.624,96.04,99.72
96.03,99.74,96.025,99.622,96.03,99.72
96.02,99.74,96.015,99.620,96.02,99.72
96.01,99.74,96.005,99.618,96.01,99.72
96,99.74,95.995,99.616,96.00,99.72
95.99,99.74,95.985,99.614,95.99,99.72
95.98,99.73,95.975,99.613,95.98,99.71
95.97,99.73,95.965,99.611,95.97,99.71
95.96,99.73,95.956,99.609,95.96,99.71
95.95,99.73,95.946,99.607,95.95,99.71
95.94,99.73,95.936,99.605,95.94,99.71
95.93,99.73,95.926,99.603,95.93,99.70
95.92,99.73,95.916,99.601,95.92,99.70
95.91,99.72,95.906,99.599,95.91,99.70
95.9,99.72,95.896,99.597,95.90,99.70
95.89,99.72,95.886,99.595,95.89,99.70
95.88,99.72,95.876,99.593,95.88,99.70
95.87,99.72,95.866,99.592,95.87,99.69
95.86,99.72,95.856,99.590,95.86,99.69
95.85,99.71,95.846,99.588,95.85,99.69
95.84,99.71,95.837,99.586,95.84,99.69
95.83,99.71,95.827,99.584,95.83,99.69
95.82,99.71,95.817,99.581,95.82,99.69
95.81,99.71,95.807,99.579,95.81,99.68
95.8,99.71,95.797,99.577,95.80,99.68
95.79,99.71,95.787,99.575,95.79,99.68
95.78,99.70,95.777,99.574,95.78,99.68
95.77,99.70,95.767,99.572,95.77,99.68
95.76,99.70,95.757,99.570,95.76,99.67
95.75,99.70,95.747,99.568,95.75,99.67
95.74,99.70,95.737,99.566,95.74,99.67
95.73,99.70,95.728,99.564,95.73,99.67
95.72,99.69,95.718,99.562,95.72,99.67
95.71,99.69,95.708,99.560,95.71,99.66
95.7,99.69,95.698,99.558,95.70,99.66
95.69,99.69,95.688,99.556,95.69,99.66
95.68,99.69,95.678,99.554,95.68,99.66
95.67,99.69,95.668,99.552,95.67,99.66
95.66,99.68,95.658,99.550,95.66,99.66
95.65,99.68,95.648,99.548,95.65,99.65
95.64,99.68,95.638,99.546,95.64,99.65
95.63,99.68,95.628,99.544,95.63,99.65
95.62,99.68,95.618,99.542,95.62,99.65
95.61,99.68,95.609,99.540,95.61,99.65
95.6,99.67,95.599,99.537,95.60,99.64
95.59,99.67,95.589,99.535,95.59,99.64
95.58,99.67,95.579,99.533,95.58,99.64
95.57,99.67,95.569,99.532,95.57,99.64
95.56,99.67,95.559,99.529,95.56,99.64
95.55,99.67,95.549,99.527,95.55,99.63
95.54,99.66,95.539,99.525,95.54,99.63
95.53,99.66,95.529,99.523,95.53,99.63
95.52,99.66,95.519,99.521,95.52,99.63
95.51,99.66,95.509,99.519,95.51,99.63
95.5,99.66,95.500,99.517,95.50,99.63
95.49,99.66,95.490,99.514,95.49,99.62
95.48,99.65,95.480,99.512,95.48,99.62
95.47,99.65,95.470,99.510,95.47,99.62
95.46,99.65,95.460,99.508,95.46,99.62
95.45,99.65,95.450,99.507,95.45,99.62
95.44,99.65,95.440,99.504,95.44,99.61
95.43,99.65,95.430,99.502,95.43,99.61
95.42,99.64,95.420,99.500,95.42,99.61
95.41,99.64,95.410,99.498,95.41,99.61
95.4,99.64,95.400,99.496,95.40,99.61
95.39,99.64,95.390,99.494,95.39,99.60
95.38,99.64,95.381,99.492,95.38,99.60
95.37,99.64,95.371,99.490,95.37,99.60
95.36,99.63,95.361,99.488,95.36,99.60
95.35,99.63,95.351,99.485,95.35,99.60
95.34,99.63,95.341,99.483,95.34,99.60
95.33,99.63,95.331,99.481,95.33,99.59
95.32,99.63,95.321,99.479,95.32,99.59
95.31,99.63,95.311,99.477,95.31,99.59
95.3,99.62,95.301,99.475,95.30,99.59
95.29,99.62,95.291,99.473,95.29,99.59
95.28,99.62,95.281,99.470,95.28,99.58
95.27,99.62,95.272,99.468,95.27,99.58
95.26,99.62,95.262,99.466,95.26,99.58
95.25,99.62,95.252,99.464,95.25,99.58
95.24,99.61,95.242,99.462,95.24,99.58
95.23,99.61,95.232,99.460,95.23,99.57
95.22,99.61,95.222,99.457,95.22,99.57
95.21,99.61,95.212,99.455,95.21,99.57
95.2,99.61,95.202,99.453,95.20,99.57
95.19,99.60,95.192,99.451,95.19,99.57
95.18,99.60,95.182,99.448,95.18,99.56
95.17,99.60,95.172,99.446,95.17,99.56
95.16,99.60,95.162,99.444,95.16,99.56
95.15,99.60,95.153,99.442,95.15,99.56
95.14,99.60,95.143,99.440,95.14,99.56
95.13,99.59,95.133,99.437,95.13,99.55
95.12,99.59,95.123,99.435,95.12,99.55
95.11,99.59,95.113,99.433,95.11,99.55
95.1,99.59,95.103,99.431,95.10,99.55
95.09,99.59,95.093,99.429,95.09,99.55
95.08,99.59,95.083,99.427,95.08,99.54
95.07,99.58,95.073,99.424,95.07,99.54
95.06,99.58,95.063,99.422,95.06,99.54
95.05,99.58,95.053,99.420,95.05,99.54
95.04,99.58,95.044,99.418,95.04,99.54
95.03,99.58,95.034,99.415,95.03,99.54
95.02,99.58,95.024,99.413,95.02,99.53
95.01,99.57,95.014,99.410,95.01,99.53
95,99.57,95.004,99.408,95.00,99.53
94.99,99.57,94.994,99.406,94.99,99.53
94.98,99.57,94.984,99.404,94.98,99.52
94.97,99.57,94.974,99.402,94.97,99.52
94.96,99.56,94.964,99.400,94.96,99.52
94.95,99.56,94.954,99.398,94.95,99.52
94.94,99.56,94.944,99.395,94.94,99.52
94.93,99.56,94.934,99.393,94.93,99.51
94.93,99.56,94.925,99.391,94.93,99.51
94.92,99.56,94.915,99.389,94.92,99.51
94.91,99.55,94.905,99.387,94.91,99.51
94.9,99.55,94.895,99.384,94.90,99.51
94.89,99.55,94.885,99.382,94.89,99.50
94.88,99.55,94.875,99.380,94.88,99.50
94.87,99.55,94.865,99.377,94.87,99.50
94.86,99.54,94.855,99.375,94.86,99.50
94.85,99.54,94.845,99.373,94.85,99.50
94.84,99.54,94.835,99.370,94.84,99.49
94.83,99.54,94.825,99.368,94.83,99.49
94.82,99.54,94.816,99.366,94.82,99.49
94.81,99.54,94.806,99.363,94.81,99.49
94.8,99.53,94.796,99.360,94.80,99.49
94.79,99.53,94.786,99.358,94.79,99.48
94.78,99.53,94.776,99.356,94.78,99.48
94.77,99.53,94.766,99.353,94.77,99.48
94.76,99.53,94.756,99.351,94.76,99.48
94.75,99.52,94.746,99.349,94.75,99.48
94.74,99.52,94.736,99.346,94.74,99.47
94.73,99.52,94.726,99.344,94.73,99.47
94.72,99.52,94.716,99.342,94.72,99.47
94.71,99.52,94.706,99.340,94.71,99.47
94.7,99.52,94.697,99.337,94.70,99.47
94.69,99.51,94.687,99.335,94.69,99.46
94.68,99.51,94.677,99.333,94.68,99.46
94.67,99.51,94.667,99.330,94.67,99.46
94.66,99.51,94.657,99.328,94.66,99.46
94.65,99.51,94.647,99.326,94.65,99.45
94.64,99.51,94.637,99.324,94.64,99.45
94.63,99.50,94.627,99.321,94.63,99.45
94.62,99.50,94.617,99.319,94.62,99.45
94.61,99.50,94.607,99.317,94.61,99.45
94.6,99.50,94.597,99.314,94.60,99.44
94.59,99.50,94.588,99.312,94.59,99.44
94.58,99.49,94.578,99.310,94.58,99.44
94.57,99.49,94.568,99.307,94.57,99.44
94.56,99.49,94.558,99.305,94.56,99.44
94.55,99.49,94.548,99.303,94.55,99.43
94.54,99.49,94.538,99.300,94.54,99.43
94.53,99.49,94.528,99.298,94.53,99.43
94.52,99.48,94.518,99.296,94.52,99.43
94.51,99.48,94.508,99.293,94.51,99.42
94.5,99.48,94.498,99.291,94.50,99.42
94.49,99.48,94.488,99.288,94.49,99.42
94.48,99.48,94.478,99.286,94.48,99.42
94.47,99.47,94.469,99.284,94.47,99.42
94.46,99.47,94.459,99.281,94.46,99.41
94.45,99.47,94.449,99.279,94.45,99.41
94.44,99.47,94.439,99.276,94.44,99.41
94.43,99.47,94.429,99.274,94.43,99.41
94.42,99.46,94.419,99.271,94.42,99.40
94.41,99.46,94.409,99.269,94.41,99.40
94.4,99.46,94.399,99.267,94.40,99.40
94.39,99.46,94.389,99.264,94.39,99.40
94.38,99.46,94.379,99.262,94.38,99.40
94.37,99.46,94.369,99.260,94.37,99.39
94.36,99.45,94.360,99.258,94.36,99.39
94.35,99.45,94.350,99.255,94.35,99.39
94.34,99.45,94.340,99.253,94.34,99.39
94.33,99.45,94.330,99.250,94.33,99.38
94.32,99.45,94.320,99.248,94.32,99.38
94.31,99.44,94.310,99.246,94.31,99.38
94.3,99.44,94.300,99.243,94.30,99.38
94.29,99.44,94.290,99.241,94.29,99.38
94.28,99.44,94.280,99.238,94.28,99.37
94.27,99.44,94.270,99.236,94.27,99.37
94.26,99.43,94.260,99.233,94.26,99.37
94.25,99.43,94.250,99.231,94.25,99.37
94.24,99.43,94.241,99.228,94.24,99.37
94.23,99.43,94.231,99.226,94.23,99.36
94.22,99.42,94.221,99.224,94.22,99.36
94.21,99.42,94.211,99.222,94.21,99.36
94.2,99.42,94.201,99.220,94.20,99.36
94.19,99.42,94.191,99.217,94.19,99.35
94.18,99.42,94.181,99.215,94.18,99.35
94.17,99.41,94.171,99.212,94.17,99.35
94.16,99.41,94.161,99.209,94.16,99.35
94.15,99.41,94.151,99.207,94.15,99.34
94.14,99.41,94.141,99.204,94.14,99.34
94.13,99.41,94.132,99.202,94.13,99.34
94.12,99.40,94.122,99.200,94.12,99.34
94.11,99.40,94.112,99.197,94.11,99.34
94.1,99.40,94.102,99.195,94.10,99.33
94.09,99.40,94.092,99.192,94.09,99.33
94.08,99.40,94.082,99.190,94.08,99.33
94.07,99.39,94.072,99.187,94.07,99.33
94.06,99.39,94.062,99.185,94.06,99.32
94.05,99.39,94.052,99.182,94.05,99.32
94.04,99.39,94.042,99.180,94.04,99.32
94.03,99.39,94.032,99.177,94.03,99.32
94.02,99.38,94.022,99.175,94.02,99.31
94.01,99.38,94.013,99.172,94.01,99.31
94,99.38,94.003,99.170,94.00,99.31
93.99,99.38,93.993,99.168,93.99,99.31
93.98,99.37,93.983,99.165,93.98,99.31
93.97,99.37,93.973,99.163,93.97,99.30
93.96,99.37,93.963,99.160,93.96,99.30
93.95,99.37,93.953,99.158,93.95,99.30
93.94,99.37,93.943,99.155,93.94,99.30
93.93,99.36,93.933,99.153,93.93,99.29
93.92,99.36,93.923,99.150,93.92,99.29
93.91,99.36,93.913,99.148,93.91,99.29
93.9,99.36,93.904,99.146,93.90,99.29
93.89,99.36,93.894,99.143,93.89,99.28
93.88,99.35,93.884,99.141,93.88,99.28
93.87,99.35,93.874,99.138,93.87,99.28
93.86,99.35,93.864,99.136,93.86,99.28
93.85,99.35,93.854,99.133,93.85,99.28
93.84,99.35,93.844,99.130,93.84,99.27
93.83,99.34,93.834,99.128,93.83,99.27
93.82,99.34,93.824,99.126,93.82,99.27
93.81,99.34,93.814,99.123,93.81,99.27
93.8,99.34,93.804,99.121,93.80,99.26
93.79,99.33,93.794,99.118,93.79,99.26
93.79,99.33,93.785,99.116,93.79,99.26
93.78,99.33,93.775,99.113,93.78,99.26
93.77,99.33,93.765,99.110,93.77,99.25
93.76,99.33,93.755,99.108,93.76,99.25
93.75,99.32,93.745,99.105,93.75,99.25
93.74,99.32,93.735,99.103,93.74,99.25
93.73,99.32,93.725,99.101,93.73,99.24
93.72,99.32,93.715,99.098,93.72,99.24
93.71,99.32,93.705,99.095,93.71,99.24
93.7,99.31,93.695,99.093,93.70,99.24
93.69,99.31,93.685,99.090,93.69,99.24
93.68,99.31,93.676,99.088,93.68,99.23
93.67,99.31,93.666,99.085,93.67,99.23
93.66,99.30,93.656,99.083,93.66,99.23
93.65,99.30,93.646,99.080,93.65,99.23
93.64,99.30,93.636,99.078,93.64,99.22
93.63,99.30,93.626,99.075,93.63,99.22
93.62,99.30,93.616,99.073,93.62,99.22
93.61,99.29,93.606,99.070,93.61,99.22
93.6,99.29,93.596,99.068,93.60,99.21
93.59,99.29,93.586,99.065,93.59,99.21
93.58,99.29,93.576,99.063,93.58,99.21
93.57,99.28,93.566,99.060,93.57,99.21
93.56,99.28,93.557,99.057,93.56,99.21
93.55,99.28,93.547,99.055,93.55,99.20
93.54,99.28,93.537,99.052,93.54,99.20
93.53,99.28,93.527,99.050,93.53,99.20
93.52,99.27,93.517,99.047,93.52,99.20
93.51,99.27,93.507,99.045,93.51,99.19
93.5,99.27,93.497,99.042,93.50,99.19
93.49,99.27,93.487,99.039,93.49,99.19
93.48,99.26,93.477,99.036,93.48,99.19
93.47,99.26,93.467,99.034,93.47,99.18
93.46,99.26,93.457,99.031,93.46,99.18
93.45,99.26,93.448,99.029,93.45,99.18
93.44,99.26,93.438,99.026,93.44,99.18
93.43,99.25,93.428,99.024,93.43,99.17
93.42,99.25,93.418,99.021,93.42,99.17
93.41,99.25,93.408,99.019,93.41,99.17
93.4,99.25,93.398,99.016,93.40,99.17
93.39,99.25,93.388,99.013,93.39,99.16
93.38,99.24,93.378,99.011,93.38,99.16
93.37,99.24,93.368,99.008,93.37,99.16
93.36,99.24,93.358,99.006,93.36,99.16
93.35,99.24,93.348,99.003,93.35,99.16
93.34,99.23,93.338,99.001,93.34,99.15
93.33,99.23,93.329,98.998,93.33,99.15
93.32,99.23,93.319,98.996,93.32,99.15
93.31,99.23,93.309,98.993,93.31,99.15
93.3,99.22,93.299,98.990,93.30,99.14
93.29,99.22,93.289,98.988,93.29,99.14
93.28,99.22,93.279,98.985,93.28,99.14
93.27,99.22,93.269,98.982,93.27,99.14
93.26,99.22,93.259,98.980,93.26,99.13
93.25,99.21,93.249,98.977,93.25,99.13
93.24,99.21,93.239,98.974,93.24,99.13
93.23,99.21,93.229,98.971,93.23,99.13
93.22,99.21,93.220,98.969,93.22,99.12
93.21,99.20,93.210,98.966,93.21,99.12
93.2,99.20,93.200,98.964,93.20,99.12
93.19,99.20,93.190,98.961,93.19,99.12
93.18,99.20,93.180,98.959,93.18,99.11
93.17,99.20,93.170,98.956,93.17,99.11
93.16,99.19,93.160,98.953,93.16,99.11
93.15,99.19,93.150,98.950,93.15,99.11
93.14,99.19,93.140,98.948,93.14,99.10
93.13,99.19,93.130,98.946,93.13,99.10
93.12,99.18,93.120,98.943,93.12,99.10
93.11,99.18,93.110,98.940,93.11,99.10
93.1,99.18,93.101,98.938,93.10,99.09
93.09,99.18,93.091,98.935,93.09,99.09
93.08,99.18,93.081,98.933,93.08,99.09
93.07,99.17,93.071,98.930,93.07,99.09
93.06,99.17,93.061,98.927,93.06,99.08
93.05,99.17,93.051,98.925,93.05,99.08
93.04,99.17,93.041,98.922,93.04,99.08
93.03,99.16,93.031,98.919,93.03,99.08
93.02,99.16,93.021,98.917,93.02,99.08
93.01,99.16,93.011,98.914,93.01,99.07
93,99.16,93.001,98.912,93.00,99.07
92.99,99.15,92.992,98.909,92.99,99.07
92.98,99.15,92.982,98.906,92.98,99.06
92.97,99.15,92.972,98.903,92.97,99.06
92.96,99.15,92.962,98.901,92.96,99.06
92.95,99.15,92.952,98.898,92.95,99.06
92.94,99.14,92.942,98.896,92.94,99.05
92.93,99.14,92.932,98.893,92.93,99.05
92.92,99.14,92.922,98.891,92.92,99.05
92.91,99.14,92.912,98.888,92.91,99.05
92.9,99.13,92.902,98.885,92.90,99.04
92.89,99.13,92.892,98.883,92.89,99.04
92.88,99.13,92.882,98.880,92.88,99.04
92.87,99.13,92.873,98.877,92.87,99.04
92.86,99.12,92.863,98.875,92.86,99.04
92.85,99.12,92.853,98.872,92.85,99.03
92.84,99.12,92.843,98.869,92.84,99.03
92.83,99.12,92.833,98.867,92.83,99.03
92.82,99.11,92.823,98.864,92.82,99.03
92.81,99.11,92.813,98.861,92.81,99.02
92.8,99.11,92.803,98.858,92.80,99.02
92.79,99.11,92.793,98.856,92.79,99.02
92.78,99.10,92.783,98.853,92.78,99.02
92.77,99.10,92.773,98.850,92.77,99.01
92.76,99.10,92.764,98.847,92.76,99.01
92.75,99.10,92.754,98.844,92.75,99.01
92.74,99.10,92.744,98.842,92.74,99.01
92.73,99.09,92.734,98.839,92.73,99.00
92.72,99.09,92.724,98.836,92.72,99.00
92.71,99.09,92.714,98.834,92.71,99.00
92.7,99.09,92.704,98.831,92.70,99.00
92.69,99.08,92.694,98.829,92.69,98.99
92.68,99.08,92.684,98.826,92.68,98.99
92.67,99.08,92.674,98.823,92.67,98.99
92.66,99.08,92.664,98.820,92.66,98.99
92.65,99.07,92.654,98.818,92.65,98.98
92.65,99.07,92.645,98.815,92.65,98.98
92.64,99.07,92.635,98.813,92.64,98.98
92.63,99.07,92.625,98.810,92.63,98.97
92.62,99.06,92.615,98.807,92.62,98.97
92.61,99.06,92.605,98.805,92.61,98.97
92.6,99.06,92.595,98.802,92.60,98.97
92.59,99.06,92.585,98.799,92.59,98.96
92.58,99.05,92.575,98.796,92.58,98.96
92.57,99.05,92.565,98.793,92.57,98.96
92.56,99.05,92.555,98.790,92.56,98.96
92.55,99.05,92.545,98.787,92.55,98.95
92.54,99.04,92.536,98.785,92.54,98.95
92.53,99.04,92.526,98.782,92.53,98.95
92.52,99.04,92.516,98.780,92.52,98.95
92.51,99.04,92.506,98.777,92.51,98.94
92.5,99.03,92.496,98.774,92.50,98.94
92.49,99.03,92.486,98.771,92.49,98.94
92.48,99.03,92.476,98.768,92.48,98.94
92.47,99.03,92.466,98.765,92.47,98.93
92.46,99.02,92.456,98.763,92.46,98.93
92.45,99.02,92.446,98.760,92.45,98.93
92.44,99.02,92.436,98.758,92.44,98.93
92.43,99.02,92.426,98.754,92.43,98.92
92.42,99.01,92.417,98.752,92.42,98.92
92.41,99.01,92.407,98.749,92.41,98.92
92.4,99.01,92.397,98.747,92.40,98.92
92.39,99.01,92.387,98.744,92.39,98.91
92.38,99.00,92.377,98.741,92.38,98.91
92.37,99.00,92.367,98.738,92.37,98.91
92.36,99.00,92.357,98.736,92.36,98.91
92.35,99.00,92.347,98.733,92.35,98.90
92.34,98.99,92.337,98.730,92.34,98.90
92.33,98.99,92.327,98.727,92.33,98.90
92.32,98.99,92.317,98.724,92.32,98.89
92.31,98.99,92.308,98.722,92.31,98.89
92.3,98.98,92.298,98.719,92.30,98.89
92.29,98.98,92.288,98.716,92.29,98.89
92.28,98.98,92.278,98.713,92.28,98.88
92.27,98.98,92.268,98.711,92.27,98.88
92.26,98.97,92.258,98.708,92.26,98.88
92.25,98.97,92.248,98.705,92.25,98.88
92.24,98.97,92.238,98.702,92.24,98.87
92.23,98.97,92.228,98.700,92.23,98.87
92.22,98.96,92.218,98.697,92.22,98.87
92.21,98.96,92.208,98.694,92.21,98.87
92.2,98.96,92.198,98.692,92.20,98.86
92.19,98.95,92.189,98.689,92.19,98.86
92.18,98.95,92.179,98.687,92.18,98.86
92.17,98.95,92.169,98.684,92.17,98.86
92.16,98.95,92.159,98.681,92.16,98.85
92.15,98.94,92.149,98.678,92.15,98.85
92.14,98.94,92.139,98.675,92.14,98.85
92.13,98.94,92.129,98.672,92.13,98.85
92.12,98.94,92.119,98.670,92.12,98.84
92.11,98.93,92.109,98.667,92.11,98.84
92.1,98.93,92.099,98.664,92.10,98.84
92.09,98.93,92.089,98.661,92.09,98.84
92.08,98.93,92.080,98.659,92.08,98.83
92.07,98.92,92.070,98.656,92.07,98.83
92.06,98.92,92.060,98.654,92.06,98.83
92.05,98.92,92.050,98.651,92.05,98.82
92.04,98.92,92.040,98.648,92.04,98.82
92.03,98.91,92.030,98.645,92.03,98.82
92.02,98.91,92.020,98.642,92.02,98.82
92.01,98.91,92.010,98.639,92.01,98.81
92,98.91,92.000,98.636,92.00,98.81
91.99,98.90,91.990,98.633,91.99,98.81
91.98,98.90,91.980,98.631,91.98,98.81
91.97,98.90,91.970,98.628,91.97,98.80
91.96,98.90,91.961,98.626,91.96,98.80
91.95,98.89,91.951,98.624,91.95,98.80
91.94,98.89,91.941,98.621,91.94,98.80
91.93,98.89,91.931,98.618,91.93,98.79
91.92,98.89,91.921,98.615,91.92,98.79
91.91,98.88,91.911,98.612,91.91,98.79
91.9,98.88,91.901,98.610,91.90,98.78
91.89,98.88,91.891,98.607,91.89,98.78
91.88,98.88,91.881,98.604,91.88,98.78
91.87,98.87,91.871,98.601,91.87,98.78
91.86,98.87,91.861,98.598,91.86,98.77
91.85,98.87,91.852,98.596,91.85,98.77
91.84,98.87,91.842,98.593,91.84,98.77
91.83,98.86,91.832,98.589,91.83,98.77
91.82,98.86,91.822,98.586,91.82,98.76
91.81,98.86,91.812,98.584,91.81,98.76
91.8,98.85,91.802,98.581,91.80,98.76
91.79,98.85,91.792,98.578,91.79,98.76
91.78,98.85,91.782,98.575,91.78,98.75
91.77,98.85,91.772,98.573,91.77,98.75
91.76,98.84,91.762,98.569,91.76,98.75
91.75,98.84,91.752,98.567,91.75,98.74
91.74,98.84,91.742,98.564,91.74,98.74
91.73,98.84,91.733,98.562,91.73,98.74
91.72,98.83,91.723,98.559,91.72,98.74
91.71,98.83,91.713,98.556,91.71,98.73
91.7,98.83,91.703,98.554,91.70,98.73
91.69,98.83,91.693,98.551,91.69,98.73
91.68,98.82,91.683,98.548,91.68,98.73
91.67,98.82,91.673,98.545,91.67,98.72
91.66,98.82,91.663,98.542,91.66,98.72
91.65,98.82,91.653,98.540,91.65,98.72
91.64,98.81,91.643,98.537,91.64,98.71
91.63,98.81,91.633,98.534,91.63,98.71
91.62,98.81,91.624,98.531,91.62,98.71
91.61,98.80,91.614,98.528,91.61,98.71
91.6,98.80,91.604,98.525,91.60,98.70
91.59,98.80,91.594,98.522,91.59,98.70
91.58,98.80,91.584,98.520,91.58,98.70
91.57,98.79,91.574,98.517,91.57,98.70
91.56,98.79,91.564,98.514,91.56,98.69
91.55,98.79,91.554,98.511,91.55,98.69
91.54,98.79,91.544,98.508,91.54,98.69
91.53,98.78,91.534,98.505,91.53,98.68
91.52,98.78,91.524,98.503,91.52,98.68
91.51,98.78,91.514,98.500,91.51,98.68
91.51,98.77,91.505,98.497,91.51,98.68
91.5,98.77,91.495,98.494,91.50,98.67
91.49,98.77,91.485,98.491,91.49,98.67
91.48,98.77,91.475,98.488,91.48,98.67
91.47,98.76,91.465,98.485,91.47,98.67
91.46,98.76,91.455,98.483,91.46,98.66
91.45,98.76,91.445,98.480,91.45,98.66
91.44,98.75,91.435,98.476,91.44,98.66
91.43,98.75,91.425,98.474,91.43,98.65
91.42,98.75,91.415,98.471,91.42,98.65
91.41,98.75,91.405,98.468,91.41,98.65
91.4,98.74,91.396,98.465,91.40,98.65
91.39,98.74,91.386,98.463,91.39,98.64
91.38,98.74,91.376,98.459,91.38,98.64
91.37,98.74,91.366,98.457,91.37,98.64
91.36,98.73,91.356,98.454,91.36,98.64
91.35,98.73,91.346,98.451,91.35,98.63
91.34,98.73,91.336,98.448,91.34,98.63
91.33,98.72,91.326,98.445,91.33,98.63
91.32,98.72,91.316,98.443,91.32,98.63
91.31,98.72,91.306,98.440,91.31,98.62
91.3,98.72,91.296,98.437,91.30,98.62
91.29,98.71,91.286,98.434,91.29,98.62
91.28,98.71,91.277,98.431,91.28,98.62
91.27,98.71,91.267,98.428,91.27,98.61
91.26,98.70,91.257,98.426,91.26,98.61
91.25,98.70,91.247,98.423,91.25,98.61
91.24,98.70,91.237,98.420,91.24,98.60
91.23,98.70,91.227,98.417,91.23,98.60
91.22,98.69,91.217,98.415,91.22,98.60
91.21,98.69,91.207,98.412,91.21,98.60
91.2,98.69,91.197,98.409,91.20,98.59
91.19,98.68,91.187,98.406,91.19,98.59
91.18,98.68,91.177,98.403,91.18,98.59
91.17,98.68,91.168,98.400,91.17,98.59
91.16,98.68,91.158,98.397,91.16,98.58
91.15,98.67,91.148,98.394,91.15,98.58
91.14,98.67,91.138,98.391,91.14,98.58
91.13,98.67,91.128,98.388,91.13,98.57
91.12,98.66,91.118,98.385,91.12,98.57
91.11,98.66,91.108,98.383,91.11,98.57
91.1,98.66,91.098,98.380,91.10,98.57
91.09,98.66,91.088,98.377,91.09,98.56
91.08,98.65,91.078,98.374,91.08,98.56
91.07,98.65,91.068,98.371,91.07,98.56
91.06,98.65,91.058,98.368,91.06,98.55
91.05,98.64,91.049,98.365,91.05,98.55
91.04,98.64,91.039,98.362,91.04,98.55
91.03,98.64,91.029,98.360,91.03,98.55
91.02,98.64,91.019,98.357,91.02,98.54
91.01,98.63,91.009,98.353,91.01,98.54
91,98.63,90.999,98.351,91.00,98.54
90.99,98.63,90.989,98.348,90.99,98.54
90.98,98.62,90.979,98.345,90.98,98.53
90.97,98.62,90.969,98.342,90.97,98.53
90.96,98.62,90.959,98.339,90.96,98.53
90.95,98.62,90.949,98.337,90.95,98.52
90.94,98.61,90.940,98.334,90.94,98.52
90.93,98.61,90.930,98.331,90.93,98.52
90.92,98.61,90.920,98.328,90.92,98.52
90.91,98.60,90.910,98.325,90.91,98.51
90.9,98.60,90.900,98.323,90.90,98.51
90.89,98.60,90.890,98.320,90.89,98.51
90.88,98.60,90.880,98.317,90.88,98.51
90.87,98.59,90.870,98.314,90.87,98.50
90.86,98.59,90.860,98.311,90.86,98.50
90.85,98.59,90.850,98.308,90.85,98.50
90.84,98.58,90.840,98.305,90.84,98.49
90.83,98.58,90.830,98.303,90.83,98.49
90.82,98.58,90.821,98.300,90.82,98.49
90.81,98.58,90.811,98.298,90.81,98.49
90.8,98.57,90.801,98.295,90.80,98.48
90.79,98.57,90.791,98.292,90.79,98.48
90.78,98.57,90.781,98.289,90.78,98.48
90.77,98.56,90.771,98.286,90.77,98.48
90.76,98.56,90.761,98.284,90.76,98.47
90.75,98.56,90.751,98.281,90.75,98.47
90.74,98.56,90.741,98.278,90.74,98.47
90.73,98.55,90.731,98.275,90.73,98.46
90.72,98.55,90.721,98.272,90.72,98.46
90.71,98.55,90.712,98.270,90.71,98.46
90.7,98.54,90.702,98.267,90.70,98.46
90.69,98.54,90.692,98.264,90.69,98.45
90.68,98.54,90.682,98.261,90.68,98.45
90.67,98.53,90.672,98.258,90.67,98.45
90.66,98.53,90.662,98.255,90.66,98.45
90.65,98.53,90.652,98.252,90.65,98.44
90.64,98.52,90.642,98.250,90.64,98.44
90.63,98.52,90.632,98.247,90.63,98.44
90.62,98.52,90.622,98.244,90.62,98.43
90.61,98.52,90.612,98.241,90.61,98.43
90.6,98.51,90.602,98.238,90.60,98.43
90.59,98.51,90.593,98.235,90.59,98.43
90.58,98.51,90.583,98.232,90.58,98.42
90.57,98.50,90.573,98.229,90.57,98.42
90.56,98.50,90.563,98.226,90.56,98.42
90.55,98.50,90.553,98.224,90.55,98.41
90.54,98.49,90.543,98.221,90.54,98.41
90.53,98.49,90.533,98.218,90.53,98.41
90.52,98.49,90.523,98.215,90.52,98.41
90.51,98.48,90.513,98.212,90.51,98.40
90.5,98.48,90.503,98.209,90.50,98.40
90.49,98.48,90.493,98.206,90.49,98.40
90.48,98.48,90.484,98.203,90.48,98.39
90.47,98.47,90.474,98.200,90.47,98.39
90.46,98.47,90.464,98.197,90.46,98.39
90.45,98.47,90.454,98.194,90.45,98.39
90.44,98.46,90.444,98.192,90.44,98.38
90.43,98.46,90.434,98.189,90.43,98.38
90.42,98.46,90.424,98.186,90.42,98.38
90.41,98.45,90.414,98.184,90.41,98.37
90.4,98.45,90.404,98.181,90.40,98.37
90.39,98.45,90.394,98.178,90.39,98.37
90.38,98.44,90.384,98.175,90.38,98.37
90.37,98.44,90.374,98.172,90.37,98.36
90.37,98.44,90.365,98.169,90.37,98.36
90.36,98.43,90.355,98.166,90.36,98.36
90.35,98.43,90.345,98.163,90.35,98.36
90.34,98.43,90.335,98.160,90.34,98.35
90.33,98.42,90.325,98.157,90.33,98.35
90.32,98.42,90.315,98.155,90.32,98.35
90.31,98.42,90.305,98.152,90.31,98.34
90.3,98.42,90.295,98.150,90.30,98.34
90.29,98.41,90.285,98.147,90.29,98.34
90.28,98.41,90.275,98.144,90.28,98.34
90.27,98.41,90.265,98.142,90.27,98.33
90.26,98.40,90.256,98.140,90.26,98.33
90.25,98.40,90.246,98.137,90.25,98.33
90.24,98.40,90.236,98.134,90.24,98.32
90.23,98.39,90.226,98.130,90.23,98.32
90.22,98.39,90.216,98.128,90.22,98.32
90.21,98.39,90.206,98.125,90.21,98.32
90.2,98.38,90.196,98.122,90.20,98.31
90.19,98.38,90.186,98.119,90.19,98.31
90.18,98.38,90.176,98.117,90.18,98.31
90.17,98.37,90.166,98.114,90.17,98.30
90.16,98.37,90.156,98.111,90.16,98.30
90.15,98.37,90.146,98.108,90.15,98.30
90.14,98.37,90.137,98.105,90.14,98.30
90.13,98.36,90.127,98.102,90.13,98.29
90.12,98.36,90.117,98.100,90.12,98.29
90.11,98.36,90.107,98.097,90.11,98.29
90.1,98.35,90.097,98.095,90.10,98.28
90.09,98.35,90.087,98.092,90.09,98.28
90.08,98.35,90.077,98.089,90.08,98.28
90.07,98.34,90.067,98.086,90.07,98.28
90.06,98.34,90.057,98.083,90.06,98.27
90.05,98.34,90.047,98.080,90.05,98.27
90.04,98.33,90.037,98.077,90.04,98.27
90.03,98.33,90.028,98.074,90.03,98.26
90.02,98.33,90.018,98.071,90.02,98.26
90.01,98.32,90.008,98.068,90.01,98.26
90,98.32,89.998,98.065,90.00,98.26
89.99,98.32,89.988,98.062,89.99,98.25
89.98,98.31,89.978,98.059,89.98,98.25
89.97,98.31,89.968,98.056,89.97,98.25
89.96,98.31,89.958,98.054,89.96,98.24
89.95,98.30,89.948,98.051,89.95,98.24
89.94,98.30,89.938,98.048,89.94,98.24
89.93,98.30,89.928,98.045,89.93,98.24
89.92,98.29,89.918,98.042,89.92,98.23
89.91,98.29,89.909,98.039,89.91,98.23
89.9,98.29,89.899,98.036,89.90,98.23
89.89,98.28,89.889,98.033,89.89,98.22
89.88,98.28,89.879,98.030,89.88,98.22
89.87,98.28,89.869,98.027,89.87,98.22
89.86,98.27,89.859,98.025,89.86,98.22
89.85,98.27,89.849,98.022,89.85,98.21
89.84,98.27,89.839,98.019,89.84,98.21
89.83,98.26,89.829,98.016,89.83,98.21
89.82,98.26,89.819,98.013,89.82,98.21
89.81,98.26,89.809,98.010,89.81,98.20
89.8,98.25,89.800,98.008,89.80,98.20
89.79,98.25,89.790,98.005,89.79,98.20
89.78,98.25,89.780,98.002,89.78,98.20
89.77,98.24,89.770,97.999,89.77,98.19
89.76,98.24,89.760,97.996,89.76,98.19
89.75,98.24,89.750,97.993,89.75,98.19
89.74,98.23,89.740,97.990,89.74,98.18
89.73,98.23,89.730,97.988,89.73,98.18
89.72,98.23,89.720,97.985,89.72,98.18
89.71,98.22,89.710,97.982,89.71,98.18
89.7,98.22,89.700,97.979,89.70,98.17
89.69,98.22,89.690,97.976,89.69,98.17
89.68,98.21,89.681,97.973,89.68,98.17
89.67,98.21,89.671,97.970,89.67,98.16
89.66,98.21,89.661,97.968,89.66,98.16
89.65,98.20,89.651,97.965,89.65,98.16
89.64,98.20,89.641,97.962,89.64,98.16
89.63,98.20,89.631,97.959,89.63,98.15
89.62,98.19,89.621,97.956,89.62,98.15
89.61,98.19,89.611,97.953,89.61,98.15
89.6,98.19,89.601,97.950,89.60,98.14
89.59,98.18,89.591,97.947,89.59,98.14
89.58,98.18,89.581,97.944,89.58,98.14
89.57,98.18,89.572,97.941,89.57,98.14
89.56,98.17,89.562,97.938,89.56,98.13
89.55,98.17,89.552,97.935,89.55,98.13
89.54,98.17,89.542,97.932,89.54,98.13
89.53,98.16,89.532,97.929,89.53,98.12
89.52,98.16,89.522,97.927,89.52,98.12
89.51,98.16,89.512,97.923,89.51,98.12
89.5,98.15,89.502,97.921,89.50,98.12
89.49,98.15,89.492,97.918,89.49,98.11
89.48,98.15,89.482,97.915,89.48,98.11
89.47,98.14,89.472,97.912,89.47,98.11
89.46,98.14,89.462,97.909,89.46,98.10
89.45,98.13,89.453,97.906,89.45,98.10
89.44,98.13,89.443,97.903,89.44,98.10
89.43,98.13,89.433,97.900,89.43,98.10
89.42,98.12,89.423,97.897,89.42,98.09
89.41,98.12,89.413,97.895,89.41,98.09
89.4,98.12,89.403,97.892,89.40,98.09
89.39,98.11,89.393,97.889,89.39,98.09
89.38,98.11,89.383,97.886,89.38,98.08
89.37,98.11,89.373,97.883,89.37,98.08
89.36,98.11,89.363,97.880,89.36,98.08
89.35,98.10,89.353,97.877,89.35,98.07
89.34,98.10,89.344,97.875,89.34,98.07
89.33,98.10,89.334,97.872,89.33,98.07
89.32,98.09,89.324,97.869,89.32,98.07
89.31,98.09,89.314,97.866,89.31,98.06
89.3,98.09,89.304,97.863,89.30,98.06
89.29,98.08,89.294,97.860,89.29,98.06
89.28,98.08,89.284,97.856,89.28,98.05
89.27,98.08,89.274,97.853,89.27,98.05
89.26,98.07,89.264,97.850,89.26,98.05
89.25,98.07,89.254,97.847,89.25,98.05
89.24,98.07,89.244,97.844,89.24,98.04
89.23,98.06,89.234,97.841,89.23,98.04
89.23,98.06,89.225,97.837,89.23,98.04
89.22,98.06,89.215,97.834,89.22,98.03
89.21,98.05,89.205,97.832,89.21,98.03
89.2,98.05,89.195,97.829,89.20,98.03
89.19,98.05,89.185,97.826,89.19,98.03
89.18,98.04,89.175,97.823,89.18,98.02
89.17,98.04,89.165,97.820,89.17,98.02
89.16,98.04,89.155,97.817,89.16,98.02
89.15,98.03,89.145,97.814,89.15,98.02
89.14,98.03,89.135,97.810,89.14,98.01
89.13,98.03,89.125,97.807,89.13,98.01
89.12,98.02,89.116,97.804,89.12,98.01
89.11,98.02,89.106,97.802,89.11,98.00
89.1,98.02,89.096,97.798,89.10,98.00
89.09,98.01,89.086,97.794,89.09,98.00
89.08,98.01,89.076,97.791,89.08,98.00
89.07,98.01,89.066,97.788,89.07,97.99
89.06,98.00,89.056,97.786,89.06,97.99
89.05,98.00,89.046,97.782,89.05,97.99
89.04,98.00,89.036,97.779,89.04,97.98
89.03,97.99,89.026,97.777,89.03,97.98
89.02,97.99,89.016,97.774,89.02,97.98
89.01,97.99,89.006,97.771,89.01,97.98
89,97.98,88.997,97.768,89.00,97.97
88.99,97.98,88.987,97.765,88.99,97.97
88.98,97.98,88.977,97.762,88.98,97.97
88.97,97.97,88.967,97.760,88.97,97.97
88.96,97.97,88.957,97.757,88.96,97.96
88.95,97.97,88.947,97.754,88.95,97.96
88.94,97.96,88.937,97.751,88.94,97.96
88.93,97.96,88.927,97.748,88.93,97.95
88.92,97.96,88.917,97.745,88.92,97.95
88.91,97.95,88.907,97.742,88.91,97.95
88.9,97.95,88.897,97.739,88.90,97.94
88.89,97.95,88.888,97.736,88.89,97.94
88.88,97.94,88.878,97.733,88.88,97.94
88.87,97.94,88.868,97.730,88.87,97.94
88.86,97.94,88.858,97.727,88.86,97.93
88.85,97.93,88.848,97.724,88.85,97.93
88.84,97.93,88.838,97.721,88.84,97.93
88.83,97.93,88.828,97.718,88.83,97.93
88.82,97.92,88.818,97.716,88.82,97.92
88.81,97.92,88.808,97.713,88.81,97.92
88.8,97.92,88.798,97.709,88.80,97.92
88.79,97.91,88.788,97.706,88.79,97.91
88.78,97.91,88.778,97.703,88.78,97.91
88.77,97.90,88.769,97.700,88.77,97.91
88.76,97.90,88.759,97.697,88.76,97.91
88.75,97.90,88.749,97.694,88.75,97.90
88.74,97.89,88.739,97.691,88.74,97.90
88.73,97.89,88.729,97.688,88.73,97.90
88.72,97.89,88.719,97.685,88.72,97.89
88.71,97.88,88.709,97.682,88.71,97.89
88.7,97.88,88.699,97.679,88.70,97.89
88.69,97.87,88.689,97.676,88.69,97.89
88.68,97.87,88.679,97.673,88.68,97.88
88.67,97.87,88.669,97.669,88.67,97.88
88.66,97.86,88.660,97.666,88.66,97.88
88.65,97.86,88.650,97.663,88.65,97.87
88.64,97.86,88.640,97.660,88.64,97.87
88.63,97.85,88.630,97.657,88.63,97.87
88.62,97.85,88.620,97.655,88.62,97.87
88.61,97.85,88.610,97.652,88.61,97.86
88.6,97.84,88.600,97.649,88.60,97.86
88.59,97.84,88.590,97.646,88.59,97.86
88.58,97.84,88.580,97.643,88.58,97.85
88.57,97.83,88.570,97.640,88.57,97.85
88.56,97.83,88.560,97.637,88.56,97.85
88.55,97.83,88.551,97.634,88.55,97.85
88.54,97.82,88.541,97.631,88.54,97.84
88.53,97.82,88.531,97.629,88.53,97.84
88.52,97.82,88.521,97.626,88.52,97.84
88.51,97.81,88.511,97.622,88.51,97.83
88.5,97.81,88.501,97.620,88.50,97.83
88.49,97.80,88.491,97.617,88.49,97.83
88.48,97.80,88.481,97.614,88.48,97.83
88.47,97.80,88.471,97.611,88.47,97.82
88.46,97.79,88.461,97.608,88.46,97.82
88.45,97.79,88.451,97.606,88.45,97.82
88.44,97.79,88.441,97.603,88.44,97.81
88.43,97.78,88.432,97.600,88.43,97.81
88.42,97.78,88.422,97.597,88.42,97.81
88.41,97.78,88.412,97.594,88.41,97.81
88.4,97.77,88.402,97.590,88.40,97.80
88.39,97.77,88.392,97.587,88.39,97.80
88.38,97.76,88.382,97.584,88.38,97.80
88.37,97.76,88.372,97.581,88.37,97.79
88.36,97.76,88.362,97.578,88.36,97.79
88.35,97.75,88.352,97.574,88.35,97.79
88.34,97.75,88.342,97.571,88.34,97.79
88.33,97.75,88.332,97.567,88.33,97.78
88.32,97.74,88.323,97.564,88.32,97.78
88.31,97.74,88.313,97.560,88.31,97.78
88.3,97.74,88.303,97.557,88.30,97.77
88.29,97.73,88.293,97.554,88.29,97.77
88.28,97.73,88.283,97.552,88.28,97.77
88.27,97.73,88.273,97.549,88.27,97.77
88.26,97.72,88.263,97.546,88.26,97.76
88.25,97.72,88.253,97.543,88.25,97.76
88.24,97.72,88.243,97.540,88.24,97.76
88.23,97.71,88.233,97.537,88.23,97.75
88.22,97.71,88.223,97.533,88.22,97.75
88.21,97.71,88.213,97.530,88.21,97.75
88.2,97.70,88.204,97.527,88.20,97.74
88.19,97.70,88.194,97.523,88.19,97.74
88.18,97.69,88.184,97.520,88.18,97.74
88.17,97.69,88.174,97.517,88.17,97.74
88.16,97.69,88.164,97.514,88.16,97.73
88.15,97.68,88.154,97.511,88.15,97.73
88.14,97.68,88.144,97.507,88.14,97.73
88.13,97.68,88.134,97.504,88.13,97.73
88.12,97.67,88.124,97.501,88.12,97.72
88.11,97.67,88.114,97.498,88.11,97.72
88.1,97.67,88.104,97.495,88.10,97.72
88.1,97.66,88.095,97.491,88.10,97.71
88.09,97.66,88.085,97.488,88.09,97.71
88.08,97.66,88.075,97.485,88.08,97.71
88.07,97.65,88.065,97.482,88.07,97.70
88.06,97.65,88.055,97.479,88.06,97.70
88.05,97.65,88.045,97.476,88.05,97.70
88.04,97.64,88.035,97.472,88.04,97.69
88.03,97.64,88.025,97.469,88.03,97.69
88.02,97.64,88.015,97.466,88.02,97.69
88.01,97.63,88.005,97.463,88.01,97.69
88,97.63,87.995,97.460,88.00,97.68
87.99,97.63,87.985,97.456,87.99,97.68
87.98,97.62,87.976,97.453,87.98,97.68
87.97,97.62,87.966,97.450,87.97,97.67
87.96,97.61,87.956,97.447,87.96,97.67
87.95,97.61,87.946,97.445,87.95,97.67
87.94,97.61,87.936,97.441,87.94,97.66
87.93,97.60,87.926,97.438,87.93,97.66
87.92,97.60,87.916,97.435,87.92,97.66
87.91,97.60,87.906,97.432,87.91,97.66
87.9,97.59,87.896,97.430,87.90,97.65
87.89,97.59,87.886,97.427,87.89,97.65
87.88,97.58,87.876,97.423,87.88,97.65
87.87,97.58,87.867,97.420,87.87,97.64
87.86,97.58,87.857,97.417,87.86,97.64
87.85,97.57,87.847,97.414,87.85,97.64
87.84,97.57,87.837,97.411,87.84,97.63
87.83,97.57,87.827,97.408,87.83,97.63
87.82,97.56,87.817,97.405,87.82,97.63
87.81,97.56,87.807,97.402,87.81,97.63
87.8,97.56,87.797,97.399,87.80,97.62
87.79,97.55,87.787,97.396,87.79,97.62
87.78,97.55,87.777,97.393,87.78,97.62
87.77,97.55,87.767,97.389,87.77,97.61
87.76,97.54,87.757,97.386,87.76,97.61
87.75,97.54,87.748,97.383,87.75,97.61
87.74,97.54,87.738,97.380,87.74,97.60
87.73,97.53,87.728,97.377,87.73,97.60
87.72,97.53,87.718,97.374,87.72,97.60
87.71,97.53,87.708,97.371,87.71,97.60
87.7,97.52,87.698,97.368,87.70,97.59
87.69,97.52,87.688,97.365,87.69,97.59
87.68,97.52,87.678,97.361,87.68,97.59
87.67,97.51,87.668,97.359,87.67,97.58
87.66,97.51,87.658,97.355,87.66,97.58
87.65,97.50,87.648,97.351,87.65,97.58
87.64,97.50,87.639,97.348,87.64,97.57
87.63,97.50,87.629,97.344,87.63,97.57
87.62,97.49,87.619,97.341,87.62,97.57
87.61,97.49,87.609,97.338,87.61,97.57
87.6,97.49,87.599,97.335,87.60,97.56
87.59,97.48,87.589,97.331,87.59,97.56
87.58,97.48,87.579,97.328,87.58,97.56
87.57,97.48,87.569,97.325,87.57,97.55
87.56,97.47,87.559,97.322,87.56,97.55
87.55,97.47,87.549,97.319,87.55,97.55
87.54,97.47,87.539,97.316,87.54,97.55
87.53,97.46,87.529,97.313,87.53,97.54
87.52,97.46,87.520,97.309,87.52,97.54
87.51,97.46,87.510,97.306,87.51,97.54
87.5,97.45,87.500,97.303,87.50,97.53
87.49,97.45,87.490,97.299,87.49,97.53
87.48,97.44,87.480,97.296,87.48,97.53
87.47,97.44,87.470,97.293,87.47,97.52
87.46,97.44,87.460,97.289,87.46,97.52
87.45,97.43,87.450,97.286,87.45,97.52
87.44,97.43,87.440,97.283,87.44,97.52
87.43,97.43,87.430,97.280,87.43,97.51
87.42,97.42,87.420,97.276,87.42,97.51
87.41,97.42,87.411,97.274,87.41,97.51
87.4,97.42,87.401,97.270,87.40,97.50
87.39,97.41,87.391,97.267,87.39,97.50
87.38,97.41,87.381,97.264,87.38,97.50
87.37,97.40,87.371,97.260,87.37,97.49
87.36,97.40,87.361,97.257,87.36,97.49
87.35,97.40,87.351,97.253,87.35,97.49
87.34,97.39,87.341,97.250,87.34,97.49
87.33,97.39,87.331,97.247,87.33,97.48
87.32,97.39,87.321,97.244,87.32,97.48
87.31,97.38,87.311,97.241,87.31,97.48
87.3,97.38,87.301,97.238,87.30,97.47
87.29,97.38,87.292,97.234,87.29,97.47
87.28,97.37,87.282,97.231,87.28,97.47
87.27,97.37,87.272,97.228,87.27,97.47
87.26,97.36,87.262,97.224,87.26,97.46
87.25,97.36,87.252,97.221,87.25,97.46
87.24,97.36,87.242,97.218,87.24,97.46
87.23,97.35,87.232,97.216,87.23,97.45
87.22,97.35,87.222,97.213,87.22,97.45
87.21,97.35,87.212,97.210,87.21,97.45
87.2,97.34,87.202,97.207,87.20,97.45
87.19,97.34,87.192,97.203,87.19,97.44
87.18,97.33,87.183,97.199,87.18,97.44
87.17,97.33,87.173,97.196,87.17,97.44
87.16,97.33,87.163,97.193,87.16,97.43
87.15,97.32,87.153,97.190,87.15,97.43
87.14,97.32,87.143,97.186,87.14,97.43
87.13,97.32,87.133,97.183,87.13,97.42
87.12,97.31,87.123,97.180,87.12,97.42
87.11,97.31,87.113,97.177,87.11,97.42
87.1,97.30,87.103,97.174,87.10,97.42
87.09,97.30,87.093,97.171,87.09,97.41
87.08,97.30,87.083,97.168,87.08,97.41
87.07,97.29,87.073,97.165,87.07,97.41
87.06,97.29,87.064,97.163,87.06,97.40
87.05,97.29,87.054,97.159,87.05,97.40
87.04,97.28,87.044,97.156,87.04,97.40
87.03,97.28,87.034,97.153,87.03,97.39
87.02,97.27,87.024,97.150,87.02,97.39
87.01,97.27,87.014,97.147,87.01,97.39
87,97.27,87.004,97.143,87.00,97.38
86.99,97.26,86.994,97.140,86.99,97.38
86.98,97.26,86.984,97.137,86.98,97.38
86.97,97.26,86.974,97.134,86.97,97.37
86.96,97.25,86.964,97.130,86.96,97.37
86.96,97.25,86.955,97.127,86.96,97.37
86.95,97.24,86.945,97.123,86.95,97.37
86.94,97.24,86.935,97.120,86.94,97.36
86.93,97.24,86.925,97.117,86.93,97.36
86.92,97.23,86.915,97.114,86.92,97.36
86.91,97.23,86.905,97.110,86.91,97.35
86.9,97.22,86.895,97.107,86.90,97.35
86.89,97.22,86.885,97.104,86.89,97.35
86.88,97.22,86.875,97.101,86.88,97.34
86.87,97.21,86.865,97.098,86.87,97.34
86.86,97.21,86.855,97.094,86.86,97.34
86.85,97.20,86.845,97.091,86.85,97.33
86.84,97.20,86.836,97.088,86.84,97.33
86.83,97.20,86.826,97.085,86.83,97.33
86.82,97.19,86.816,97.082,86.82,97.32
86.81,97.19,86.806,97.079,86.81,97.32
86.8,97.18,86.796,97.076,86.80,97.32
86.79,97.18,86.786,97.072,86.79,97.31
86.78,97.18,86.776,97.069,86.78,97.31
86.77,97.17,86.766,97.065,86.77,97.31
86.76,97.17,86.756,97.062,86.76,97.30
86.75,97.16,86.746,97.059,86.75,97.30
86.74,97.16,86.736,97.055,86.74,97.30
86.73,97.16,86.727,97.052,86.73,97.30
86.72,97.15,86.717,97.049,86.72,97.29
86.71,97.15,86.707,97.046,86.71,97.29
86.7,97.15,86.697,97.042,86.70,97.29
86.69,97.14,86.687,97.039,86.69,97.28
86.68,97.14,86.677,97.036,86.68,97.28
86.67,97.13,86.667,97.032,86.67,97.28
86.66,97.13,86.657,97.029,86.66,97.27
86.65,97.13,86.647,97.026,86.65,97.27
86.64,97.12,86.637,97.023,86.64,97.27
86.63,97.12,86.627,97.019,86.63,97.26
86.62,97.11,86.617,97.016,86.62,97.26
86.61,97.11,86.608,97.013,86.61,97.26
86.6,97.11,86.598,97.010,86.60,97.25
86.59,97.10,86.588,97.006,86.59,97.25
86.58,97.10,86.578,97.003,86.58,97.25
86.57,97.10,86.568,97.000,86.57,97.24
86.56,97.09,86.558,96.997,86.56,97.24
86.55,97.09,86.548,96.994,86.55,97.24
86.54,97.09,86.538,96.991,86.54,97.24
86.53,97.08,86.528,96.987,86.53,97.23
86.52,97.08,86.518,96.983,86.52,97.23
86.51,97.07,86.508,96.980,86.51,97.23
86.5,97.07,86.499,96.976,86.50,97.22
86.49,97.07,86.489,96.973,86.49,97.22
86.48,97.06,86.479,96.970,86.48,97.22
86.47,97.06,86.469,96.967,86.47,97.21
86.46,97.05,86.459,96.963,86.46,97.21
86.45,97.05,86.449,96.960,86.45,97.21
86.44,97.05,86.439,96.957,86.44,97.20
86.43,97.04,86.429,96.954,86.43,97.20
86.42,97.04,86.419,96.950,86.42,97.20
86.41,97.04,86.409,96.947,86.41,97.19
86.4,97.03,86.399,96.943,86.40,97.19
86.39,97.03,86.389,96.940,86.39,97.19
86.38,97.02,86.380,96.937,86.38,97.18
86.37,97.02,86.370,96.933,86.37,97.18
86.36,97.01,86.360,96.930,86.36,97.18
86.35,97.01,86.350,96.927,86.35,97.18
86.34,97.01,86.340,96.924,86.34,97.17
86.33,97.00,86.330,96.920,86.33,97.17
86.32,97.00,86.320,96.917,86.32,97.17
86.31,96.99,86.310,96.914,86.31,97.16
86.3,96.99,86.300,96.911,86.30,97.16
86.29,96.99,86.290,96.907,86.29,97.16
86.28,96.98,86.280,96.904,86.28,97.15
86.27,96.98,86.271,96.901,86.27,97.15
86.26,96.97,86.261,96.897,86.26,97.15
86.25,96.97,86.251,96.894,86.25,97.14
86.24,96.97,86.241,96.891,86.24,97.14
86.23,96.96,86.231,96.887,86.23,97.14
86.22,96.96,86.221,96.884,86.22,97.13
86.21,96.95,86.211,96.880,86.21,97.13
86.2,96.95,86.201,96.877,86.20,97.13
86.19,96.95,86.191,96.873,86.19,97.12
86.18,96.94,86.181,96.870,86.18,97.12
86.17,96.94,86.171,96.867,86.17,97.12
86.16,96.93,86.161,96.863,86.16,97.11
86.15,96.93,86.152,96.860,86.15,97.11
86.14,96.93,86.142,96.856,86.14,97.11
86.13,96.92,86.132,96.852,86.13,97.10
86.12,96.92,86.122,96.849,86.12,97.10
86.11,96.91,86.112,96.846,86.11,97.10
86.1,96.91,86.102,96.842,86.10,97.09
86.09,96.91,86.092,96.839,86.09,97.09
86.08,96.90,86.082,96.835,86.08,97.09
86.07,96.90,86.072,96.832,86.07,97.09
86.06,96.89,86.062,96.829,86.06,97.08
86.05,96.89,86.052,96.825,86.05,97.08
86.04,96.89,86.043,96.822,86.04,97.08
86.03,96.88,86.033,96.819,86.03,97.07
86.02,96.88,86.023,96.816,86.02,97.07
86.01,96.87,86.013,96.812,86.01,97.07
86,96.87,86.003,96.808,86.00,97.06
85.99,96.86,85.993,96.805,85.99,97.06
85.98,96.86,85.983,96.801,85.98,97.06
85.97,96.86,85.973,96.798,85.97,97.05
85.96,96.85,85.963,96.795,85.96,97.05
85.95,96.85,85.953,96.791,85.95,97.05
85.94,96.85,85.943,96.788,85.94,97.04
85.93,96.84,85.933,96.785,85.93,97.04
85.92,96.84,85.924,96.781,85.92,97.04
85.91,96.83,85.914,96.778,85.91,97.03
85.9,96.83,85.904,96.775,85.90,97.03
85.89,96.82,85.894,96.771,85.89,97.03
85.88,96.82,85.884,96.768,85.88,97.02
85.87,96.82,85.874,96.764,85.87,97.02
85.86,96.81,85.864,96.760,85.86,97.02
85.85,96.81,85.854,96.756,85.85,97.01
85.84,96.80,85.844,96.752,85.84,97.01
85.83,96.80,85.834,96.749,85.83,97.01
85.82,96.80,85.824,96.746,85.82,97.00
85.82,96.79,85.815,96.742,85.82,97.00
85.81,96.79,85.805,96.739,85.81,97.00
85.8,96.79,85.795,96.735,85.80,97.00
85.79,96.78,85.785,96.732,85.79,96.99
85.78,96.78,85.775,96.729,85.78,96.99
85.77,96.77,85.765,96.726,85.77,96.99
85.76,96.77,85.755,96.723,85.76,96.98
85.75,96.76,85.745,96.719,85.75,96.98
85.74,96.76,85.735,96.715,85.74,96.98
85.73,96.76,85.725,96.711,85.73,96.97
85.72,96.75,85.715,96.707,85.72,96.97
85.71,96.75,85.705,96.703,85.71,96.97
85.7,96.74,85.696,96.700,85.70,96.96
85.69,96.74,85.686,96.697,85.69,96.96
85.68,96.74,85.676,96.693,85.68,96.96
85.67,96.73,85.666,96.690,85.67,96.95
85.66,96.73,85.656,96.687,85.66,96.95
85.65,96.72,85.646,96.683,85.65,96.95
85.64,96.72,85.636,96.679,85.64,96.94
85.63,96.72,85.626,96.676,85.63,96.94
85.62,96.71,85.616,96.673,85.62,96.94
85.61,96.71,85.606,96.669,85.61,96.94
85.6,96.70,85.596,96.666,85.60,96.93
85.59,96.70,85.587,96.662,85.59,96.93
85.58,96.69,85.577,96.659,85.58,96.93
85.57,96.69,85.567,96.655,85.57,96.92
85.56,96.69,85.557,96.651,85.56,96.92
85.55,96.68,85.547,96.648,85.55,96.92
85.54,96.68,85.537,96.644,85.54,96.91
85.53,96.67,85.527,96.641,85.53,96.91
85.52,96.67,85.517,96.638,85.52,96.91
85.51,96.66,85.507,96.634,85.51,96.90
85.5,96.66,85.497,96.630,85.50,96.90
85.49,96.66,85.487,96.626,85.49,96.90
85.48,96.65,85.477,96.622,85.48,96.89
85.47,96.65,85.468,96.619,85.47,96.89
85.46,96.64,85.458,96.615,85.46,96.89
85.45,96.64,85.448,96.611,85.45,96.88
85.44,96.63,85.438,96.608,85.44,96.88
85.43,96.63,85.428,96.604,85.43,96.88
85.42,96.63,85.418,96.601,85.42,96.87
85.41,96.62,85.408,96.597,85.41,96.87
85.4,96.62,85.398,96.594,85.40,96.87
85.39,96.61,85.388,96.591,85.39,96.86
85.38,96.61,85.378,96.587,85.38,96.86
85.37,96.61,85.368,96.584,85.37,96.86
85.36,96.60,85.359,96.580,85.36,96.85
85.35,96.60,85.349,96.577,85.35,96.85
85.34,96.59,85.339,96.572,85.34,96.85
85.33,96.59,85.329,96.568,85.33,96.84
85.32,96.58,85.319,96.565,85.32,96.84
85.31,96.58,85.309,96.561,85.31,96.84
85.3,96.57,85.299,96.558,85.30,96.84
85.29,96.57,85.289,96.554,85.29,96.83
85.28,96.57,85.279,96.550,85.28,96.83
85.27,96.56,85.269,96.546,85.27,96.83
85.26,96.56,85.259,96.542,85.26,96.82
85.25,96.55,85.249,96.539,85.25,96.82
85.24,96.55,85.240,96.535,85.24,96.82
85.23,96.55,85.230,96.531,85.23,96.81
85.22,96.54,85.220,96.528,85.22,96.81
85.21,96.54,85.210,96.525,85.21,96.81
85.2,96.53,85.200,96.522,85.20,96.80
85.19,96.53,85.190,96.518,85.19,96.80
85.18,96.52,85.180,96.514,85.18,96.80
85.17,96.52,85.170,96.510,85.17,96.79
85.16,96.51,85.160,96.507,85.16,96.79
85.15,96.51,85.150,96.503,85.15,96.79
85.14,96.50,85.140,96.499,85.14,96.78
85.13,96.50,85.131,96.496,85.13,96.78
85.12,96.50,85.121,96.492,85.12,96.78
85.11,96.49,85.111,96.488,85.11,96.77
85.1,96.49,85.101,96.485,85.10,96.77
85.09,96.48,85.091,96.482,85.09,96.77
85.08,96.48,85.081,96.478,85.08,96.76
85.07,96.48,85.071,96.474,85.07,96.76
85.06,96.47,85.061,96.470,85.06,96.76
85.05,96.47,85.051,96.466,85.05,96.75
85.04,96.46,85.041,96.463,85.04,96.75
85.03,96.46,85.031,96.459,85.03,96.75
85.02,96.45,85.021,96.455,85.02,96.74
85.01,96.45,85.012,96.450,85.01,96.74
85,96.44,85.002,96.446,85.00,96.74
84.99,96.44,84.992,96.443,84.99,96.73
84.98,96.43,84.982,96.439,84.98,96.73
84.97,96.43,84.972,96.435,84.97,96.72
84.96,96.43,84.962,96.431,84.96,96.72
84.95,96.42,84.952,96.428,84.95,96.72
84.94,96.42,84.942,96.424,84.94,96.71
84.93,96.41,84.932,96.421,84.93,96.71
84.92,96.41,84.922,96.417,84.92,96.71
84.91,96.40,84.912,96.414,84.91,96.70
84.9,96.40,84.903,96.410,84.90,96.70
84.89,96.39,84.893,96.406,84.89,96.70
84.88,96.39,84.883,96.402,84.88,96.69
84.87,96.38,84.873,96.398,84.87,96.69
84.86,96.38,84.863,96.394,84.86,96.69
84.85,96.37,84.853,96.390,84.85,96.68
84.84,96.37,84.843,96.387,84.84,96.68
84.83,96.37,84.833,96.383,84.83,96.68
84.82,96.36,84.823,96.379,84.82,96.67
84.81,96.36,84.813,96.375,84.81,96.67
84.8,96.35,84.803,96.371,84.80,96.67
84.79,96.35,84.793,96.367,84.79,96.67
84.78,96.34,84.784,96.363,84.78,96.66
84.77,96.34,84.774,96.359,84.77,96.66
84.76,96.33,84.764,96.356,84.76,96.66
84.75,96.33,84.754,96.353,84.75,96.65
84.74,96.32,84.744,96.349,84.74,96.65
84.73,96.32,84.734,96.345,84.73,96.65
84.72,96.31,84.724,96.342,84.72,96.64
84.71,96.31,84.714,96.338,84.71,96.64
84.7,96.30,84.704,96.334,84.70,96.64
84.69,96.30,84.694,96.330,84.69,96.63
84.68,96.29,84.684,96.326,84.68,96.63
84.68,96.29,84.675,96.322,84.68,96.63
84.67,96.28,84.665,96.318,84.67,96.62
84.66,96.28,84.655,96.315,84.66,96.62
84.65,96.27,84.645,96.311,84.65,96.62
84.64,96.27,84.635,96.307,84.64,96.61
84.63,96.27,84.625,96.303,84.63,96.61
84.62,96.26,84.615,96.299,84.62,96.61
84.61,96.26,84.605,96.295,84.61,96.60
84.6,96.25,84.595,96.291,84.60,96.60
84.59,96.25,84.585,96.288,84.59,96.60
84.58,96.24,84.575,96.284,84.58,96.59
84.57,96.24,84.565,96.280,84.57,96.59
84.56,96.23,84.556,96.276,84.56,96.58
84.55,96.23,84.546,96.272,84.55,96.58
84.54,96.22,84.536,96.269,84.54,96.58
84.53,96.22,84.526,96.265,84.53,96.57
84.52,96.22,84.516,96.261,84.52,96.57
84.51,96.21,84.506,96.257,84.51,96.57
84.5,96.21,84.496,96.254,84.50,96.56
84.49,96.20,84.486,96.250,84.49,96.56
84.48,96.20,84.476,96.246,84.48,96.56
84.47,96.19,84.466,96.242,84.47,96.55
84.46,96.19,84.456,96.238,84.46,96.55
84.45,96.18,84.447,96.235,84.45,96.55
84.44,96.18,84.437,96.230,84.44,96.54
84.43,96.17,84.427,96.226,84.43,96.54
84.42,96.17,84.417,96.222,84.42,96.54
84.41,96.16,84.407,96.218,84.41,96.53
84.4,96.16,84.397,96.214,84.40,96.53
84.39,96.16,84.387,96.210,84.39,96.53
84.38,96.15,84.377,96.205,84.38,96.52
84.37,96.15,84.367,96.201,84.37,96.52
84.36,96.14,84.357,96.197,84.36,96.52
84.35,96.14,84.347,96.193,84.35,96.51
84.34,96.13,84.337,96.189,84.34,96.51
84.33,96.13,84.328,96.185,84.33,96.50
84.32,96.12,84.318,96.182,84.32,96.50
84.31,96.12,84.308,96.178,84.31,96.50
84.3,96.11,84.298,96.175,84.30,96.49
84.29,96.11,84.288,96.171,84.29,96.49
84.28,96.10,84.278,96.167,84.28,96.49
84.27,96.10,84.268,96.163,84.27,96.48
84.26,96.09,84.258,96.159,84.26,96.48
84.25,96.09,84.248,96.155,84.25,96.48
84.24,96.08,84.238,96.151,84.24,96.47
84.23,96.08,84.228,96.148,84.23,96.47
84.22,96.07,84.219,96.144,84.22,96.47
84.21,96.07,84.209,96.141,84.21,96.46
84.2,96.06,84.199,96.137,84.20,96.46
84.19,96.06,84.189,96.133,84.19,96.46
84.18,96.06,84.179,96.129,84.18,96.45
84.17,96.05,84.169,96.125,84.17,96.45
84.16,96.05,84.159,96.121,84.16,96.45
84.15,96.04,84.149,96.118,84.15,96.44
84.14,96.04,84.139,96.114,84.14,96.44
84.13,96.03,84.129,96.110,84.13,96.44
84.12,96.03,84.119,96.105,84.12,96.43
84.11,96.02,84.109,96.101,84.11,96.43
84.1,96.02,84.100,96.097,84.10,96.42
84.09,96.01,84.090,96.094,84.09,96.42
84.08,96.01,84.080,96.090,84.08,96.42
84.07,96.00,84.070,96.086,84.07,96.41
84.06,96.00,84.060,96.082,84.06,96.41
84.05,95.99,84.050,96.078,84.05,96.41
84.04,95.99,84.040,96.073,84.04,96.40
84.03,95.98,84.030,96.070,84.03,96.40
84.02,95.98,84.020,96.066,84.02,96.40
84.01,95.97,84.010,96.062,84.01,96.39
84,95.97,84.000,96.058,84.00,96.39
83.99,95.96,83.991,96.054,83.99,96.39
83.98,95.96,83.981,96.050,83.98,96.38
83.97,95.95,83.971,96.046,83.97,96.38
83.96,95.95,83.961,96.043,83.96,96.37
83.95,95.94,83.951,96.039,83.95,96.37
83.94,95.94,83.941,96.035,83.94,96.37
83.93,95.93,83.931,96.031,83.93,96.36
83.92,95.93,83.921,96.027,83.92,96.36
83.91,95.92,83.911,96.022,83.91,96.36
83.9,95.92,83.901,96.018,83.90,96.35
83.89,95.91,83.891,96.015,83.89,96.35
83.88,95.91,83.881,96.011,83.88,96.35
83.87,95.90,83.872,96.007,83.87,96.34
83.86,95.90,83.862,96.003,83.86,96.34
83.85,95.89,83.852,95.999,83.85,96.34
83.84,95.89,83.842,95.995,83.84,96.33
83.83,95.88,83.832,95.991,83.83,96.33
83.82,95.88,83.822,95.988,83.82,96.33
83.81,95.87,83.812,95.984,83.81,96.32
83.8,95.87,83.802,95.979,83.80,96.32
83.79,95.86,83.792,95.976,83.79,96.31
83.78,95.86,83.782,95.972,83.78,96.31
83.77,95.85,83.772,95.968,83.77,96.31
83.76,95.85,83.763,95.963,83.76,96.30
83.75,95.84,83.753,95.959,83.75,96.30
83.74,95.84,83.743,95.955,83.74,96.30
83.73,95.83,83.733,95.951,83.73,96.29
83.72,95.83,83.723,95.946,83.72,96.29
83.71,95.82,83.713,95.942,83.71,96.28
83.7,95.82,83.703,95.937,83.70,96.28
83.69,95.81,83.693,95.933,83.69,96.28
83.68,95.81,83.683,95.929,83.68,96.27
83.67,95.80,83.673,95.925,83.67,96.27
83.66,95.80,83.663,95.921,83.66,96.27
83.65,95.79,83.653,95.917,83.65,96.26
83.64,95.79,83.644,95.912,83.64,96.26
83.63,95.78,83.634,95.908,83.63,96.26
83.62,95.78,83.624,95.904,83.62,96.25
83.61,95.77,83.614,95.900,83.61,96.25
83.6,95.77,83.604,95.896,83.60,96.24
83.59,95.76,83.594,95.892,83.59,96.24
83.58,95.76,83.584,95.888,83.58,96.24
83.57,95.76,83.574,95.884,83.57,96.23
83.56,95.75,83.564,95.880,83.56,96.23
83.55,95.74,83.554,95.875,83.55,96.23
83.54,95.74,83.544,95.871,83.54,96.22
83.54,95.73,83.535,95.867,83.54,96.22
83.53,95.73,83.525,95.862,83.53,96.21
83.52,95.72,83.515,95.858,83.52,96.21
83.51,95.72,83.505,95.854,83.51,96.21
83.5,95.71,83.495,95.850,83.50,96.20
83.49,95.71,83.485,95.846,83.49,96.20
83.48,95.70,83.475,95.842,83.48,96.20
83.47,95.70,83.465,95.837,83.47,96.19
83.46,95.69,83.455,95.833,83.46,96.19
83.45,95.69,83.445,95.830,83.45,96.19
83.44,95.69,83.435,95.825,83.44,96.18
83.43,95.68,83.425,95.820,83.43,96.18
83.42,95.68,83.416,95.816,83.42,96.18
83.41,95.67,83.406,95.812,83.41,96.17
83.4,95.66,83.396,95.808,83.40,96.17
83.39,95.66,83.386,95.804,83.39,96.16
83.38,95.66,83.376,95.799,83.38,96.16
83.37,95.65,83.366,95.795,83.37,96.16
83.36,95.65,83.356,95.790,83.36,96.15
83.35,95.64,83.346,95.787,83.35,96.15
83.34,95.63,83.336,95.783,83.34,96.15
83.33,95.63,83.326,95.778,83.33,96.14
83.32,95.62,83.316,95.774,83.32,96.14
83.31,95.62,83.307,95.770,83.31,96.13
83.3,95.61,83.297,95.766,83.30,96.13
83.29,95.61,83.287,95.761,83.29,96.13
83.28,95.60,83.277,95.756,83.28,96.12
83.27,95.60,83.267,95.752,83.27,96.12
83.26,95.59,83.257,95.747,83.26,96.11
83.25,95.59,83.247,95.743,83.25,96.11
83.24,95.58,83.237,95.739,83.24,96.11
83.23,95.58,83.227,95.735,83.23,96.10
83.22,95.57,83.217,95.732,83.22,96.10
83.21,95.57,83.207,95.727,83.21,96.10
83.2,95.56,83.197,95.724,83.20,96.09
83.19,95.56,83.188,95.720,83.19,96.09
83.18,95.55,83.178,95.715,83.18,96.09
83.17,95.54,83.168,95.712,83.17,96.08
83.16,95.54,83.158,95.707,83.16,96.08
83.15,95.53,83.148,95.703,83.15,96.07
83.14,95.53,83.138,95.699,83.14,96.07
83.13,95.52,83.128,95.694,83.13,96.07
83.12,95.52,83.118,95.691,83.12,96.06
83.11,95.51,83.108,95.687,83.11,96.06
83.1,95.51,83.098,95.683,83.10,96.06
83.09,95.50,83.088,95.679,83.09,96.05
83.08,95.50,83.079,95.675,83.08,96.05
83.07,95.49,83.069,95.672,83.07,96.04
83.06,95.49,83.059,95.668,83.06,96.04
83.05,95.48,83.049,95.664,83.05,96.04
83.04,95.48,83.039,95.660,83.04,96.03
83.03,95.47,83.029,95.656,83.03,96.03
83.02,95.47,83.019,95.651,83.02,96.03
83.01,95.46,83.009,95.646,83.01,96.02
83,95.46,82.999,95.642,83.00,96.02
82.99,95.45,82.989,95.637,82.99,96.01
82.98,95.45,82.979,95.633,82.98,96.01
82.97,95.44,82.969,95.629,82.97,96.01
82.96,95.44,82.960,95.625,82.96,96.00
82.95,95.43,82.950,95.621,82.95,96.00
82.94,95.43,82.940,95.617,82.94,96.00
82.93,95.42,82.930,95.613,82.93,95.99
82.92,95.42,82.920,95.609,82.92,95.99
82.91,95.41,82.910,95.604,82.91,95.98
82.9,95.41,82.900,95.600,82.90,95.98
82.89,95.40,82.890,95.595,82.89,95.98
82.88,95.40,82.880,95.590,82.88,95.97
82.87,95.39,82.870,95.586,82.87,95.97
82.86,95.39,82.860,95.582,82.86,95.97
82.85,95.38,82.851,95.578,82.85,95.96
82.84,95.38,82.841,95.573,82.84,95.96
82.83,95.37,82.831,95.569,82.83,95.95
82.82,95.37,82.821,95.565,82.82,95.95
82.81,95.36,82.811,95.560,82.81,95.95
82.8,95.36,82.801,95.556,82.80,95.94
82.79,95.35,82.791,95.553,82.79,95.94
82.78,95.35,82.781,95.549,82.78,95.94
82.77,95.34,82.771,95.545,82.77,95.93
82.76,95.34,82.761,95.540,82.76,95.93
82.75,95.33,82.751,95.536,82.75,95.92
82.74,95.33,82.741,95.531,82.74,95.92
82.73,95.32,82.732,95.528,82.73,95.92
82.72,95.32,82.722,95.523,82.72,95.91
82.71,95.31,82.712,95.518,82.71,95.91
82.7,95.31,82.702,95.514,82.70,95.90
82.69,95.30,82.692,95.510,82.69,95.90
82.68,95.29,82.682,95.506,82.68,95.90
82.67,95.29,82.672,95.501,82.67,95.89
82.66,95.28,82.662,95.497,82.66,95.89
82.65,95.28,82.652,95.493,82.65,95.88
82.64,95.27,82.642,95.489,82.64,95.88
82.63,95.27,82.632,95.484,82.63,95.88
82.62,95.26,82.623,95.479,82.62,95.87
82.61,95.26,82.613,95.474,82.61,95.87
82.6,95.25,82.603,95.470,82.60,95.86
82.59,95.25,82.593,95.466,82.59,95.86
82.58,95.24,82.583,95.461,82.58,95.86
82.57,95.24,82.573,95.457,82.57,95.85
82.56,95.23,82.563,95.453,82.56,95.85
82.55,95.23,82.553,95.449,82.55,95.84
82.54,95.22,82.543,95.445,82.54,95.84
82.53,95.22,82.533,95.440,82.53,95.84
82.52,95.21,82.523,95.437,82.52,95.83
82.51,95.20,82.513,95.432,82.51,95.83
82.5,95.20,82.504,95.429,82.50,95.83
82.49,95.19,82.494,95.425,82.49,95.82
82.48,95.19,82.484,95.420,82.48,95.82
82.47,95.18,82.474,95.416,82.47,95.81
82.46,95.18,82.464,95.411,82.46,95.81
82.45,95.17,82.454,95.407,82.45,95.81
82.44,95.17,82.444,95.402,82.44,95.80
82.43,95.16,82.434,95.398,82.43,95.80
82.42,95.16,82.424,95.394,82.42,95.80
82.41,95.15,82.414,95.390,82.41,95.79
82.4,95.14,82.404,95.385,82.40,95.79
82.4,95.14,82.395,95.381,82.40,95.78
82.39,95.13,82.385,95.377,82.39,95.78
82.38,95.13,82.375,95.373,82.38,95.78
82.37,95.12,82.365,95.369,82.37,95.77
82.36,95.12,82.355,95.364,82.36,95.77
82.35,95.11,82.345,95.360,82.35,95.76
82.34,95.11,82.335,95.355,82.34,95.76
82.33,95.10,82.325,95.351,82.33,95.76
82.32,95.09,82.315,95.347,82.32,95.75
82.31,95.09,82.305,95.343,82.31,95.75
82.3,95.08,82.295,95.338,82.30,95.74
82.29,95.08,82.285,95.334,82.29,95.74
82.28,95.07,82.276,95.330,82.28,95.74
82.27,95.07,82.266,95.326,82.27,95.73
82.26,95.06,82.256,95.322,82.26,95.73
82.25,95.06,82.246,95.318,82.25,95.73
82.24,95.05,82.236,95.313,82.24,95.72
82.23,95.05,82.226,95.309,82.23,95.72
82.22,95.04,82.216,95.304,82.22,95.71
82.21,95.04,82.206,95.300,82.21,95.71
82.2,95.03,82.196,95.295,82.20,95.71
82.19,95.02,82.186,95.291,82.19,95.70
82.18,95.02,82.176,95.287,82.18,95.70
82.17,95.01,82.167,95.282,82.17,95.69
82.16,95.01,82.157,95.278,82.16,95.69
82.15,95.00,82.147,95.274,82.15,95.69
82.14,95.00,82.137,95.270,82.14,95.68
82.13,94.99,82.127,95.266,82.13,95.68
82.12,94.99,82.117,95.261,82.12,95.67
82.11,94.98,82.107,95.257,82.11,95.67
82.1,94.97,82.097,95.253,82.10,95.67
82.09,94.97,82.087,95.249,82.09,95.66
82.08,94.96,82.077,95.245,82.08,95.66
82.07,94.96,82.067,95.240,82.07,95.66
82.06,94.95,82.057,95.236,82.06,95.65
82.05,94.95,82.048,95.231,82.05,95.65
82.04,94.94,82.038,95.226,82.04,95.64
82.03,94.93,82.028,95.223,82.03,95.64
82.02,94.93,82.018,95.217,82.02,95.64
82.01,94.92,82.008,95.213,82.01,95.63
82,94.92,81.998,95.209,82.00,95.63
81.99,94.91,81.988,95.204,81.99,95.62
81.98,94.91,81.978,95.200,81.98,95.62
81.97,94.90,81.968,95.195,81.97,95.62
81.96,94.89,81.958,95.190,81.96,95.61
81.95,94.89,81.948,95.186,81.95,95.61
81.94,94.88,81.939,95.181,81.94,95.61
81.93,94.88,81.929,95.177,81.93,95.60
81.92,94.87,81.919,95.173,81.92,95.60
81.91,94.87,81.909,95.168,81.91,95.59
81.9,94.86,81.899,95.163,81.90,95.59
81.89,94.85,81.889,95.159,81.89,95.58
81.88,94.85,81.879,95.154,81.88,95.58
81.87,94.84,81.869,95.150,81.87,95.58
81.86,94.84,81.859,95.146,81.86,95.57
81.85,94.83,81.849,95.141,81.85,95.57
81.84,94.83,81.839,95.137,81.84,95.56
81.83,94.82,81.829,95.133,81.83,95.56
81.82,94.81,81.820,95.129,81.82,95.56
81.81,94.81,81.810,95.124,81.81,95.55
81.8,94.80,81.800,95.120,81.80,95.55
81.79,94.80,81.790,95.115,81.79,95.54
81.78,94.79,81.780,95.111,81.78,95.54
81.77,94.79,81.770,95.106,81.77,95.54
81.76,94.78,81.760,95.101,81.76,95.53
81.75,94.77,81.750,95.096,81.75,95.53
81.74,94.77,81.740,95.092,81.74,95.52
81.73,94.76,81.730,95.088,81.73,95.52
81.72,94.76,81.720,95.084,81.72,95.51
81.71,94.75,81.711,95.079,81.71,95.51
81.7,94.75,81.701,95.075,81.70,95.51
81.69,94.74,81.691,95.071,81.69,95.50
81.68,94.73,81.681,95.066,81.68,95.50
81.67,94.73,81.671,95.062,81.67,95.49
81.66,94.72,81.661,95.058,81.66,95.49
81.65,94.72,81.651,95.055,81.65,95.49
81.64,94.71,81.641,95.051,81.64,95.48
81.63,94.71,81.631,95.046,81.63,95.48
81.62,94.70,81.621,95.042,81.62,95.47
81.61,94.69,81.611,95.037,81.61,95.47
81.6,94.69,81.601,95.032,81.60,95.47
81.59,94.68,81.592,95.028,81.59,95.46
81.58,94.68,81.582,95.024,81.58,95.46
81.57,94.67,81.572,95.019,81.57,95.45
81.56,94.66,81.562,95.014,81.56,95.45
81.55,94.66,81.552,95.010,81.55,95.44
81.54,94.65,81.542,95.006,81.54,95.44
81.53,94.64,81.532,95.002,81.53,95.44
81.52,94.64,81.522,94.998,81.52,95.43
81.51,94.63,81.512,94.993,81.51,95.43
81.5,94.63,81.502,94.989,81.50,95.42
81.49,94.62,81.492,94.985,81.49,95.42
81.48,94.62,81.483,94.980,81.48,95.41
81.47,94.61,81.473,94.976,81.47,95.41
81.46,94.61,81.463,94.972,81.46,95.41
81.45,94.60,81.453,94.967,81.45,95.40
81.44,94.59,81.443,94.962,81.44,95.40
81.43,94.59,81.433,94.958,81.43,95.39
81.42,94.58,81.423,94.953,81.42,95.39
81.41,94.58,81.413,94.949,81.41,95.39
81.4,94.57,81.403,94.945,81.40,95.38
81.39,94.57,81.393,94.940,81.39,95.38
81.38,94.56,81.383,94.936,81.38,95.37
81.37,94.55,81.373,94.931,81.37,95.37
81.36,94.55,81.364,94.927,81.36,95.36
81.35,94.54,81.354,94.923,81.35,95.36
81.34,94.54,81.344,94.918,81.34,95.36
81.33,94.53,81.334,94.915,81.33,95.35
81.32,94.53,81.324,94.910,81.32,95.35
81.31,94.52,81.314,94.905,81.31,95.34
81.3,94.51,81.304,94.901,81.30,95.34
81.29,94.51,81.294,94.896,81.29,95.33
81.28,94.50,81.284,94.892,81.28,95.33
81.27,94.50,81.274,94.888,81.27,95.33
81.26,94.49,81.264,94.883,81.26,95.32
81.26,94.49,81.255,94.879,81.26,95.32
81.25,94.48,81.245,94.874,81.25,95.31
81.24,94.47,81.235,94.869,81.24,95.31
81.23,94.47,81.225,94.865,81.23,95.31
81.22,94.46,81.215,94.860,81.22,95.30
81.21,94.46,81.205,94.856,81.21,95.30
81.2,94.45,81.195,94.851,81.20,95.29
81.19,94.44,81.185,94.847,81.19,95.29
81.18,94.44,81.175,94.842,81.18,95.29
81.17,94.43,81.165,94.837,81.17,95.28
81.16,94.43,81.155,94.832,81.16,95.28
81.15,94.42,81.146,94.828,81.15,95.27
81.14,94.42,81.136,94.823,81.14,95.27
81.13,94.41,81.126,94.818,81.13,95.26
81.12,94.40,81.116,94.814,81.12,95.26
81.11,94.40,81.106,94.809,81.11,95.26
81.1,94.39,81.096,94.805,81.10,95.25
81.09,94.39,81.086,94.800,81.09,95.25
81.08,94.38,81.076,94.795,81.08,95.24
81.07,94.37,81.066,94.791,81.07,95.24
81.06,94.37,81.056,94.786,81.06,95.24
81.05,94.36,81.046,94.781,81.05,95.23
81.04,94.36,81.036,94.777,81.04,95.23
81.03,94.35,81.027,94.773,81.03,95.22
81.02,94.35,81.017,94.768,81.02,95.22
81.01,94.34,81.007,94.764,81.01,95.22
81,94.33,80.997,94.759,81.00,95.21
80.99,94.33,80.987,94.755,80.99,95.21
80.98,94.32,80.977,94.750,80.98,95.20
80.97,94.32,80.967,94.745,80.97,95.20
80.96,94.31,80.957,94.740,80.96,95.20
80.95,94.30,80.947,94.736,80.95,95.19
80.94,94.30,80.937,94.731,80.94,95.19
80.93,94.29,80.927,94.727,80.93,95.18
80.92,94.29,80.918,94.722,80.92,95.18
80.91,94.28,80.908,94.718,80.91,95.17
80.9,94.28,80.898,94.714,80.90,95.17
80.89,94.27,80.888,94.709,80.89,95.17
80.88,94.27,80.878,94.705,80.88,95.16
80.87,94.26,80.868,94.700,80.87,95.16
80.86,94.25,80.858,94.695,80.86,95.15
80.85,94.25,80.848,94.690,80.85,95.15
80.84,94.24,80.838,94.685,80.84,95.14
80.83,94.24,80.828,94.681,80.83,95.14
80.82,94.23,80.818,94.677,80.82,95.14
80.81,94.22,80.808,94.672,80.81,95.13
80.8,94.22,80.799,94.668,80.80,95.13
80.79,94.21,80.789,94.663,80.79,95.12
80.78,94.21,80.779,94.659,80.78,95.12
80.77,94.20,80.769,94.654,80.77,95.11
80.76,94.19,80.759,94.649,80.76,95.11
80.75,94.19,80.749,94.645,80.75,95.10
80.74,94.18,80.739,94.640,80.74,95.10
80.73,94.17,80.729,94.636,80.73,95.10
80.72,94.17,80.719,94.631,80.72,95.09
80.71,94.16,80.709,94.627,80.71,95.09
80.7,94.15,80.699,94.621,80.70,95.08
80.69,94.15,80.690,94.617,80.69,95.08
80.68,94.14,80.680,94.612,80.68,95.07
80.67,94.13,80.670,94.607,80.67,95.07
80.66,94.13,80.660,94.603,80.66,95.07
80.65,94.12,80.650,94.597,80.65,95.06
80.64,94.12,80.640,94.591,80.64,95.06
80.63,94.11,80.630,94.587,80.63,95.05
80.62,94.11,80.620,94.582,80.62,95.05
80.61,94.10,80.610,94.577,80.61,95.05
80.6,94.10,80.600,94.573,80.60,95.04
80.59,94.09,80.590,94.567,80.59,95.04
80.58,94.08,80.580,94.563,80.58,95.03
80.57,94.08,80.571,94.557,80.57,95.03
80.56,94.07,80.561,94.553,80.56,95.02
80.55,94.06,80.551,94.548,80.55,95.02
80.54,94.06,80.541,94.543,80.54,95.02
80.53,94.05,80.531,94.539,80.53,95.01
80.52,94.05,80.521,94.533,80.52,95.01
80.51,94.04,80.511,94.528,80.51,95.00
80.5,94.03,80.501,94.523,80.50,95.00
80.49,94.03,80.491,94.518,80.49,94.99
80.48,94.02,80.481,94.513,80.48,94.99
80.47,94.01,80.471,94.509,80.47,94.99
80.46,94.01,80.462,94.504,80.46,94.98
80.45,94.00,80.452,94.500,80.45,94.98
80.44,94.00,80.442,94.495,80.44,94.97
80.43,93.99,80.432,94.490,80.43,94.97
80.42,93.98,80.422,94.485,80.42,94.97
80.41,93.98,80.412,94.480,80.41,94.96
80.4,93.97,80.402,94.475,80.40,94.96
80.39,93.96,80.392,94.470,80.39,94.95
80.38,93.96,80.382,94.466,80.38,94.95
80.37,93.95,80.372,94.461,80.37,94.94
80.36,93.95,80.362,94.456,80.36,94.94
80.35,93.94,80.352,94.452,80.35,94.93
80.34,93.93,80.343,94.447,80.34,94.93
80.33,93.93,80.333,94.443,80.33,94.93
80.32,93.92,80.323,94.438,80.32,94.92
80.31,93.92,80.313,94.433,80.31,94.92
80.3,93.91,80.303,94.429,80.30,94.91
80.29,93.90,80.293,94.424,80.29,94.91
80.28,93.90,80.283,94.419,80.28,94.91
80.27,93.89,80.273,94.414,80.27,94.90
80.26,93.88,80.263,94.409,80.26,94.90
80.25,93.88,80.253,94.405,80.25,94.89
80.24,93.87,80.243,94.400,80.24,94.89
80.23,93.86,80.234,94.396,80.23,94.88
80.22,93.86,80.224,94.391,80.22,94.88
80.21,93.85,80.214,94.387,80.21,94.88
80.2,93.85,80.204,94.382,80.20,94.87
80.19,93.84,80.194,94.377,80.19,94.87
80.18,93.83,80.184,94.373,80.18,94.86
80.17,93.82,80.174,94.368,80.17,94.86
80.16,93.82,80.164,94.364,80.16,94.85
80.15,93.81,80.154,94.359,80.15,94.85
80.14,93.81,80.144,94.354,80.14,94.85
80.13,93.80,80.134,94.349,80.13,94.84
80.12,93.79,80.124,94.345,80.12,94.84
80.12,93.79,80.115,94.340,80.12,94.83
80.11,93.78,80.105,94.336,80.11,94.83
80.1,93.78,80.095,94.331,80.10,94.83
80.09,93.77,80.085,94.326,80.09,94.82
80.08,93.76,80.075,94.322,80.08,94.82
80.07,93.76,80.065,94.317,80.07,94.81
80.06,93.75,80.055,94.312,80.06,94.81
80.05,93.74,80.045,94.307,80.05,94.80
80.04,93.74,80.035,94.302,80.04,94.80
80.03,93.73,80.025,94.298,80.03,94.80
80.02,93.73,80.015,94.294,80.02,94.79
80.01,93.72,80.006,94.290,80.01,94.79
80,93.72,79.996,94.285,80.00,94.78
79.99,93.71,79.986,94.280,79.99,94.78
79.98,93.70,79.976,94.275,79.98,94.77
79.97,93.70,79.966,94.270,79.97,94.77
79.96,93.69,79.956,94.264,79.96,94.76
79.95,93.68,79.946,94.259,79.95,94.76
79.94,93.68,79.936,94.254,79.94,94.76
79.93,93.67,79.926,94.250,79.93,94.75
79.92,93.67,79.916,94.244,79.92,94.75
79.91,93.66,79.906,94.240,79.91,94.74
79.9,93.65,79.896,94.236,79.90,94.74
79.89,93.65,79.887,94.231,79.89,94.73
79.88,93.64,79.877,94.226,79.88,94.73
79.87,93.64,79.867,94.221,79.87,94.73
79.86,93.63,79.857,94.216,79.86,94.72
79.85,93.62,79.847,94.211,79.85,94.72
79.84,93.62,79.837,94.206,79.84,94.71
79.83,93.61,79.827,94.201,79.83,94.71
79.82,93.60,79.817,94.197,79.82,94.70
79.81,93.60,79.807,94.191,79.81,94.70
79.8,93.59,79.797,94.186,79.80,94.70
79.79,93.58,79.787,94.182,79.79,94.69
79.78,93.58,79.778,94.177,79.78,94.69
79.77,93.57,79.768,94.172,79.77,94.68
79.76,93.56,79.758,94.168,79.76,94.68
79.75,93.56,79.748,94.163,79.75,94.67
79.74,93.55,79.738,94.158,79.74,94.67
79.73,93.54,79.728,94.153,79.73,94.66
79.72,93.54,79.718,94.148,79.72,94.66
79.71,93.53,79.708,94.142,79.71,94.66
79.7,93.53,79.698,94.138,79.70,94.65
79.69,93.52,79.688,94.132,79.69,94.65
79.68,93.51,79.678,94.127,79.68,94.64
79.67,93.51,79.668,94.123,79.67,94.64
79.66,93.50,79.659,94.119,79.66,94.63
79.65,93.49,79.649,94.114,79.65,94.63
79.64,93.49,79.639,94.109,79.64,94.63
79.63,93.48,79.629,94.104,79.63,94.62
79.62,93.48,79.619,94.099,79.62,94.62
79.61,93.47,79.609,94.095,79.61,94.61
79.6,93.46,79.599,94.090,79.60,94.61
79.59,93.46,79.589,94.085,79.59,94.60
79.58,93.45,79.579,94.080,79.58,94.60
79.57,93.45,79.569,94.076,79.57,94.59
79.56,93.44,79.559,94.070,79.56,94.59
79.55,93.43,79.550,94.065,79.55,94.59
79.54,93.43,79.540,94.060,79.54,94.58
79.53,93.42,79.530,94.055,79.53,94.58
79.52,93.41,79.520,94.050,79.52,94.57
79.51,93.41,79.510,94.046,79.51,94.57
79.5,93.40,79.500,94.041,79.50,94.56
79.49,93.40,79.490,94.035,79.49,94.56
79.48,93.39,79.480,94.030,79.48,94.56
79.47,93.38,79.470,94.025,79.47,94.55
79.46,93.38,79.460,94.021,79.46,94.55
79.45,93.37,79.450,94.016,79.45,94.54
79.44,93.36,79.440,94.010,79.44,94.54
79.43,93.36,79.431,94.005,79.43,94.53
79.42,93.35,79.421,94.001,79.42,94.53
79.41,93.34,79.411,93.995,79.41,94.52
79.4,93.34,79.401,93.991,79.40,94.52
79.39,93.33,79.391,93.986,79.39,94.52
79.38,93.32,79.381,93.981,79.38,94.51
79.37,93.32,79.371,93.976,79.37,94.51
79.36,93.31,79.361,93.971,79.36,94.50
79.35,93.31,79.351,93.966,79.35,94.50
79.34,93.30,79.341,93.961,79.34,94.49
79.33,93.29,79.331,93.955,79.33,94.49
79.32,93.29,79.322,93.951,79.32,94.48
79.31,93.28,79.312,93.946,79.31,94.48
79.3,93.27,79.302,93.941,79.30,94.48
79.29,93.27,79.292,93.936,79.29,94.47
79.28,93.26,79.282,93.931,79.28,94.47
79.27,93.25,79.272,93.926,79.27,94.46
79.26,93.25,79.262,93.920,79.26,94.46
79.25,93.24,79.252,93.916,79.25,94.46
79.24,93.23,79.242,93.911,79.24,94.45
79.23,93.23,79.232,93.906,79.23,94.45
79.22,93.22,79.222,93.901,79.22,94.44
79.21,93.21,79.212,93.896,79.21,94.44
79.2,93.21,79.203,93.891,79.20,94.43
79.19,93.20,79.193,93.885,79.19,94.43
79.18,93.20,79.183,93.881,79.18,94.42
79.17,93.19,79.173,93.875,79.17,94.42
79.16,93.18,79.163,93.870,79.16,94.41
79.15,93.18,79.153,93.864,79.15,94.41
79.14,93.17,79.143,93.859,79.14,94.41
79.13,93.16,79.133,93.854,79.13,94.40
79.12,93.16,79.123,93.848,79.12,94.40
79.11,93.15,79.113,93.843,79.11,94.39
79.1,93.14,79.103,93.839,79.10,94.39
79.09,93.14,79.094,93.833,79.09,94.39
79.08,93.13,79.084,93.828,79.08,94.38
79.07,93.12,79.074,93.823,79.07,94.38
79.06,93.12,79.064,93.818,79.06,94.37
79.05,93.11,79.054,93.813,79.05,94.37
79.04,93.10,79.044,93.809,79.04,94.36
79.03,93.10,79.034,93.804,79.03,94.36
79.02,93.09,79.024,93.799,79.02,94.35
79.01,93.09,79.014,93.795,79.01,94.35
79,93.08,79.004,93.790,79.00,94.34
78.99,93.07,78.994,93.784,78.99,94.34
78.98,93.07,78.984,93.778,78.98,94.34
78.98,93.06,78.975,93.774,78.98,94.33
78.97,93.06,78.965,93.769,78.97,94.33
78.96,93.05,78.955,93.764,78.96,94.32
78.95,93.04,78.945,93.760,78.95,94.32
78.94,93.03,78.935,93.755,78.94,94.31
78.93,93.03,78.925,93.750,78.93,94.31
78.92,93.02,78.915,93.745,78.92,94.30
78.91,93.02,78.905,93.740,78.91,94.30
78.9,93.01,78.895,93.735,78.90,94.29
78.89,93.00,78.885,93.729,78.89,94.29
78.88,93.00,78.875,93.724,78.88,94.28
78.87,92.99,78.866,93.720,78.87,94.28
78.86,92.98,78.856,93.714,78.86,94.27
78.85,92.98,78.846,93.709,78.85,94.27
78.84,92.97,78.836,93.703,78.84,94.27
78.83,92.96,78.826,93.698,78.83,94.26
78.82,92.96,78.816,93.693,78.82,94.26
78.81,92.95,78.806,93.687,78.81,94.25
78.8,92.94,78.796,93.681,78.80,94.25
78.79,92.93,78.786,93.676,78.79,94.24
78.78,92.93,78.776,93.671,78.78,94.24
78.77,92.92,78.766,93.666,78.77,94.23
78.76,92.91,78.756,93.661,78.76,94.23
78.75,92.91,78.747,93.656,78.75,94.23
78.74,92.90,78.737,93.650,78.74,94.22
78.73,92.89,78.727,93.645,78.73,94.22
78.72,92.89,78.717,93.640,78.72,94.21
78.71,92.88,78.707,93.636,78.71,94.21
78.7,92.87,78.697,93.631,78.70,94.20
78.69,92.87,78.687,93.625,78.69,94.20
78.68,92.86,78.677,93.620,78.68,94.19
78.67,92.85,78.667,93.615,78.67,94.19
78.66,92.84,78.657,93.611,78.66,94.19
78.65,92.84,78.647,93.605,78.65,94.18
78.64,92.83,78.638,93.600,78.64,94.18
78.63,92.82,78.628,93.594,78.63,94.17
78.62,92.82,78.618,93.589,78.62,94.17
78.61,92.81,78.608,93.584,78.61,94.16
78.6,92.80,78.598,93.579,78.60,94.16
78.59,92.79,78.588,93.574,78.59,94.15
78.58,92.79,78.578,93.569,78.58,94.15
78.57,92.78,78.568,93.564,78.57,94.14
78.56,92.77,78.558,93.559,78.56,94.14
78.55,92.77,78.548,93.554,78.55,94.14
78.54,92.76,78.538,93.550,78.54,94.13
78.53,92.76,78.528,93.544,78.53,94.13
78.52,92.75,78.519,93.539,78.52,94.12
78.51,92.74,78.509,93.533,78.51,94.12
78.5,92.74,78.499,93.527,78.50,94.12
78.49,92.73,78.489,93.522,78.49,94.11
78.48,92.72,78.479,93.517,78.48,94.10
78.47,92.71,78.469,93.511,78.47,94.10
78.46,92.71,78.459,93.506,78.46,94.09
78.45,92.70,78.449,93.501,78.45,94.09
78.44,92.69,78.439,93.495,78.44,94.09
78.43,92.69,78.429,93.490,78.43,94.08
78.42,92.68,78.419,93.485,78.42,94.08
78.41,92.68,78.410,93.480,78.41,94.07
78.4,92.67,78.400,93.475,78.40,94.07
78.39,92.66,78.390,93.470,78.39,94.06
78.38,92.65,78.380,93.464,78.38,94.06
78.37,92.65,78.370,93.458,78.37,94.05
78.36,92.64,78.360,93.453,78.36,94.05
78.35,92.63,78.350,93.447,78.35,94.04
78.34,92.63,78.340,93.442,78.34,94.04
78.33,92.62,78.330,93.436,78.33,94.03
78.32,92.61,78.320,93.431,78.32,94.03
78.31,92.60,78.310,93.426,78.31,94.02
78.3,92.60,78.300,93.421,78.30,94.02
78.29,92.59,78.291,93.416,78.29,94.01
78.28,92.59,78.281,93.411,78.28,94.01
78.27,92.58,78.271,93.405,78.27,94.01
78.26,92.57,78.261,93.400,78.26,94.00
78.25,92.57,78.251,93.395,78.25,94.00
78.24,92.56,78.241,93.390,78.24,93.99
78.23,92.55,78.231,93.385,78.23,93.99
78.22,92.55,78.221,93.379,78.22,93.98
78.21,92.54,78.211,93.374,78.21,93.98
78.2,92.53,78.201,93.369,78.20,93.97
78.19,92.52,78.191,93.364,78.19,93.97
78.18,92.52,78.182,93.359,78.18,93.96
78.17,92.51,78.172,93.354,78.17,93.96
78.16,92.51,78.162,93.348,78.16,93.95
78.15,92.50,78.152,93.343,78.15,93.95
78.14,92.49,78.142,93.338,78.14,93.94
78.13,92.49,78.132,93.333,78.13,93.94
78.12,92.48,78.122,93.329,78.12,93.93
78.11,92.47,78.112,93.323,78.11,93.93
78.1,92.47,78.102,93.317,78.10,93.93
78.09,92.46,78.092,93.312,78.09,93.92
78.08,92.45,78.082,93.307,78.08,93.92
78.07,92.45,78.072,93.302,78.07,93.91
78.06,92.44,78.063,93.296,78.06,93.91
78.05,92.43,78.053,93.291,78.05,93.90
78.04,92.42,78.043,93.286,78.04,93.90
78.03,92.42,78.033,93.281,78.03,93.89
78.02,92.41,78.023,93.276,78.02,93.89
78.01,92.40,78.013,93.270,78.01,93.88
78,92.40,78.003,93.265,78.00,93.88
77.99,92.39,77.993,93.260,77.99,93.87
77.98,92.38,77.983,93.255,77.98,93.87
77.97,92.38,77.973,93.250,77.97,93.86
77.96,92.37,77.963,93.244,77.96,93.86
77.95,92.36,77.954,93.239,77.95,93.85
77.94,92.36,77.944,93.234,77.94,93.85
77.93,92.35,77.934,93.228,77.93,93.84
77.92,92.34,77.924,93.223,77.92,93.84
77.91,92.34,77.914,93.218,77.91,93.84
77.9,92.33,77.904,93.214,77.90,93.83
77.89,92.32,77.894,93.208,77.89,93.83
77.88,92.32,77.884,93.203,77.88,93.82
77.87,92.31,77.874,93.198,77.87,93.82
77.86,92.30,77.864,93.193,77.86,93.81
77.85,92.30,77.854,93.187,77.85,93.81
77.84,92.29,77.844,93.182,77.84,93.80
77.84,92.28,77.835,93.177,77.84,93.80
77.83,92.27,77.825,93.172,77.83,93.79
77.82,92.27,77.815,93.167,77.82,93.79
77.81,92.26,77.805,93.162,77.81,93.78
77.8,92.25,77.795,93.157,77.80,93.78
77.79,92.25,77.785,93.152,77.79,93.78
77.78,92.24,77.775,93.147,77.78,93.77
77.77,92.23,77.765,93.143,77.77,93.76
77.76,92.23,77.755,93.138,77.76,93.76
77.75,92.22,77.745,93.133,77.75,93.76
77.74,92.21,77.735,93.128,77.74,93.75
77.73,92.21,77.726,93.123,77.73,93.75
77.72,92.20,77.716,93.118,77.72,93.74
77.71,92.19,77.706,93.112,77.71,93.74
77.7,92.19,77.696,93.106,77.70,93.73
77.69,92.18,77.686,93.101,77.69,93.73
77.68,92.17,77.676,93.096,77.68,93.72
77.67,92.16,77.666,93.091,77.67,93.72
77.66,92.16,77.656,93.086,77.66,93.71
77.65,92.15,77.646,93.080,77.65,93.71
77.64,92.14,77.636,93.074,77.64,93.70
77.63,92.14,77.626,93.069,77.63,93.70
77.62,92.13,77.616,93.064,77.62,93.69
77.61,92.12,77.607,93.058,77.61,93.69
77.6,92.11,77.597,93.053,77.60,93.69
77.59,92.11,77.587,93.047,77.59,93.68
77.58,92.10,77.577,93.041,77.58,93.68
77.57,92.09,77.567,93.036,77.57,93.67
77.56,92.09,77.557,93.031,77.56,93.67
77.55,92.08,77.547,93.026,77.55,93.66
77.54,92.08,77.537,93.021,77.54,93.66
77.53,92.07,77.527,93.016,77.53,93.65
77.52,92.06,77.517,93.010,77.52,93.65
77.51,92.06,77.507,93.005,77.51,93.64
77.5,92.05,77.498,92.999,77.50,93.64
77.49,92.04,77.488,92.993,77.49,93.64
77.48,92.03,77.478,92.988,77.48,93.63
77.47,92.03,77.468,92.984,77.47,93.63
77.46,92.02,77.458,92.979,77.46,93.62
77.45,92.01,77.448,92.973,77.45,93.62
77.44,92.00,77.438,92.969,77.44,93.61
77.43,92.00,77.428,92.964,77.43,93.61
77.42,91.99,77.418,92.958,77.42,93.60
77.41,91.98,77.408,92.954,77.41,93.60
77.4,91.97,77.398,92.949,77.40,93.59
77.39,91.97,77.388,92.943,77.39,93.59
77.38,91.96,77.379,92.938,77.38,93.58
77.37,91.95,77.369,92.933,77.37,93.58
77.36,91.95,77.359,92.927,77.36,93.57
77.35,91.94,77.349,92.922,77.35,93.57
77.34,91.93,77.339,92.917,77.34,93.56
77.33,91.93,77.329,92.912,77.33,93.56
77.32,91.92,77.319,92.905,77.32,93.55
77.31,91.91,77.309,92.900,77.31,93.55
77.3,91.91,77.299,92.895,77.30,93.54
77.29,91.90,77.289,92.889,77.29,93.54
77.28,91.89,77.279,92.883,77.28,93.54
77.27,91.88,77.270,92.879,77.27,93.53
77.26,91.88,77.260,92.873,77.26,93.53
77.25,91.87,77.250,92.867,77.25,93.52
77.24,91.86,77.240,92.862,77.24,93.52
77.23,91.85,77.230,92.857,77.23,93.51
77.22,91.85,77.220,92.851,77.22,93.51
77.21,91.84,77.210,92.845,77.21,93.50
77.2,91.83,77.200,92.840,77.20,93.50
77.19,91.82,77.190,92.834,77.19,93.49
77.18,91.82,77.180,92.829,77.18,93.49
77.17,91.81,77.170,92.824,77.17,93.48
77.16,91.80,77.160,92.818,77.16,93.48
77.15,91.79,77.151,92.813,77.15,93.47
77.14,91.79,77.141,92.808,77.14,93.47
77.13,91.78,77.131,92.802,77.13,93.46
77.12,91.77,77.121,92.797,77.12,93.46
77.11,91.77,77.111,92.791,77.11,93.45
77.1,91.76,77.101,92.786,77.10,93.45
77.09,91.75,77.091,92.780,77.09,93.44
77.08,91.74,77.081,92.775,77.08,93.44
77.07,91.74,77.071,92.770,77.07,93.43
77.06,91.73,77.061,92.765,77.06,93.43
77.05,91.72,77.051,92.759,77.05,93.42
77.04,91.72,77.042,92.755,77.04,93.42
77.03,91.71,77.032,92.749,77.03,93.41
77.02,91.70,77.022,92.744,77.02,93.41
77.01,91.70,77.012,92.739,77.01,93.40
77,91.69,77.002,92.734,77.00,93.40
76.99,91.68,76.992,92.728,76.99,93.40
76.98,91.68,76.982,92.723,76.98,93.39
76.97,91.67,76.972,92.717,76.97,93.39
76.96,91.66,76.962,92.711,76.96,93.38
76.95,91.65,76.952,92.706,76.95,93.38
76.94,91.65,76.942,92.700,76.94,93.37
76.93,91.64,76.932,92.695,76.93,93.37
76.92,91.63,76.923,92.689,76.92,93.36
76.91,91.63,76.913,92.684,76.91,93.35
76.9,91.62,76.903,92.678,76.90,93.35
76.89,91.61,76.893,92.673,76.89,93.34
76.88,91.61,76.883,92.668,76.88,93.34
76.87,91.60,76.873,92.664,76.87,93.33
76.86,91.59,76.863,92.660,76.86,93.33
76.85,91.58,76.853,92.655,76.85,93.32
76.84,91.58,76.843,92.650,76.84,93.32
76.83,91.57,76.833,92.644,76.83,93.32
76.82,91.56,76.823,92.638,76.82,93.31
76.81,91.55,76.814,92.633,76.81,93.30
76.8,91.54,76.804,92.627,76.80,93.30
76.79,91.54,76.794,92.622,76.79,93.29
76.78,91.53,76.784,92.616,76.78,93.29
76.77,91.52,76.774,92.610,76.77,93.29
76.76,91.51,76.764,92.605,76.76,93.28
76.75,91.51,76.754,92.600,76.75,93.28
76.74,91.50,76.744,92.595,76.74,93.27
76.73,91.49,76.734,92.590,76.73,93.27
76.72,91.49,76.724,92.583,76.72,93.26
76.71,91.48,76.714,92.577,76.71,93.26
76.7,91.47,76.704,92.571,76.70,93.25
76.7,91.46,76.695,92.566,76.70,93.25
76.69,91.45,76.685,92.561,76.69,93.24
76.68,91.45,76.675,92.556,76.68,93.24
76.67,91.44,76.665,92.550,76.67,93.23
76.66,91.43,76.655,92.545,76.66,93.23
76.65,91.42,76.645,92.539,76.65,93.22
76.64,91.42,76.635,92.533,76.64,93.22
76.63,91.41,76.625,92.528,76.63,93.21
76.62,91.40,76.615,92.522,76.62,93.21
76.61,91.40,76.605,92.516,76.61,93.20
76.6,91.39,76.595,92.510,76.60,93.20
76.59,91.38,76.586,92.504,76.59,93.19
76.58,91.37,76.576,92.499,76.58,93.19
76.57,91.36,76.566,92.493,76.57,93.18
76.56,91.36,76.556,92.487,76.56,93.18
76.55,91.35,76.546,92.482,76.55,93.17
76.54,91.34,76.536,92.476,76.54,93.17
76.53,91.33,76.526,92.471,76.53,93.16
76.52,91.32,76.516,92.465,76.52,93.16
76.51,91.32,76.506,92.460,76.51,93.15
76.5,91.31,76.496,92.454,76.50,93.15
76.49,91.30,76.486,92.449,76.49,93.14
76.48,91.29,76.476,92.443,76.48,93.14
76.47,91.29,76.467,92.437,76.47,93.13
76.46,91.28,76.457,92.431,76.46,93.13
76.45,91.27,76.447,92.425,76.45,93.12
76.44,91.26,76.437,92.420,76.44,93.12
76.43,91.25,76.427,92.413,76.43,93.11
76.42,91.25,76.417,92.407,76.42,93.11
76.41,91.24,76.407,92.402,76.41,93.10
76.4,91.23,76.397,92.397,76.40,93.09
76.39,91.23,76.387,92.392,76.39,93.09
76.38,91.22,76.377,92.386,76.38,93.09
76.37,91.21,76.367,92.381,76.37,93.08
76.36,91.20,76.358,92.375,76.36,93.08
76.35,91.20,76.348,92.370,76.35,93.07
76.34,91.19,76.338,92.363,76.34,93.07
76.33,91.18,76.328,92.358,76.33,93.06
76.32,91.17,76.318,92.352,76.32,93.06
76.31,91.17,76.308,92.346,76.31,93.05
76.3,91.16,76.298,92.340,76.30,93.05
76.29,91.15,76.288,92.335,76.29,93.04
76.28,91.14,76.278,92.329,76.28,93.04
76.27,91.14,76.268,92.323,76.27,93.03
76.26,91.13,76.258,92.317,76.26,93.03
76.25,91.12,76.248,92.311,76.25,93.02
76.24,91.11,76.239,92.306,76.24,93.02
76.23,91.11,76.229,92.300,76.23,93.01
76.22,91.10,76.219,92.294,76.22,93.01
76.21,91.09,76.209,92.288,76.21,93.00
76.2,91.08,76.199,92.281,76.20,93.00
76.19,91.08,76.189,92.275,76.19,92.99
76.18,91.07,76.179,92.269,76.18,92.99
76.17,91.06,76.169,92.263,76.17,92.98
76.16,91.06,76.159,92.258,76.16,92.98
76.15,91.05,76.149,92.252,76.15,92.97
76.14,91.04,76.139,92.246,76.14,92.97
76.13,91.03,76.130,92.240,76.13,92.96
76.12,91.03,76.120,92.234,76.12,92.96
76.11,91.02,76.110,92.229,76.11,92.95
76.1,91.01,76.100,92.224,76.10,92.95
76.09,91.00,76.090,92.218,76.09,92.94
76.08,90.99,76.080,92.211,76.08,92.94
76.07,90.99,76.070,92.205,76.07,92.93
76.06,90.98,76.060,92.199,76.06,92.93
76.05,90.97,76.050,92.193,76.05,92.92
76.04,90.96,76.040,92.187,76.04,92.92
76.03,90.95,76.030,92.182,76.03,92.91
76.02,90.94,76.020,92.176,76.02,92.91
76.01,90.94,76.011,92.170,76.01,92.90
76,90.93,76.001,92.166,76.00,92.90
75.99,90.92,75.991,92.160,75.99,92.89
75.98,90.91,75.981,92.155,75.98,92.89
75.97,90.91,75.971,92.151,75.97,92.88
75.96,90.90,75.961,92.144,75.96,92.88
75.95,90.89,75.951,92.138,75.95,92.87
75.94,90.88,75.941,92.131,75.94,92.87
75.93,90.88,75.931,92.125,75.93,92.86
75.92,90.87,75.921,92.119,75.92,92.86
75.91,90.86,75.911,92.114,75.91,92.85
75.9,90.85,75.902,92.108,75.90,92.84
75.89,90.85,75.892,92.102,75.89,92.84
75.88,90.84,75.882,92.096,75.88,92.84
75.87,90.83,75.872,92.091,75.87,92.83
75.86,90.82,75.862,92.086,75.86,92.82
75.85,90.82,75.852,92.080,75.85,92.82
75.84,90.81,75.842,92.074,75.84,92.81
75.83,90.80,75.832,92.068,75.83,92.81
75.82,90.79,75.822,92.062,75.82,92.80
75.81,90.79,75.812,92.056,75.81,92.80
75.8,90.78,75.802,92.050,75.80,92.79
75.79,90.77,75.792,92.044,75.79,92.79
75.78,90.76,75.783,92.038,75.78,92.78
75.77,90.75,75.773,92.032,75.77,92.78
75.76,90.75,75.763,92.026,75.76,92.77
75.75,90.74,75.753,92.021,75.75,92.77
75.74,90.73,75.743,92.015,75.74,92.76
75.73,90.73,75.733,92.008,75.73,92.76
75.72,90.72,75.723,92.003,75.72,92.75
75.71,90.71,75.713,91.997,75.71,92.75
75.7,90.70,75.703,91.991,75.70,92.74
75.69,90.69,75.693,91.985,75.69,92.74
75.68,90.69,75.683,91.979,75.68,92.73
75.67,90.68,75.674,91.973,75.67,92.73
75.66,90.67,75.664,91.967,75.66,92.72
75.65,90.66,75.654,91.960,75.65,92.72
75.64,90.65,75.644,91.954,75.64,92.71
75.63,90.65,75.634,91.948,75.63,92.71
75.62,90.64,75.624,91.943,75.62,92.70
75.61,90.63,75.614,91.936,75.61,92.70
75.6,90.62,75.604,91.931,75.60,92.69
75.59,90.62,75.594,91.925,75.59,92.69
75.58,90.61,75.584,91.920,75.58,92.68
75.57,90.60,75.574,91.914,75.57,92.68
75.56,90.60,75.564,91.908,75.56,92.67
75.56,90.59,75.555,91.903,75.56,92.67
75.55,90.58,75.545,91.897,75.55,92.66
75.54,90.57,75.535,91.891,75.54,92.66
75.53,90.57,75.525,91.885,75.53,92.65
75.52,90.56,75.515,91.879,75.52,92.65
75.51,90.55,75.505,91.873,75.51,92.64
75.5,90.54,75.495,91.867,75.50,92.64
75.49,90.53,75.485,91.862,75.49,92.63
75.48,90.52,75.475,91.856,75.48,92.63
75.47,90.52,75.465,91.850,75.47,92.62
75.46,90.51,75.455,91.844,75.46,92.62
75.45,90.50,75.446,91.836,75.45,92.61
75.44,90.49,75.436,91.831,75.44,92.61
75.43,90.48,75.426,91.824,75.43,92.60
75.42,90.47,75.416,91.819,75.42,92.59
75.41,90.47,75.406,91.813,75.41,92.59
75.4,90.46,75.396,91.808,75.40,92.59
75.39,90.45,75.386,91.803,75.39,92.58
75.38,90.44,75.376,91.798,75.38,92.58
75.37,90.44,75.366,91.792,75.37,92.57
75.36,90.43,75.356,91.786,75.36,92.56
75.35,90.42,75.346,91.780,75.35,92.56
75.34,90.41,75.336,91.775,75.34,92.55
75.33,90.41,75.327,91.769,75.33,92.55
75.32,90.40,75.317,91.765,75.32,92.54
75.31,90.39,75.307,91.758,75.31,92.54
75.3,90.38,75.297,91.753,75.30,92.53
75.29,90.38,75.287,91.746,75.29,92.53
75.28,90.37,75.277,91.740,75.28,92.52
75.27,90.36,75.267,91.735,75.27,92.52
75.26,90.35,75.257,91.729,75.26,92.51
75.25,90.34,75.247,91.723,75.25,92.51
75.24,90.34,75.237,91.718,75.24,92.50
75.23,90.33,75.227,91.711,75.23,92.50
75.22,90.32,75.218,91.705,75.22,92.49
75.21,90.31,75.208,91.699,75.21,92.49
75.2,90.30,75.198,91.693,75.20,92.48
75.19,90.30,75.188,91.687,75.19,92.48
75.18,90.29,75.178,91.681,75.18,92.47
75.17,90.28,75.168,91.675,75.17,92.47
75.16,90.27,75.158,91.669,75.16,92.46
75.15,90.26,75.148,91.662,75.15,92.46
75.14,90.26,75.138,91.656,75.14,92.45
75.13,90.25,75.128,91.650,75.13,92.45
75.12,90.24,75.118,91.645,75.12,92.44
75.11,90.23,75.108,91.639,75.11,92.44
75.1,90.23,75.099,91.634,75.10,92.43
75.09,90.22,75.089,91.628,75.09,92.43
75.08,90.21,75.079,91.622,75.08,92.42
75.07,90.20,75.069,91.616,75.07,92.42
75.06,90.19,75.059,91.610,75.06,92.41
75.05,90.18,75.049,91.604,75.05,92.41
75.04,90.18,75.039,91.598,75.04,92.40
75.03,90.17,75.029,91.591,75.03,92.40
75.02,90.16,75.019,91.585,75.02,92.39
75.01,90.16,75.009,91.579,75.01,92.39
75,90.15,74.999,91.573,75.00,92.38
74.99,90.14,74.990,91.568,74.99,92.38
74.98,90.13,74.980,91.563,74.98,92.37
74.97,90.13,74.970,91.557,74.97,92.37
74.96,90.12,74.960,91.552,74.96,92.36
74.95,90.11,74.950,91.546,74.95,92.36
74.94,90.10,74.940,91.540,74.94,92.35
74.93,90.10,74.930,91.535,74.93,92.34
74.92,90.09,74.920,91.530,74.92,92.34
74.91,90.08,74.910,91.523,74.91,92.33
74.9,90.07,74.900,91.517,74.90,92.33
74.89,90.06,74.890,91.510,74.89,92.32
74.88,90.05,74.880,91.503,74.88,92.32
74.87,90.05,74.871,91.497,74.87,92.31
74.86,90.04,74.861,91.491,74.86,92.31
74.85,90.03,74.851,91.485,74.85,92.30
74.84,90.02,74.841,91.479,74.84,92.30
74.83,90.01,74.831,91.473,74.83,92.29
74.82,90.01,74.821,91.468,74.82,92.29
74.81,90.00,74.811,91.462,74.81,92.28
74.8,89.99,74.801,91.456,74.80,92.28
74.79,89.98,74.791,91.450,74.79,92.27
74.78,89.98,74.781,91.444,74.78,92.27
74.77,89.97,74.771,91.438,74.77,92.26
74.76,89.96,74.762,91.432,74.76,92.26
74.75,89.95,74.752,91.425,74.75,92.25
74.74,89.94,74.742,91.419,74.74,92.25
74.73,89.94,74.732,91.412,74.73,92.24
74.72,89.93,74.722,91.407,74.72,92.24
74.71,89.92,74.712,91.401,74.71,92.23
74.7,89.91,74.702,91.395,74.70,92.23
74.69,89.91,74.692,91.390,74.69,92.22
74.68,89.90,74.682,91.384,74.68,92.22
74.67,89.89,74.672,91.378,74.67,92.21
74.66,89.88,74.662,91.372,74.66,92.21
74.65,89.88,74.652,91.367,74.65,92.20
74.64,89.87,74.643,91.360,74.64,92.20
74.63,89.86,74.633,91.354,74.63,92.19
74.62,89.85,74.623,91.348,74.62,92.19
74.61,89.84,74.613,91.342,74.61,92.18
74.6,89.84,74.603,91.335,74.60,92.18
74.59,89.83,74.593,91.328,74.59,92.17
74.58,89.82,74.583,91.322,74.58,92.17
74.57,89.81,74.573,91.316,74.57,92.16
74.56,89.80,74.563,91.309,74.56,92.16
74.55,89.80,74.553,91.302,74.55,92.15
74.54,89.79,74.543,91.297,74.54,92.14
74.53,89.78,74.534,91.290,74.53,92.14
74.52,89.77,74.524,91.285,74.52,92.14
74.51,89.76,74.514,91.278,74.51,92.13
74.5,89.76,74.504,91.272,74.50,92.13
74.49,89.75,74.494,91.265,74.49,92.12
74.48,89.74,74.484,91.260,74.48,92.11
74.47,89.73,74.474,91.253,74.47,92.11
74.46,89.72,74.464,91.248,74.46,92.10
74.45,89.71,74.454,91.243,74.45,92.10
74.44,89.70,74.444,91.236,74.44,92.09
74.43,89.70,74.434,91.231,74.43,92.09
74.42,89.69,74.424,91.225,74.42,92.08
74.42,89.68,74.415,91.219,74.42,92.08
74.41,89.67,74.405,91.213,74.41,92.07
74.4,89.66,74.395,91.208,74.40,92.07
74.39,89.66,74.385,91.202,74.39,92.06
74.38,89.65,74.375,91.194,74.38,92.06
74.37,89.64,74.365,91.189,74.37,92.05
74.36,89.63,74.355,91.184,74.36,92.04
74.35,89.62,74.345,91.178,74.35,92.04
74.34,89.61,74.335,91.172,74.34,92.03
74.33,89.60,74.325,91.166,74.33,92.03
74.32,89.60,74.315,91.160,74.32,92.02
74.31,89.59,74.306,91.154,74.31,92.02
74.3,89.58,74.296,91.147,74.30,92.01
74.29,89.57,74.286,91.141,74.29,92.01
74.28,89.57,74.276,91.135,74.28,92.00
74.27,89.56,74.266,91.129,74.27,92.00
74.26,89.55,74.256,91.124,74.26,91.99
74.25,89.55,74.246,91.118,74.25,91.99
74.24,89.54,74.236,91.112,74.24,91.98
74.23,89.53,74.226,91.107,74.23,91.98
74.22,89.52,74.216,91.100,74.22,91.97
74.21,89.52,74.206,91.095,74.21,91.97
74.2,89.51,74.196,91.089,74.20,91.96
74.19,89.50,74.187,91.083,74.19,91.96
74.18,89.49,74.177,91.075,74.18,91.95
74.17,89.49,74.167,91.069,74.17,91.95
74.16,89.48,74.157,91.063,74.16,91.94
74.15,89.47,74.147,91.058,74.15,91.94
74.14,89.46,74.137,91.053,74.14,91.93
74.13,89.45,74.127,91.048,74.13,91.92
74.12,89.45,74.117,91.043,74.12,91.92
74.11,89.44,74.107,91.037,74.11,91.91
74.1,89.43,74.097,91.032,74.10,91.91
74.09,89.42,74.087,91.026,74.09,91.90
74.08,89.41,74.078,91.021,74.08,91.90
74.07,89.41,74.068,91.014,74.07,91.89
74.06,89.40,74.058,91.009,74.06,91.89
74.05,89.39,74.048,91.003,74.05,91.88
74.04,89.38,74.038,90.996,74.04,91.88
74.03,89.37,74.028,90.991,74.03,91.87
74.02,89.36,74.018,90.986,74.02,91.87
74.01,89.36,74.008,90.979,74.01,91.86
74,89.35,73.998,90.973,74.00,91.86
73.99,89.34,73.988,90.967,73.99,91.85
73.98,89.34,73.978,90.961,73.98,91.85
73.97,89.33,73.968,90.955,73.97,91.84
73.96,89.32,73.959,90.948,73.96,91.84
73.95,89.31,73.949,90.942,73.95,91.83
73.94,89.31,73.939,90.936,73.94,91.83
73.93,89.30,73.929,90.930,73.93,91.82
73.92,89.29,73.919,90.924,73.92,91.81
73.91,89.28,73.909,90.918,73.91,91.81
73.9,89.27,73.899,90.912,73.90,91.80
73.89,89.27,73.889,90.907,73.89,91.80
73.88,89.26,73.879,90.900,73.88,91.79
73.87,89.25,73.869,90.895,73.87,91.79
73.86,89.24,73.859,90.889,73.86,91.78
73.85,89.23,73.850,90.883,73.85,91.78
73.84,89.22,73.840,90.876,73.84,91.77
73.83,89.22,73.830,90.869,73.83,91.76
73.82,89.21,73.820,90.863,73.82,91.76
73.81,89.20,73.810,90.857,73.81,91.75
73.8,89.19,73.800,90.850,73.80,91.75
73.79,89.18,73.790,90.844,73.79,91.74
73.78,89.18,73.780,90.838,73.78,91.74
73.77,89.17,73.770,90.832,73.77,91.73
73.76,89.16,73.760,90.825,73.76,91.73
73.75,89.15,73.750,90.819,73.75,91.72
73.74,89.15,73.741,90.812,73.74,91.72
73.73,89.14,73.731,90.807,73.73,91.71
73.72,89.13,73.721,90.801,73.72,91.71
73.71,89.12,73.711,90.794,73.71,91.70
73.7,89.12,73.701,90.789,73.70,91.70
73.69,89.11,73.691,90.783,73.69,91.69
73.68,89.10,73.681,90.776,73.68,91.68
73.67,89.09,73.671,90.771,73.67,91.68
73.66,89.08,73.661,90.764,73.66,91.67
73.65,89.08,73.651,90.759,73.65,91.67
73.64,89.07,73.641,90.753,73.64,91.66
73.63,89.06,73.631,90.748,73.63,91.66
73.62,89.05,73.622,90.743,73.62,91.65
73.61,89.05,73.612,90.737,73.61,91.65
73.6,89.04,73.602,90.731,73.60,91.64
73.59,89.03,73.592,90.724,73.59,91.64
73.58,89.02,73.582,90.719,73.58,91.63
73.57,89.01,73.572,90.713,73.57,91.62
73.56,89.00,73.562,90.707,73.56,91.62
73.55,89.00,73.552,90.701,73.55,91.61
73.54,88.99,73.542,90.694,73.54,91.61
73.53,88.98,73.532,90.687,73.53,91.60
73.52,88.97,73.522,90.681,73.52,91.60
73.51,88.96,73.513,90.676,73.51,91.59
73.5,88.96,73.503,90.670,73.50,91.59
73.49,88.95,73.493,90.663,73.49,91.58
73.48,88.94,73.483,90.656,73.48,91.58
73.47,88.93,73.473,90.649,73.47,91.57
73.46,88.92,73.463,90.643,73.46,91.57
73.45,88.92,73.453,90.638,73.45,91.56
73.44,88.91,73.443,90.632,73.44,91.56
73.43,88.90,73.433,90.626,73.43,91.55
73.42,88.89,73.423,90.620,73.42,91.54
73.41,88.88,73.413,90.615,73.41,91.54
73.4,88.88,73.403,90.608,73.40,91.53
73.39,88.87,73.394,90.603,73.39,91.53
73.38,88.86,73.384,90.597,73.38,91.52
73.37,88.85,73.374,90.590,73.37,91.52
73.36,88.85,73.364,90.584,73.36,91.51
73.35,88.84,73.354,90.577,73.35,91.51
73.34,88.83,73.344,90.571,73.34,91.50
73.33,88.82,73.334,90.563,73.33,91.49
73.32,88.81,73.324,90.558,73.32,91.49
73.31,88.81,73.314,90.552,73.31,91.48
73.3,88.80,73.304,90.547,73.30,91.48
73.29,88.79,73.294,90.541,73.29,91.47
73.29,88.78,73.285,90.536,73.29,91.47
73.28,88.77,73.275,90.530,73.28,91.46
73.27,88.76,73.265,90.523,73.27,91.45
73.26,88.75,73.255,90.517,73.26,91.45
73.25,88.74,73.245,90.512,73.25,91.44
73.24,88.74,73.235,90.505,73.24,91.44
73.23,88.73,73.225,90.499,73.23,91.43
73.22,88.72,73.215,90.493,73.22,91.43
73.21,88.71,73.205,90.486,73.21,91.42
73.2,88.70,73.195,90.481,73.20,91.41
73.19,88.69,73.185,90.474,73.19,91.41
73.18,88.69,73.175,90.468,73.18,91.40
73.17,88.68,73.166,90.462,73.17,91.40
73.16,88.67,73.156,90.456,73.16,91.39
73.15,88.66,73.146,90.449,73.15,91.39
73.14,88.65,73.136,90.443,73.14,91.38
73.13,88.64,73.126,90.437,73.13,91.38
73.12,88.63,73.116,90.431,73.12,91.37
73.11,88.63,73.106,90.425,73.11,91.36
73.1,88.62,73.096,90.418,73.10,91.36
73.09,88.61,73.086,90.412,73.09,91.35
73.08,88.60,73.076,90.404,73.08,91.35
73.07,88.59,73.066,90.398,73.07,91.34
73.06,88.58,73.057,90.392,73.06,91.34
73.05,88.58,73.047,90.386,73.05,91.33
73.04,88.57,73.037,90.381,73.04,91.33
73.03,88.56,73.027,90.375,73.03,91.32
73.02,88.55,73.017,90.369,73.02,91.31
73.01,88.54,73.007,90.363,73.01,91.31
73,88.53,72.997,90.356,73.00,91.30
72.99,88.53,72.987,90.349,72.99,91.29
72.98,88.52,72.977,90.343,72.98,91.29
72.97,88.51,72.967,90.336,72.97,91.28
72.96,88.50,72.957,90.330,72.96,91.28
72.95,88.49,72.947,90.324,72.95,91.27
72.94,88.48,72.938,90.319,72.94,91.27
72.93,88.47,72.928,90.314,72.93,91.26
72.92,88.47,72.918,90.308,72.92,91.26
72.91,88.46,72.908,90.302,72.91,91.25
72.9,88.45,72.898,90.296,72.90,91.24
72.89,88.44,72.888,90.290,72.89,91.24
72.88,88.43,72.878,90.283,72.88,91.23
72.87,88.43,72.868,90.277,72.87,91.23
72.86,88.42,72.858,90.271,72.86,91.22
72.85,88.41,72.848,90.265,72.85,91.22
72.84,88.40,72.838,90.258,72.84,91.21
72.83,88.39,72.829,90.252,72.83,91.21
72.82,88.38,72.819,90.246,72.82,91.20
72.81,88.38,72.809,90.239,72.81,91.19
72.8,88.37,72.799,90.234,72.80,91.19
72.79,88.36,72.789,90.228,72.79,91.18
72.78,88.35,72.779,90.221,72.78,91.17
72.77,88.34,72.769,90.215,72.77,91.17
72.76,88.33,72.759,90.210,72.76,91.16
72.75,88.33,72.749,90.204,72.75,91.16
72.74,88.32,72.739,90.197,72.74,91.15
72.73,88.31,72.729,90.193,72.73,91.15
72.72,88.31,72.719,90.186,72.72,91.14
72.71,88.30,72.710,90.180,72.71,91.14
72.7,88.29,72.700,90.174,72.70,91.13
72.69,88.28,72.690,90.168,72.69,91.13
72.68,88.28,72.680,90.161,72.68,91.12
72.67,88.27,72.670,90.154,72.67,91.12
72.66,88.26,72.660,90.148,72.66,91.11
72.65,88.25,72.650,90.143,72.65,91.10
72.64,88.24,72.640,90.136,72.64,91.10
72.63,88.23,72.630,90.129,72.63,91.09
72.62,88.23,72.620,90.124,72.62,91.09
72.61,88.22,72.610,90.117,72.61,91.08
72.6,88.21,72.601,90.111,72.60,91.07
72.59,88.20,72.591,90.106,72.59,91.07
72.58,88.19,72.581,90.100,72.58,91.06
72.57,88.18,72.571,90.093,72.57,91.06
72.56,88.18,72.561,90.087,72.56,91.05
72.55,88.17,72.551,90.081,72.55,91.05
72.54,88.16,72.541,90.075,72.54,91.04
72.53,88.15,72.531,90.069,72.53,91.03
72.52,88.14,72.521,90.063,72.52,91.03
72.51,88.14,72.511,90.056,72.51,91.02
72.5,88.13,72.501,90.051,72.50,91.02
72.49,88.12,72.491,90.045,72.49,91.01
72.48,88.11,72.482,90.039,72.48,91.00
72.47,88.10,72.472,90.034,72.47,91.00
72.46,88.09,72.462,90.028,72.46,90.99
72.45,88.08,72.452,90.023,72.45,90.99
72.44,88.07,72.442,90.017,72.44,90.98
72.43,88.07,72.432,90.010,72.43,90.98
72.42,88.06,72.422,90.004,72.42,90.97
72.41,88.05,72.412,89.998,72.41,90.96
72.4,88.04,72.402,89.991,72.40,90.96
72.39,88.03,72.392,89.984,72.39,90.95
72.38,88.02,72.382,89.978,72.38,90.95
72.37,88.02,72.373,89.973,72.37,90.94
72.36,88.01,72.363,89.967,72.36,90.94
72.35,88.00,72.353,89.961,72.35,90.93
72.34,87.99,72.343,89.956,72.34,90.92
72.33,87.98,72.333,89.949,72.33,90.92
72.32,87.97,72.323,89.943,72.32,90.91
72.31,87.97,72.313,89.937,72.31,90.91
72.3,87.96,72.303,89.931,72.30,90.90
72.29,87.95,72.293,89.925,72.29,90.90
72.28,87.94,72.283,89.920,72.28,90.89
72.27,87.93,72.273,89.912,72.27,90.88
72.26,87.92,72.263,89.906,72.26,90.88
72.25,87.92,72.254,89.900,72.25,90.87
72.24,87.91,72.244,89.894,72.24,90.87
72.23,87.90,72.234,89.887,72.23,90.86
72.22,87.89,72.224,89.880,72.22,90.86
72.21,87.89,72.214,89.875,72.21,90.85
72.2,87.88,72.204,89.869,72.20,90.85
72.19,87.87,72.194,89.863,72.19,90.84
72.18,87.86,72.184,89.858,72.18,90.83
72.17,87.85,72.174,89.852,72.17,90.83
72.16,87.84,72.164,89.846,72.16,90.82
72.15,87.83,72.154,89.839,72.15,90.82
72.15,87.83,72.145,89.833,72.15,90.81
72.14,87.82,72.135,89.827,72.14,90.80
72.13,87.81,72.125,89.820,72.13,90.80
72.12,87.80,72.115,89.814,72.12,90.79
72.11,87.79,72.105,89.808,72.11,90.79
72.1,87.78,72.095,89.801,72.10,90.78
72.09,87.78,72.085,89.794,72.09,90.78
72.08,87.77,72.075,89.789,72.08,90.77
72.07,87.76,72.065,89.782,72.07,90.76
72.06,87.75,72.055,89.776,72.06,90.76
72.05,87.74,72.045,89.770,72.05,90.75
72.04,87.73,72.035,89.763,72.04,90.75
72.03,87.72,72.026,89.758,72.03,90.74
72.02,87.71,72.016,89.752,72.02,90.74
72.01,87.71,72.006,89.746,72.01,90.73
72,87.70,71.996,89.740,72.00,90.72
71.99,87.69,71.986,89.735,71.99,90.72
71.98,87.68,71.976,89.730,71.98,90.71
71.97,87.67,71.966,89.723,71.97,90.71
71.96,87.66,71.956,89.717,71.96,90.70
71.95,87.65,71.946,89.711,71.95,90.70
71.94,87.64,71.936,89.706,71.94,90.69
71.93,87.64,71.926,89.700,71.93,90.68
71.92,87.63,71.917,89.694,71.92,90.68
71.91,87.62,71.907,89.688,71.91,90.67
71.9,87.61,71.897,89.683,71.90,90.67
71.89,87.60,71.887,89.677,71.89,90.66
71.88,87.59,71.877,89.671,71.88,90.66
71.87,87.58,71.867,89.663,71.87,90.65
71.86,87.58,71.857,89.658,71.86,90.64
71.85,87.57,71.847,89.652,71.85,90.64
71.84,87.56,71.837,89.645,71.84,90.63
71.83,87.55,71.827,89.639,71.83,90.63
71.82,87.54,71.817,89.633,71.82,90.62
71.81,87.54,71.807,89.627,71.81,90.61
71.8,87.53,71.798,89.621,71.80,90.61
71.79,87.52,71.788,89.616,71.79,90.60
71.78,87.51,71.778,89.609,71.78,90.60
71.77,87.50,71.768,89.604,71.77,90.59
71.76,87.49,71.758,89.598,71.76,90.59
71.75,87.48,71.748,89.592,71.75,90.58
71.74,87.47,71.738,89.586,71.74,90.57
71.73,87.47,71.728,89.580,71.73,90.57
71.72,87.46,71.718,89.574,71.72,90.56
71.71,87.45,71.708,89.569,71.71,90.56
71.7,87.44,71.698,89.562,71.70,90.55
71.69,87.43,71.689,89.556,71.69,90.55
71.68,87.42,71.679,89.550,71.68,90.54
71.67,87.41,71.669,89.543,71.67,90.53
71.66,87.41,71.659,89.537,71.66,90.53
71.65,87.40,71.649,89.529,71.65,90.52
71.64,87.39,71.639,89.522,71.64,90.52
71.63,87.38,71.629,89.517,71.63,90.51
71.62,87.37,71.619,89.510,71.62,90.50
71.61,87.36,71.609,89.504,71.61,90.50
71.6,87.36,71.599,89.497,71.60,90.49
71.59,87.35,71.589,89.491,71.59,90.49
71.58,87.34,71.579,89.485,71.58,90.48
71.57,87.33,71.570,89.479,71.57,90.47
71.56,87.32,71.560,89.473,71.56,90.47
71.55,87.32,71.550,89.467,71.55,90.46
71.54,87.31,71.540,89.462,71.54,90.46
71.53,87.30,71.530,89.456,71.53,90.45
71.52,87.29,71.520,89.450,71.52,90.45
71.51,87.28,71.510,89.444,71.51,90.44
71.5,87.28,71.500,89.437,71.50,90.43
71.49,87.27,71.490,89.432,71.49,90.43
71.48,87.26,71.480,89.426,71.48,90.42
71.47,87.25,71.470,89.420,71.47,90.42
71.46,87.24,71.461,89.414,71.46,90.41
71.45,87.23,71.451,89.408,71.45,90.40
71.44,87.22,71.441,89.403,71.44,90.40
71.43,87.21,71.431,89.398,71.43,90.39
71.42,87.21,71.421,89.392,71.42,90.38
71.41,87.20,71.411,89.385,71.41,90.38
71.4,87.19,71.401,89.379,71.40,90.37
71.39,87.18,71.391,89.374,71.39,90.37
71.38,87.17,71.381,89.367,71.38,90.36
71.37,87.16,71.371,89.361,71.37,90.35
71.36,87.16,71.361,89.355,71.36,90.35
71.35,87.15,71.351,89.348,71.35,90.34
71.34,87.14,71.342,89.342,71.34,90.34
71.33,87.13,71.332,89.337,71.33,90.33
71.32,87.12,71.322,89.331,71.32,90.32
71.31,87.11,71.312,89.325,71.31,90.32
71.3,87.10,71.302,89.320,71.30,90.31
71.29,87.10,71.292,89.313,71.29,90.31
71.28,87.09,71.282,89.308,71.28,90.30
71.27,87.08,71.272,89.302,71.27,90.29
71.26,87.07,71.262,89.296,71.26,90.29
71.25,87.06,71.252,89.290,71.25,90.28
71.24,87.05,71.242,89.284,71.24,90.28
71.23,87.04,71.233,89.278,71.23,90.27
71.22,87.03,71.223,89.272,71.22,90.27
71.21,87.02,71.213,89.265,71.21,90.26
71.2,87.02,71.203,89.260,71.20,90.25
71.19,87.01,71.193,89.254,71.19,90.25
71.18,87.00,71.183,89.248,71.18,90.24
71.17,86.99,71.173,89.242,71.17,90.24
71.16,86.98,71.163,89.235,71.16,90.23
71.15,86.98,71.153,89.229,71.15,90.22
71.14,86.97,71.143,89.222,71.14,90.22
71.13,86.96,71.133,89.216,71.13,90.21
71.12,86.95,71.123,89.211,71.12,90.21
71.11,86.94,71.114,89.204,71.11,90.20
71.1,86.93,71.104,89.198,71.10,90.19
71.09,86.92,71.094,89.191,71.09,90.19
71.08,86.92,71.084,89.184,71.08,90.18
71.07,86.91,71.074,89.178,71.07,90.18
71.06,86.90,71.064,89.170,71.06,90.17
71.05,86.89,71.054,89.163,71.05,90.17
71.04,86.88,71.044,89.157,71.04,90.16
71.03,86.87,71.034,89.151,71.03,90.15
71.02,86.87,71.024,89.144,71.02,90.15
71.01,86.86,71.014,89.138,71.01,90.14
71.01,86.85,71.005,89.131,71.01,90.14
71,86.84,70.995,89.125,71.00,90.13
70.99,86.83,70.985,89.118,70.99,90.13
70.98,86.82,70.975,89.111,70.98,90.12
70.97,86.81,70.965,89.105,70.97,90.12
70.96,86.80,70.955,89.101,70.96,90.11
70.95,86.79,70.945,89.096,70.95,90.11
70.94,86.79,70.935,89.090,70.94,90.10
70.93,86.78,70.925,89.084,70.93,90.10
70.92,86.77,70.915,89.078,70.92,90.09
70.91,86.76,70.905,89.072,70.91,90.09
70.9,86.75,70.895,89.065,70.90,90.08
70.89,86.74,70.886,89.059,70.89,90.07
70.88,86.73,70.876,89.051,70.88,90.07
70.87,86.73,70.866,89.045,70.87,90.06
70.86,86.72,70.856,89.039,70.86,90.05
70.85,86.71,70.846,89.032,70.85,90.05
70.84,86.70,70.836,89.026,70.84,90.04
70.83,86.69,70.826,89.020,70.83,90.04
70.82,86.69,70.816,89.014,70.82,90.03
70.81,86.68,70.806,89.009,70.81,90.03
70.8,86.67,70.796,89.002,70.80,90.02
70.79,86.66,70.786,88.995,70.79,90.02
70.78,86.65,70.777,88.989,70.78,90.01
70.77,86.64,70.767,88.982,70.77,90.00
70.76,86.64,70.757,88.976,70.76,90.00
70.75,86.63,70.747,88.969,70.75,89.99
70.74,86.62,70.737,88.962,70.74,89.99
70.73,86.61,70.727,88.955,70.73,89.98
70.72,86.60,70.717,88.948,70.72,89.97
70.71,86.59,70.707,88.941,70.71,89.97
70.7,86.59,70.697,88.934,70.70,89.96
70.69,86.58,70.687,88.929,70.69,89.96
70.68,86.57,70.677,88.923,70.68,89.95
70.67,86.56,70.667,88.918,70.67,89.95
70.66,86.55,70.658,88.913,70.66,89.94
70.65,86.54,70.648,88.907,70.65,89.93
70.64,86.53,70.638,88.900,70.64,89.93
70.63,86.52,70.628,88.894,70.63,89.92
70.62,86.52,70.618,88.887,70.62,89.92
70.61,86.51,70.608,88.881,70.61,89.91
70.6,86.50,70.598,88.875,70.60,89.90
70.59,86.49,70.588,88.869,70.59,89.90
70.58,86.48,70.578,88.863,70.58,89.89
70.57,86.47,70.568,88.855,70.57,89.88
70.56,86.46,70.558,88.849,70.56,89.88
70.55,86.45,70.549,88.843,70.55,89.87
70.54,86.45,70.539,88.836,70.54,89.87
70.53,86.44,70.529,88.830,70.53,89.86
70.52,86.43,70.519,88.824,70.52,89.86
70.51,86.42,70.509,88.816,70.51,89.85
70.5,86.41,70.499,88.809,70.50,89.84
70.49,86.40,70.489,88.803,70.49,89.84
70.48,86.39,70.479,88.797,70.48,89.83
70.47,86.39,70.469,88.789,70.47,89.82
70.46,86.38,70.459,88.784,70.46,89.82
70.45,86.37,70.449,88.778,70.45,89.81
70.44,86.36,70.439,88.772,70.44,89.81
70.43,86.35,70.430,88.766,70.43,89.80
70.42,86.34,70.420,88.759,70.42,89.80
70.41,86.33,70.410,88.753,70.41,89.79
70.4,86.32,70.400,88.747,70.40,89.78
70.39,86.32,70.390,88.740,70.39,89.78
70.38,86.31,70.380,88.734,70.38,89.77
70.37,86.30,70.370,88.728,70.37,89.77
70.36,86.29,70.360,88.722,70.36,89.76
70.35,86.28,70.350,88.714,70.35,89.75
70.34,86.27,70.340,88.708,70.34,89.75
70.33,86.27,70.330,88.702,70.33,89.74
70.32,86.26,70.321,88.697,70.32,89.74
70.31,86.25,70.311,88.692,70.31,89.73
70.3,86.24,70.301,88.685,70.30,89.73
70.29,86.23,70.291,88.678,70.29,89.72
70.28,86.22,70.281,88.671,70.28,89.71
70.27,86.22,70.271,88.665,70.27,89.71
70.26,86.21,70.261,88.658,70.26,89.70
70.25,86.20,70.251,88.650,70.25,89.70
70.24,86.19,70.241,88.644,70.24,89.69
70.23,86.18,70.231,88.638,70.23,89.68
70.22,86.17,70.221,88.631,70.22,89.68
70.21,86.16,70.211,88.625,70.21,89.67
70.2,86.15,70.202,88.618,70.20,89.67
70.19,86.15,70.192,88.611,70.19,89.66
70.18,86.14,70.182,88.606,70.18,89.65
70.17,86.13,70.172,88.599,70.17,89.65
70.16,86.12,70.162,88.592,70.16,89.64
70.15,86.11,70.152,88.586,70.15,89.64
70.14,86.10,70.142,88.579,70.14,89.63
70.13,86.09,70.132,88.573,70.13,89.62
70.12,86.08,70.122,88.565,70.12,89.62
70.11,86.08,70.112,88.559,70.11,89.61
70.1,86.07,70.102,88.552,70.10,89.61
70.09,86.06,70.093,88.544,70.09,89.60
70.08,86.05,70.083,88.538,70.08,89.59
70.07,86.04,70.073,88.531,70.07,89.59
70.06,86.03,70.063,88.525,70.06,89.58
70.05,86.02,70.053,88.519,70.05,89.57
70.04,86.01,70.043,88.512,70.04,89.57
70.03,86.00,70.033,88.506,70.03,89.56
70.02,86.00,70.023,88.500,70.02,89.56
70.01,85.99,70.013,88.493,70.01,89.55
70,85.98,70.003,88.488,70.00,89.54
69.99,85.97,69.993,88.481,69.99,89.54
69.98,85.96,69.983,88.475,69.98,89.53
69.97,85.95,69.974,88.469,69.97,89.53
69.96,85.94,69.964,88.463,69.96,89.52
69.95,85.93,69.954,88.457,69.95,89.52
69.94,85.92,69.944,88.450,69.94,89.51
69.93,85.91,69.934,88.443,69.93,89.50
69.92,85.90,69.924,88.436,69.92,89.50
69.91,85.89,69.914,88.430,69.91,89.49
69.9,85.89,69.904,88.423,69.90,89.49
69.89,85.88,69.894,88.417,69.89,89.48
69.88,85.87,69.884,88.409,69.88,89.47
69.87,85.86,69.874,88.403,69.87,89.47
69.87,85.85,69.865,88.396,69.87,89.46
69.86,85.84,69.855,88.388,69.86,89.46
69.85,85.83,69.845,88.383,69.85,89.45
69.84,85.82,69.835,88.376,69.84,89.44
69.83,85.81,69.825,88.369,69.83,89.44
69.82,85.80,69.815,88.363,69.82,89.43
69.81,85.79,69.805,88.356,69.81,89.42
69.8,85.79,69.795,88.349,69.80,89.42
69.79,85.78,69.785,88.343,69.79,89.41
69.78,85.77,69.775,88.337,69.78,89.41
69.77,85.76,69.765,88.331,69.77,89.40
69.76,85.75,69.755,88.325,69.76,89.39
69.75,85.75,69.746,88.318,69.75,89.39
69.74,85.74,69.736,88.310,69.74,89.38
69.73,85.73,69.726,88.304,69.73,89.38
69.72,85.72,69.716,88.298,69.72,89.37
69.71,85.71,69.706,88.292,69.71,89.36
69.7,85.70,69.696,88.287,69.70,89.36
69.69,85.69,69.686,88.280,69.69,89.35
69.68,85.68,69.676,88.273,69.68,89.35
69.67,85.67,69.666,88.269,69.67,89.34
69.66,85.67,69.656,88.262,69.66,89.33
69.65,85.66,69.646,88.256,69.65,89.33
69.64,85.65,69.637,88.249,69.64,89.32
69.63,85.64,69.627,88.242,69.63,89.31
69.62,85.63,69.617,88.235,69.62,89.31
69.61,85.62,69.607,88.227,69.61,89.30
69.6,85.61,69.597,88.221,69.60,89.30
69.59,85.60,69.587,88.214,69.59,89.29
69.58,85.59,69.577,88.208,69.58,89.29
69.57,85.58,69.567,88.202,69.57,89.28
69.56,85.58,69.557,88.195,69.56,89.27
69.55,85.57,69.547,88.189,69.55,89.27
69.54,85.56,69.537,88.183,69.54,89.26
69.53,85.55,69.527,88.176,69.53,89.25
69.52,85.54,69.518,88.170,69.52,89.25
69.51,85.53,69.508,88.164,69.51,89.24
69.5,85.52,69.498,88.157,69.50,89.24
69.49,85.51,69.488,88.151,69.49,89.23
69.48,85.51,69.478,88.145,69.48,89.23
69.47,85.50,69.468,88.138,69.47,89.22
69.46,85.49,69.458,88.132,69.46,89.22
69.45,85.48,69.448,88.123,69.45,89.21
69.44,85.47,69.438,88.116,69.44,89.20
69.43,85.46,69.428,88.110,69.43,89.20
69.42,85.45,69.418,88.104,69.42,89.19
69.41,85.44,69.409,88.098,69.41,89.18
69.4,85.44,69.399,88.090,69.40,89.18
69.39,85.42,69.389,88.084,69.39,89.17
69.38,85.42,69.379,88.078,69.38,89.17
69.37,85.41,69.369,88.072,69.37,89.16
69.36,85.39,69.359,88.066,69.36,89.15
69.35,85.38,69.349,88.059,69.35,89.15
69.34,85.38,69.339,88.053,69.34,89.14
69.33,85.36,69.329,88.047,69.33,89.14
69.32,85.36,69.319,88.041,69.32,89.13
69.31,85.35,69.309,88.036,69.31,89.12
69.3,85.34,69.299,88.029,69.30,89.12
69.29,85.33,69.290,88.023,69.29,89.11
69.28,85.32,69.280,88.016,69.28,89.10
69.27,85.31,69.270,88.009,69.27,89.10
69.26,85.30,69.260,88.002,69.26,89.09
69.25,85.29,69.250,87.996,69.25,89.09
69.24,85.29,69.240,87.988,69.24,89.08
69.23,85.28,69.230,87.982,69.23,89.07
69.22,85.27,69.220,87.975,69.22,89.07
69.21,85.26,69.210,87.968,69.21,89.06
69.2,85.25,69.200,87.961,69.20,89.06
69.19,85.24,69.190,87.956,69.19,89.05
69.18,85.23,69.181,87.949,69.18,89.05
69.17,85.22,69.171,87.943,69.17,89.04
69.16,85.21,69.161,87.937,69.16,89.03
69.15,85.21,69.151,87.932,69.15,89.03
69.14,85.20,69.141,87.925,69.14,89.02
69.13,85.19,69.131,87.919,69.13,89.01
69.12,85.18,69.121,87.911,69.12,89.01
69.11,85.17,69.111,87.904,69.11,89.00
69.1,85.16,69.101,87.897,69.10,89.00
69.09,85.15,69.091,87.891,69.09,88.99
69.08,85.14,69.081,87.883,69.08,88.98
69.07,85.13,69.071,87.877,69.07,88.98
69.06,85.12,69.062,87.870,69.06,88.97
69.05,85.11,69.052,87.864,69.05,88.96
69.04,85.10,69.042,87.857,69.04,88.96
69.03,85.09,69.032,87.850,69.03,88.95
69.02,85.08,69.022,87.843,69.02,88.95
69.01,85.07,69.012,87.837,69.01,88.94
69,85.06,69.002,87.831,69.00,88.93
68.99,85.05,68.992,87.823,68.99,88.93
68.98,85.04,68.982,87.817,68.98,88.92
68.97,85.04,68.972,87.811,68.97,88.92
68.96,85.03,68.962,87.804,68.96,88.91
68.95,85.02,68.953,87.798,68.95,88.91
68.94,85.01,68.943,87.791,68.94,88.90
68.93,85.00,68.933,87.785,68.93,88.90
68.92,84.99,68.923,87.779,68.92,88.89
68.91,84.98,68.913,87.772,68.91,88.88
68.9,84.98,68.903,87.765,68.90,88.88
68.89,84.97,68.893,87.758,68.89,88.87
68.88,84.96,68.883,87.753,68.88,88.87
68.87,84.95,68.873,87.746,68.87,88.86
68.86,84.94,68.863,87.739,68.86,88.85
68.85,84.93,68.853,87.734,68.85,88.85
68.84,84.92,68.843,87.726,68.84,88.84
68.83,84.91,68.834,87.719,68.83,88.83
68.82,84.90,68.824,87.711,68.82,88.83
68.81,84.89,68.814,87.706,68.81,88.82
68.8,84.88,68.804,87.697,68.80,88.82
68.79,84.87,68.794,87.690,68.79,88.81
68.78,84.86,68.784,87.684,68.78,88.81
68.77,84.85,68.774,87.677,68.77,88.80
68.76,84.85,68.764,87.669,68.76,88.79
68.75,84.84,68.754,87.663,68.75,88.79
68.74,84.83,68.744,87.656,68.74,88.78
68.73,84.82,68.734,87.649,68.73,88.78
68.73,84.81,68.725,87.641,68.73,88.77
68.72,84.80,68.715,87.634,68.72,88.77
68.71,84.79,68.705,87.628,68.71,88.76
68.7,84.78,68.695,87.621,68.70,88.75
68.69,84.77,68.685,87.614,68.69,88.75
68.68,84.76,68.675,87.606,68.68,88.74
68.67,84.75,68.665,87.600,68.67,88.74
68.66,84.74,68.655,87.594,68.66,88.73
68.65,84.73,68.645,87.586,68.65,88.72
68.64,84.72,68.635,87.579,68.64,88.72
68.63,84.72,68.625,87.572,68.63,88.71
68.62,84.71,68.615,87.565,68.62,88.71
68.61,84.70,68.606,87.559,68.61,88.70
68.6,84.69,68.596,87.551,68.60,88.70
68.59,84.68,68.586,87.545,68.59,88.69
68.58,84.67,68.576,87.539,68.58,88.68
68.57,84.66,68.566,87.534,68.57,88.68
68.56,84.65,68.556,87.527,68.56,88.67
68.55,84.64,68.546,87.520,68.55,88.67
68.54,84.63,68.536,87.513,68.54,88.66
68.53,84.62,68.526,87.505,68.53,88.65
68.52,84.61,68.516,87.498,68.52,88.65
68.51,84.60,68.506,87.491,68.51,88.64
68.5,84.59,68.497,87.484,68.50,88.63
68.49,84.59,68.487,87.477,68.49,88.63
68.48,84.58,68.477,87.469,68.48,88.62
68.47,84.57,68.467,87.461,68.47,88.62
68.46,84.56,68.457,87.454,68.46,88.61
68.45,84.55,68.447,87.445,68.45,88.60
68.44,84.54,68.437,87.439,68.44,88.60
68.43,84.53,68.427,87.432,68.43,88.59
68.42,84.52,68.417,87.425,68.42,88.59
68.41,84.51,68.407,87.418,68.41,88.58
68.4,84.50,68.397,87.410,68.40,88.57
68.39,84.49,68.387,87.404,68.39,88.57
68.38,84.49,68.378,87.396,68.38,88.56
68.37,84.48,68.368,87.388,68.37,88.56
68.36,84.47,68.358,87.382,68.36,88.55
68.35,84.46,68.348,87.375,68.35,88.54
68.34,84.45,68.338,87.368,68.34,88.54
68.33,84.44,68.328,87.360,68.33,88.53
68.32,84.43,68.318,87.353,68.32,88.53
68.31,84.42,68.308,87.344,68.31,88.52
68.3,84.41,68.298,87.338,68.30,88.52
68.29,84.40,68.288,87.331,68.29,88.51
68.28,84.39,68.278,87.323,68.28,88.50
68.27,84.38,68.269,87.317,68.27,88.50
68.26,84.37,68.259,87.310,68.26,88.49
68.25,84.37,68.249,87.303,68.25,88.49
68.24,84.35,68.239,87.296,68.24,88.48
68.23,84.35,68.229,87.288,68.23,88.47
68.22,84.34,68.219,87.281,68.22,88.47
68.21,84.33,68.209,87.275,68.21,88.46
68.2,84.32,68.199,87.268,68.20,88.45
68.19,84.31,68.189,87.260,68.19,88.45
68.18,84.30,68.179,87.252,68.18,88.44
68.17,84.29,68.169,87.244,68.17,88.44
68.16,84.28,68.159,87.237,68.16,88.43
68.15,84.27,68.150,87.230,68.15,88.42
68.14,84.26,68.140,87.223,68.14,88.42
68.13,84.25,68.130,87.215,68.13,88.41
68.12,84.24,68.120,87.207,68.12,88.41
68.11,84.23,68.110,87.200,68.11,88.40
68.1,84.22,68.100,87.192,68.10,88.40
68.09,84.21,68.090,87.187,68.09,88.39
68.08,84.20,68.080,87.179,68.08,88.38
68.07,84.19,68.070,87.172,68.07,88.38
68.06,84.18,68.060,87.165,68.06,88.37
68.05,84.16,68.050,87.156,68.05,88.36
68.04,84.16,68.041,87.150,68.04,88.36
68.03,84.15,68.031,87.143,68.03,88.35
68.02,84.13,68.021,87.136,68.02,88.34
68.01,84.12,68.011,87.128,68.01,88.34
68,84.12,68.001,87.120,68.00,88.33
67.99,84.11,67.991,87.114,67.99,88.33
67.98,84.10,67.981,87.106,67.98,88.32
67.97,84.09,67.971,87.100,67.97,88.32
67.96,84.08,67.961,87.092,67.96,88.31
67.95,84.07,67.951,87.086,67.95,88.30
67.94,84.06,67.941,87.079,67.94,88.30
67.93,84.05,67.931,87.073,67.93,88.29
67.92,84.05,67.922,87.066,67.92,88.29
67.91,84.03,67.912,87.059,67.91,88.28
67.9,84.03,67.902,87.052,67.90,88.28
67.89,84.02,67.892,87.045,67.89,88.27
67.88,84.01,67.882,87.037,67.88,88.27
67.87,84.00,67.872,87.030,67.87,88.26
67.86,83.99,67.862,87.023,67.86,88.26
67.85,83.98,67.852,87.017,67.85,88.25
67.84,83.97,67.842,87.011,67.84,88.24
67.83,83.96,67.832,87.004,67.83,88.24
67.82,83.95,67.822,86.997,67.82,88.23
67.81,83.94,67.813,86.990,67.81,88.23
67.8,83.93,67.803,86.983,67.80,88.22
67.79,83.92,67.793,86.974,67.79,88.21
67.78,83.91,67.783,86.966,67.78,88.21
67.77,83.90,67.773,86.959,67.77,88.20
67.76,83.89,67.763,86.952,67.76,88.20
67.75,83.88,67.753,86.944,67.75,88.19
67.74,83.87,67.743,86.937,67.74,88.18
67.73,83.86,67.733,86.931,67.73,88.18
67.72,83.85,67.723,86.925,67.72,88.17
67.71,83.84,67.713,86.918,67.71,88.17
67.7,83.83,67.703,86.910,67.70,88.16
67.69,83.83,67.694,86.904,67.69,88.15
67.68,83.81,67.684,86.897,67.68,88.15
67.67,83.81,67.674,86.892,67.67,88.14
67.66,83.80,67.664,86.884,67.66,88.14
67.65,83.79,67.654,86.876,67.65,88.13
67.64,83.78,67.644,86.871,67.64,88.12
67.63,83.76,67.634,86.863,67.63,88.12
67.62,83.75,67.624,86.855,67.62,88.11
67.61,83.75,67.614,86.849,67.61,88.11
67.6,83.74,67.604,86.842,67.60,88.10
67.59,83.73,67.594,86.834,67.59,88.09
67.59,83.72,67.585,86.826,67.59,88.09
67.58,83.71,67.575,86.819,67.58,88.08
67.57,83.69,67.565,86.813,67.57,88.08
67.56,83.69,67.555,86.806,67.56,88.07
67.55,83.68,67.545,86.797,67.55,88.06
67.54,83.67,67.535,86.789,67.54,88.06
67.53,83.66,67.525,86.782,67.53,88.05
67.52,83.65,67.515,86.775,67.52,88.04
67.51,83.64,67.505,86.769,67.51,88.04
67.5,83.63,67.495,86.762,67.50,88.03
67.49,83.62,67.485,86.756,67.49,88.03
67.48,83.60,67.475,86.748,67.48,88.02
67.47,83.59,67.466,86.741,67.47,88.01
67.46,83.59,67.456,86.733,67.46,88.01
67.45,83.58,67.446,86.727,67.45,88.00
67.44,83.57,67.436,86.720,67.44,88.00
67.43,83.56,67.426,86.712,67.43,87.99
67.42,83.55,67.416,86.704,67.42,87.98
67.41,83.54,67.406,86.698,67.41,87.98
67.4,83.53,67.396,86.691,67.40,87.97
67.39,83.52,67.386,86.684,67.39,87.96
67.38,83.51,67.376,86.676,67.38,87.96
67.37,83.50,67.366,86.669,67.37,87.95
67.36,83.49,67.357,86.663,67.36,87.94
67.35,83.48,67.347,86.656,67.35,87.94
67.34,83.47,67.337,86.648,67.34,87.93
67.33,83.46,67.327,86.642,67.33,87.93
67.32,83.45,67.317,86.635,67.32,87.92
67.31,83.44,67.307,86.629,67.31,87.91
67.3,83.43,67.297,86.622,67.30,87.91
67.29,83.42,67.287,86.614,67.29,87.90
67.28,83.41,67.277,86.607,67.28,87.89
67.27,83.40,67.267,86.600,67.27,87.89
67.26,83.39,67.257,86.593,67.26,87.88
67.25,83.38,67.247,86.586,67.25,87.88
67.24,83.37,67.238,86.578,67.24,87.87
67.23,83.36,67.228,86.571,67.23,87.86
67.22,83.35,67.218,86.563,67.22,87.86
67.21,83.34,67.208,86.555,67.21,87.85
67.2,83.33,67.198,86.548,67.20,87.85
67.19,83.32,67.188,86.541,67.19,87.84
67.18,83.31,67.178,86.534,67.18,87.83
67.17,83.30,67.168,86.526,67.17,87.83
67.16,83.29,67.158,86.519,67.16,87.82
67.15,83.28,67.148,86.512,67.15,87.82
67.14,83.28,67.138,86.504,67.14,87.81
67.13,83.27,67.129,86.497,67.13,87.81
67.12,83.26,67.119,86.489,67.12,87.80
67.11,83.25,67.109,86.482,67.11,87.79
67.1,83.24,67.099,86.475,67.10,87.79
67.09,83.23,67.089,86.467,67.09,87.78
67.08,83.21,67.079,86.460,67.08,87.77
67.07,83.20,67.069,86.453,67.07,87.77
67.06,83.19,67.059,86.446,67.06,87.76
67.05,83.19,67.049,86.438,67.05,87.76
67.04,83.18,67.039,86.431,67.04,87.75
67.03,83.17,67.029,86.424,67.03,87.74
67.02,83.16,67.019,86.417,67.02,87.74
67.01,83.15,67.010,86.410,67.01,87.73
67,83.13,67.000,86.403,67.00,87.73
66.99,83.12,66.990,86.395,66.99,87.72
66.98,83.11,66.980,86.388,66.98,87.71
66.97,83.11,66.970,86.381,66.97,87.71
66.96,83.09,66.960,86.374,66.96,87.70
66.95,83.08,66.950,86.366,66.95,87.69
66.94,83.07,66.940,86.358,66.94,87.69
66.93,83.06,66.930,86.352,66.93,87.68
66.92,83.05,66.920,86.344,66.92,87.67
66.91,83.04,66.910,86.337,66.91,87.67
66.9,83.03,66.901,86.329,66.90,87.66
66.89,83.02,66.891,86.322,66.89,87.66
66.88,83.01,66.881,86.315,66.88,87.65
66.87,83.01,66.871,86.309,66.87,87.64
66.86,83.00,66.861,86.301,66.86,87.64
66.85,82.98,66.851,86.293,66.85,87.63
66.84,82.97,66.841,86.286,66.84,87.63
66.83,82.96,66.831,86.279,66.83,87.62
66.82,82.95,66.821,86.271,66.82,87.61
66.81,82.94,66.811,86.264,66.81,87.61
66.8,82.93,66.801,86.257,66.80,87.60
66.79,82.92,66.791,86.250,66.79,87.59
66.78,82.91,66.782,86.243,66.78,87.59
66.77,82.90,66.772,86.236,66.77,87.58
66.76,82.89,66.762,86.230,66.76,87.58
66.75,82.88,66.752,86.222,66.75,87.57
66.74,82.87,66.742,86.216,66.74,87.56
66.73,82.86,66.732,86.208,66.73,87.55
66.72,82.85,66.722,86.200,66.72,87.55
66.71,82.84,66.712,86.193,66.71,87.54
66.7,82.84,66.702,86.184,66.70,87.53
66.69,82.82,66.692,86.177,66.69,87.53
66.68,82.82,66.682,86.171,66.68,87.52
66.67,82.81,66.673,86.163,66.67,87.51
66.66,82.80,66.663,86.157,66.66,87.51
66.65,82.79,66.653,86.150,66.65,87.50
66.64,82.77,66.643,86.143,66.64,87.49
66.63,82.76,66.633,86.135,66.63,87.49
66.62,82.75,66.623,86.127,66.62,87.48
66.61,82.74,66.613,86.121,66.61,87.47
66.6,82.73,66.603,86.113,66.60,87.47
66.59,82.72,66.593,86.104,66.59,87.46
66.58,82.71,66.583,86.097,66.58,87.46
66.57,82.70,66.573,86.091,66.57,87.45
66.56,82.70,66.563,86.083,66.56,87.44
66.55,82.69,66.554,86.076,66.55,87.44
66.54,82.68,66.544,86.069,66.54,87.43
66.53,82.67,66.534,86.062,66.53,87.43
66.52,82.66,66.524,86.055,66.52,87.42
66.51,82.65,66.514,86.048,66.51,87.41
66.5,82.64,66.504,86.040,66.50,87.41
66.49,82.63,66.494,86.033,66.49,87.40
66.48,82.62,66.484,86.026,66.48,87.39
66.47,82.60,66.474,86.019,66.47,87.39
66.46,82.59,66.464,86.011,66.46,87.38
66.45,82.58,66.454,86.003,66.45,87.37
66.45,82.57,66.445,85.995,66.45,87.37
66.44,82.56,66.435,85.986,66.44,87.36
66.43,82.55,66.425,85.979,66.43,87.35
66.42,82.54,66.415,85.973,66.42,87.35
66.41,82.53,66.405,85.967,66.41,87.34
66.4,82.52,66.395,85.960,66.40,87.34
66.39,82.51,66.385,85.953,66.39,87.33
66.38,82.50,66.375,85.946,66.38,87.33
66.37,82.49,66.365,85.939,66.37,87.32
66.36,82.47,66.355,85.931,66.36,87.31
66.35,82.47,66.345,85.923,66.35,87.31
66.34,82.45,66.335,85.916,66.34,87.30
66.33,82.44,66.326,85.908,66.33,87.29
66.32,82.43,66.316,85.899,66.32,87.29
66.31,82.42,66.306,85.893,66.31,87.28
66.3,82.41,66.296,85.885,66.30,87.27
66.29,82.40,66.286,85.878,66.29,87.27
66.28,82.39,66.276,85.870,66.28,87.26
66.27,82.38,66.266,85.864,66.27,87.25
66.26,82.37,66.256,85.855,66.26,87.25
66.25,82.36,66.246,85.849,66.25,87.24
66.24,82.35,66.236,85.842,66.24,87.24
66.23,82.34,66.226,85.833,66.23,87.23
66.22,82.33,66.217,85.825,66.22,87.23
66.21,82.32,66.207,85.818,66.21,87.22
66.2,82.31,66.197,85.810,66.20,87.21
66.19,82.30,66.187,85.802,66.19,87.21
66.18,82.29,66.177,85.795,66.18,87.20
66.17,82.27,66.167,85.787,66.17,87.19
66.16,82.26,66.157,85.778,66.16,87.19
66.15,82.25,66.147,85.771,66.15,87.18
66.14,82.24,66.137,85.765,66.14,87.17
66.13,82.23,66.127,85.757,66.13,87.17
66.12,82.22,66.117,85.749,66.12,87.16
66.11,82.21,66.107,85.743,66.11,87.15
66.1,82.20,66.098,85.734,66.10,87.15
66.09,82.19,66.088,85.727,66.09,87.14
66.08,82.18,66.078,85.718,66.08,87.13
66.07,82.17,66.068,85.711,66.07,87.13
66.06,82.16,66.058,85.703,66.06,87.12
66.05,82.15,66.048,85.696,66.05,87.12
66.04,82.14,66.038,85.689,66.04,87.11
66.03,82.13,66.028,85.682,66.03,87.10
66.02,82.12,66.018,85.675,66.02,87.10
66.01,82.11,66.008,85.668,66.01,87.09
66,82.10,65.998,85.660,66.00,87.08
65.99,82.09,65.989,85.651,65.99,87.08
65.98,82.08,65.979,85.644,65.98,87.07
65.97,82.07,65.969,85.636,65.97,87.07
65.96,82.05,65.959,85.629,65.96,87.06
65.95,82.04,65.949,85.621,65.95,87.05
65.94,82.03,65.939,85.614,65.94,87.05
65.93,82.02,65.929,85.606,65.93,87.04
65.92,82.01,65.919,85.598,65.92,87.03
65.91,82.00,65.909,85.591,65.91,87.03
65.9,81.99,65.899,85.582,65.90,87.02
65.89,81.98,65.889,85.576,65.89,87.01
65.88,81.97,65.880,85.569,65.88,87.01
65.87,81.96,65.870,85.559,65.87,87.00
65.86,81.95,65.860,85.551,65.86,87.00
65.85,81.94,65.850,85.544,65.85,86.99
65.84,81.93,65.840,85.534,65.84,86.98
65.83,81.92,65.830,85.526,65.83,86.98
65.82,81.90,65.820,85.519,65.82,86.97
65.81,81.90,65.810,85.512,65.81,86.97
65.8,81.88,65.800,85.504,65.80,86.96
65.79,81.87,65.790,85.498,65.79,86.96
65.78,81.86,65.780,85.490,65.78,86.95
65.77,81.85,65.770,85.483,65.77,86.94
65.76,81.84,65.761,85.477,65.76,86.94
65.75,81.83,65.751,85.468,65.75,86.93
65.74,81.82,65.741,85.461,65.74,86.92
65.73,81.81,65.731,85.452,65.73,86.92
65.72,81.80,65.721,85.444,65.72,86.91
65.71,81.79,65.711,85.435,65.71,86.91
65.7,81.78,65.701,85.427,65.70,86.90
65.69,81.77,65.691,85.419,65.69,86.89
65.68,81.76,65.681,85.411,65.68,86.89
65.67,81.75,65.671,85.405,65.67,86.88
65.66,81.74,65.661,85.397,65.66,86.87
65.65,81.72,65.652,85.389,65.65,86.87
65.64,81.71,65.642,85.382,65.64,86.86
65.63,81.70,65.632,85.373,65.63,86.85
65.62,81.69,65.622,85.366,65.62,86.85
65.61,81.68,65.612,85.357,65.61,86.84
65.6,81.67,65.602,85.349,65.60,86.84
65.59,81.66,65.592,85.341,65.59,86.83
65.58,81.65,65.582,85.333,65.58,86.82
65.57,81.64,65.572,85.324,65.57,86.82
65.56,81.63,65.562,85.315,65.56,86.81
65.55,81.61,65.552,85.308,65.55,86.80
65.54,81.60,65.542,85.300,65.54,86.80
65.53,81.59,65.533,85.291,65.53,86.79
65.52,81.58,65.523,85.283,65.52,86.78
65.51,81.57,65.513,85.277,65.51,86.78
65.5,81.56,65.503,85.269,65.50,86.77
65.49,81.55,65.493,85.264,65.49,86.76
65.48,81.54,65.483,85.257,65.48,86.76
65.47,81.52,65.473,85.250,65.47,86.75
65.46,81.51,65.463,85.243,65.46,86.74
65.45,81.50,65.453,85.233,65.45,86.74
65.44,81.49,65.443,85.226,65.44,86.73
65.43,81.48,65.433,85.218,65.43,86.72
65.42,81.47,65.424,85.210,65.42,86.72
65.41,81.46,65.414,85.203,65.41,86.71
65.4,81.45,65.404,85.196,65.40,86.70
65.39,81.44,65.394,85.188,65.39,86.70
65.38,81.43,65.384,85.180,65.38,86.69
65.37,81.41,65.374,85.173,65.37,86.68
65.36,81.40,65.364,85.165,65.36,86.68
65.35,81.39,65.354,85.157,65.35,86.67
65.34,81.38,65.344,85.149,65.34,86.66
65.33,81.37,65.334,85.141,65.33,86.66
65.32,81.36,65.324,85.133,65.32,86.65
65.31,81.35,65.314,85.126,65.31,86.64
65.31,81.34,65.305,85.119,65.31,86.64
65.3,81.33,65.295,85.111,65.30,86.63
65.29,81.32,65.285,85.103,65.29,86.63
65.28,81.31,65.275,85.095,65.28,86.62
65.27,81.30,65.265,85.088,65.27,86.61
65.26,81.29,65.255,85.080,65.26,86.61
65.25,81.28,65.245,85.073,65.25,86.60
65.24,81.26,65.235,85.065,65.24,86.59
65.23,81.25,65.225,85.056,65.23,86.59
65.22,81.24,65.215,85.048,65.22,86.58
65.21,81.23,65.205,85.039,65.21,86.57
65.2,81.22,65.196,85.030,65.20,86.57
65.19,81.21,65.186,85.023,65.19,86.56
65.18,81.20,65.176,85.016,65.18,86.56
65.17,81.19,65.166,85.008,65.17,86.55
65.16,81.17,65.156,85.001,65.16,86.54
65.15,81.16,65.146,84.994,65.15,86.54
65.14,81.15,65.136,84.988,65.14,86.53
65.13,81.14,65.126,84.979,65.13,86.52
65.12,81.12,65.116,84.971,65.12,86.52
65.11,81.11,65.106,84.963,65.11,86.51
65.1,81.10,65.096,84.955,65.10,86.50
65.09,81.09,65.086,84.949,65.09,86.50
65.08,81.08,65.077,84.941,65.08,86.49
65.07,81.07,65.067,84.933,65.07,86.49
65.06,81.06,65.057,84.926,65.06,86.48
65.05,81.05,65.047,84.919,65.05,86.47
65.04,81.04,65.037,84.911,65.04,86.47
65.03,81.03,65.027,84.904,65.03,86.46
65.02,81.02,65.017,84.897,65.02,86.46
65.01,81.01,65.007,84.889,65.01,86.45
65,81.00,64.997,84.882,65.00,86.44
64.99,80.98,64.987,84.876,64.99,86.43
64.98,80.97,64.977,84.867,64.98,86.43
64.97,80.97,64.968,84.858,64.97,86.42
64.96,80.95,64.958,84.851,64.96,86.41
64.95,80.94,64.948,84.843,64.95,86.41
64.94,80.94,64.938,84.835,64.94,86.40
64.93,80.92,64.928,84.828,64.93,86.40
64.92,80.91,64.918,84.820,64.92,86.39
64.91,80.91,64.908,84.813,64.91,86.38
64.9,80.90,64.898,84.806,64.90,86.37
64.89,80.88,64.888,84.798,64.89,86.37
64.88,80.88,64.878,84.791,64.88,86.36
64.87,80.86,64.868,84.782,64.87,86.35
64.86,80.86,64.858,84.775,64.86,86.35
64.85,80.85,64.849,84.769,64.85,86.34
64.84,80.83,64.839,84.760,64.84,86.33
64.83,80.83,64.829,84.752,64.83,86.33
64.82,80.81,64.819,84.744,64.82,86.32
64.81,80.80,64.809,84.737,64.81,86.32
64.8,80.79,64.799,84.730,64.80,86.31
64.79,80.78,64.789,84.721,64.79,86.30
64.78,80.77,64.779,84.714,64.78,86.30
64.77,80.76,64.769,84.707,64.77,86.29
64.76,80.74,64.759,84.699,64.76,86.28
64.75,80.73,64.749,84.693,64.75,86.28
64.74,80.73,64.740,84.685,64.74,86.27
64.73,80.72,64.730,84.678,64.73,86.26
64.72,80.70,64.720,84.672,64.72,86.26
64.71,80.69,64.710,84.665,64.71,86.25
64.7,80.68,64.700,84.657,64.70,86.24
64.69,80.67,64.690,84.650,64.69,86.24
64.68,80.66,64.680,84.643,64.68,86.23
64.67,80.65,64.670,84.635,64.67,86.22
64.66,80.64,64.660,84.627,64.66,86.22
64.65,80.63,64.650,84.619,64.65,86.21
64.64,80.62,64.640,84.610,64.64,86.21
64.63,80.61,64.630,84.601,64.63,86.20
64.62,80.59,64.621,84.595,64.62,86.19
64.61,80.58,64.611,84.587,64.61,86.18
64.6,80.57,64.601,84.579,64.60,86.18
64.59,80.56,64.591,84.571,64.59,86.17
64.58,80.55,64.581,84.565,64.58,86.16
64.57,80.54,64.571,84.556,64.57,86.16
64.56,80.53,64.561,84.547,64.56,86.15
64.55,80.52,64.551,84.540,64.55,86.14
64.54,80.51,64.541,84.532,64.54,86.13
64.53,80.50,64.531,84.526,64.53,86.13
64.52,80.49,64.521,84.518,64.52,86.12
64.51,80.48,64.512,84.510,64.51,86.11
64.5,80.47,64.502,84.502,64.50,86.10
64.49,80.46,64.492,84.496,64.49,86.10
64.48,80.44,64.482,84.488,64.48,86.09
64.47,80.43,64.472,84.479,64.47,86.08
64.46,80.42,64.462,84.472,64.46,86.08
64.45,80.41,64.452,84.464,64.45,86.07
64.44,80.40,64.442,84.457,64.44,86.07
64.43,80.39,64.432,84.448,64.43,86.06
64.42,80.38,64.422,84.442,64.42,86.05
64.41,80.36,64.412,84.436,64.41,86.05
64.4,80.36,64.402,84.429,64.40,86.04
64.39,80.34,64.393,84.422,64.39,86.03
64.38,80.33,64.383,84.415,64.38,86.03
64.37,80.32,64.373,84.407,64.37,86.02
64.36,80.31,64.363,84.399,64.36,86.01
64.35,80.30,64.353,84.391,64.35,86.01
64.34,80.29,64.343,84.381,64.34,86.00
64.33,80.28,64.333,84.372,64.33,85.99
64.32,80.26,64.323,84.365,64.32,85.98
64.31,80.25,64.313,84.357,64.31,85.98
64.3,80.24,64.303,84.350,64.30,85.97
64.29,80.23,64.293,84.343,64.29,85.96
64.28,80.22,64.284,84.335,64.28,85.95
64.27,80.21,64.274,84.327,64.27,85.95
64.26,80.20,64.264,84.320,64.26,85.94
64.25,80.19,64.254,84.312,64.25,85.93
64.24,80.18,64.244,84.304,64.24,85.92
64.23,80.17,64.234,84.297,64.23,85.92
64.22,80.15,64.224,84.288,64.22,85.91
64.21,80.14,64.214,84.280,64.21,85.90
64.2,80.13,64.204,84.273,64.20,85.90
64.19,80.12,64.194,84.263,64.19,85.89
64.18,80.11,64.184,84.255,64.18,85.88
64.17,80.10,64.174,84.248,64.17,85.88
64.17,80.09,64.165,84.238,64.17,85.87
64.16,80.08,64.155,84.229,64.16,85.86
64.15,80.07,64.145,84.222,64.15,85.86
64.14,80.06,64.135,84.214,64.14,85.85
64.13,80.05,64.125,84.208,64.13,85.84
64.12,80.03,64.115,84.198,64.12,85.83
64.11,80.02,64.105,84.191,64.11,85.83
64.1,80.01,64.095,84.183,64.10,85.82
64.09,80.01,64.085,84.175,64.09,85.82
64.08,79.99,64.075,84.167,64.08,85.81
64.07,79.98,64.065,84.160,64.07,85.80
64.06,79.97,64.056,84.152,64.06,85.80
64.05,79.96,64.046,84.143,64.05,85.79
64.04,79.95,64.036,84.135,64.04,85.78
64.03,79.94,64.026,84.128,64.03,85.78
64.02,79.93,64.016,84.120,64.02,85.77
64.01,79.92,64.006,84.112,64.01,85.76
64,79.90,63.996,84.104,64.00,85.75
63.99,79.89,63.986,84.096,63.99,85.75
63.98,79.88,63.976,84.089,63.98,85.74
63.97,79.87,63.966,84.081,63.97,85.73
63.96,79.86,63.956,84.072,63.96,85.73
63.95,79.85,63.946,84.066,63.95,85.72
63.94,79.84,63.937,84.057,63.94,85.71
63.93,79.82,63.927,84.050,63.93,85.70
63.92,79.82,63.917,84.042,63.92,85.70
63.91,79.80,63.907,84.034,63.91,85.69
63.9,79.79,63.897,84.027,63.90,85.69
63.89,79.78,63.887,84.020,63.89,85.68
63.88,79.77,63.877,84.014,63.88,85.67
63.87,79.76,63.867,84.006,63.87,85.66
63.86,79.74,63.857,83.999,63.86,85.66
63.85,79.73,63.847,83.991,63.85,85.65
63.84,79.72,63.837,83.984,63.84,85.64
63.83,79.71,63.828,83.975,63.83,85.64
63.82,79.70,63.818,83.967,63.82,85.63
63.81,79.68,63.808,83.959,63.81,85.62
63.8,79.67,63.798,83.952,63.80,85.61
63.79,79.66,63.788,83.944,63.79,85.61
63.78,79.65,63.778,83.936,63.78,85.60
63.77,79.64,63.768,83.928,63.77,85.59
63.76,79.62,63.758,83.922,63.76,85.58
63.75,79.61,63.748,83.913,63.75,85.57
63.74,79.60,63.738,83.905,63.74,85.57
63.73,79.59,63.728,83.898,63.73,85.56
63.72,79.58,63.718,83.891,63.72,85.55
63.71,79.57,63.709,83.881,63.71,85.55
63.7,79.56,63.699,83.874,63.70,85.54
63.69,79.55,63.689,83.866,63.69,85.53
63.68,79.54,63.679,83.857,63.68,85.52
63.67,79.53,63.669,83.848,63.67,85.52
63.66,79.52,63.659,83.840,63.66,85.51
63.65,79.51,63.649,83.832,63.65,85.50
63.64,79.49,63.639,83.824,63.64,85.50
63.63,79.48,63.629,83.816,63.63,85.49
63.62,79.47,63.619,83.808,63.62,85.48
63.61,79.46,63.609,83.801,63.61,85.47
63.6,79.45,63.600,83.793,63.60,85.47
63.59,79.44,63.590,83.784,63.59,85.46
63.58,79.43,63.580,83.777,63.58,85.45
63.57,79.42,63.570,83.768,63.57,85.45
63.56,79.41,63.560,83.761,63.56,85.44
63.55,79.39,63.550,83.755,63.55,85.43
63.54,79.38,63.540,83.747,63.54,85.43
63.53,79.37,63.530,83.739,63.53,85.42
63.52,79.36,63.520,83.731,63.52,85.42
63.51,79.35,63.510,83.723,63.51,85.41
63.5,79.33,63.500,83.715,63.50,85.40
63.49,79.32,63.490,83.708,63.49,85.39
63.48,79.31,63.481,83.700,63.48,85.39
63.47,79.29,63.471,83.690,63.47,85.38
63.46,79.28,63.461,83.684,63.46,85.37
63.45,79.27,63.451,83.677,63.45,85.37
63.44,79.26,63.441,83.669,63.44,85.36
63.43,79.24,63.431,83.662,63.43,85.35
63.42,79.23,63.421,83.654,63.42,85.35
63.41,79.22,63.411,83.646,63.41,85.34
63.4,79.20,63.401,83.638,63.40,85.33
63.39,79.19,63.391,83.631,63.39,85.32
63.38,79.19,63.381,83.623,63.38,85.32
63.37,79.17,63.372,83.615,63.37,85.31
63.36,79.16,63.362,83.608,63.36,85.30
63.35,79.15,63.352,83.601,63.35,85.30
63.34,79.14,63.342,83.593,63.34,85.29
63.33,79.13,63.332,83.585,63.33,85.28
63.32,79.12,63.322,83.575,63.32,85.28
63.31,79.11,63.312,83.567,63.31,85.27
63.3,79.10,63.302,83.561,63.30,85.26
63.29,79.08,63.292,83.553,63.29,85.25
63.28,79.07,63.282,83.545,63.28,85.25
63.27,79.06,63.272,83.536,63.27,85.24
63.26,79.05,63.262,83.529,63.26,85.23
63.25,79.03,63.253,83.522,63.25,85.23
63.24,79.02,63.243,83.512,63.24,85.22
63.23,79.01,63.233,83.505,63.23,85.21
63.22,79.00,63.223,83.498,63.22,85.21
63.21,78.99,63.213,83.491,63.21,85.20
63.2,78.97,63.203,83.482,63.20,85.19
63.19,78.96,63.193,83.474,63.19,85.19
63.18,78.95,63.183,83.466,63.18,85.18
63.17,78.94,63.173,83.458,63.17,85.17
63.16,78.93,63.163,83.449,63.16,85.16
63.15,78.92,63.153,83.441,63.15,85.16
63.14,78.91,63.144,83.434,63.14,85.15
63.13,78.90,63.134,83.425,63.13,85.14
63.12,78.89,63.124,83.418,63.12,85.14
63.11,78.87,63.114,83.410,63.11,85.13
63.1,78.86,63.104,83.402,63.10,85.12
63.09,78.85,63.094,83.392,63.09,85.12
63.08,78.84,63.084,83.384,63.08,85.11
63.07,78.83,63.074,83.376,63.07,85.10
63.06,78.81,63.064,83.368,63.06,85.09
63.05,78.80,63.054,83.360,63.05,85.09
63.04,78.79,63.044,83.353,63.04,85.08
63.03,78.78,63.034,83.346,63.03,85.07
63.03,78.77,63.025,83.338,63.03,85.06
63.02,78.75,63.015,83.329,63.02,85.06
63.01,78.74,63.005,83.321,63.01,85.05
63,78.73,62.995,83.314,63.00,85.04
62.99,78.72,62.985,83.305,62.99,85.04
62.98,78.71,62.975,83.295,62.98,85.03
62.97,78.70,62.965,83.288,62.97,85.02
62.96,78.68,62.955,83.279,62.96,85.02
62.95,78.67,62.945,83.271,62.95,85.01
62.94,78.65,62.935,83.263,62.94,85.00
62.93,78.64,62.925,83.255,62.93,84.99
62.92,78.63,62.916,83.247,62.92,84.99
62.91,78.62,62.906,83.240,62.91,84.98
62.9,78.60,62.896,83.231,62.90,84.97
62.89,78.60,62.886,83.222,62.89,84.97
62.88,78.58,62.876,83.213,62.88,84.96
62.87,78.58,62.866,83.207,62.87,84.95
62.86,78.56,62.856,83.199,62.86,84.94
62.85,78.55,62.846,83.190,62.85,84.94
62.84,78.54,62.836,83.180,62.84,84.93
62.83,78.53,62.826,83.173,62.83,84.92
62.82,78.52,62.816,83.165,62.82,84.92
62.81,78.51,62.806,83.156,62.81,84.91
62.8,78.49,62.797,83.148,62.80,84.90
62.79,78.48,62.787,83.138,62.79,84.90
62.78,78.47,62.777,83.130,62.78,84.89
62.77,78.46,62.767,83.122,62.77,84.89
62.76,78.45,62.757,83.114,62.76,84.88
62.75,78.43,62.747,83.107,62.75,84.87
62.74,78.42,62.737,83.096,62.74,84.87
62.73,78.41,62.727,83.089,62.73,84.86
62.72,78.40,62.717,83.080,62.72,84.85
62.71,78.39,62.707,83.073,62.71,84.84
62.7,78.38,62.697,83.064,62.70,84.84
62.69,78.36,62.688,83.056,62.69,84.83
62.68,78.35,62.678,83.048,62.68,84.82
62.67,78.34,62.668,83.039,62.67,84.81
62.66,78.33,62.658,83.032,62.66,84.81
62.65,78.32,62.648,83.023,62.65,84.80
62.64,78.30,62.638,83.016,62.64,84.79
62.63,78.29,62.628,83.007,62.63,84.79
62.62,78.28,62.618,83.001,62.62,84.78
62.61,78.26,62.608,82.989,62.61,84.77
62.6,78.25,62.598,82.979,62.60,84.77
62.59,78.24,62.588,82.971,62.59,84.76
62.58,78.23,62.578,82.963,62.58,84.75
62.57,78.22,62.569,82.956,62.57,84.75
62.56,78.20,62.559,82.946,62.56,84.74
62.55,78.19,62.549,82.939,62.55,84.73
62.54,78.18,62.539,82.931,62.54,84.72
62.53,78.17,62.529,82.922,62.53,84.72
62.52,78.16,62.519,82.914,62.52,84.71
62.51,78.15,62.509,82.905,62.51,84.70
62.5,78.13,62.499,82.896,62.50,84.69
62.49,78.13,62.489,82.889,62.49,84.69
62.48,78.11,62.479,82.880,62.48,84.68
62.47,78.10,62.469,82.872,62.47,84.67
62.46,78.09,62.460,82.863,62.46,84.67
62.45,78.08,62.450,82.856,62.45,84.66
62.44,78.06,62.440,82.849,62.44,84.65
62.43,78.05,62.430,82.841,62.43,84.65
62.42,78.04,62.420,82.832,62.42,84.64
62.41,78.03,62.410,82.821,62.41,84.63
62.4,78.02,62.400,82.813,62.40,84.63
62.39,78.00,62.390,82.805,62.39,84.62
62.38,77.99,62.380,82.796,62.38,84.61
62.37,77.98,62.370,82.789,62.37,84.61
62.36,77.97,62.360,82.781,62.36,84.60
62.35,77.96,62.350,82.774,62.35,84.59
62.34,77.95,62.341,82.766,62.34,84.59
62.33,77.93,62.331,82.757,62.33,84.58
62.32,77.92,62.321,82.750,62.32,84.57
62.31,77.91,62.311,82.740,62.31,84.56
62.3,77.90,62.301,82.733,62.30,84.56
62.29,77.88,62.291,82.726,62.29,84.55
62.28,77.87,62.281,82.718,62.28,84.54
62.27,77.86,62.271,82.708,62.27,84.53
62.26,77.85,62.261,82.700,62.26,84.53
62.25,77.84,62.251,82.692,62.25,84.52
62.24,77.83,62.241,82.684,62.24,84.51
62.23,77.82,62.232,82.677,62.23,84.51
62.22,77.81,62.222,82.670,62.22,84.50
62.21,77.79,62.212,82.661,62.21,84.49
62.2,77.78,62.202,82.652,62.20,84.48
62.19,77.77,62.192,82.645,62.19,84.48
62.18,77.76,62.182,82.637,62.18,84.47
62.17,77.74,62.172,82.628,62.17,84.46
62.16,77.73,62.162,82.620,62.16,84.46
62.15,77.72,62.152,82.611,62.15,84.45
62.14,77.71,62.142,82.602,62.14,84.44
62.13,77.70,62.132,82.591,62.13,84.44
62.12,77.68,62.122,82.583,62.12,84.43
62.11,77.67,62.113,82.575,62.11,84.42
62.1,77.66,62.103,82.567,62.10,84.41
62.09,77.65,62.093,82.560,62.09,84.41
62.08,77.64,62.083,82.552,62.08,84.40
62.07,77.63,62.073,82.544,62.07,84.39
62.06,77.61,62.063,82.537,62.06,84.38
62.05,77.61,62.053,82.530,62.05,84.37
62.04,77.59,62.043,82.523,62.04,84.37
62.03,77.58,62.033,82.515,62.03,84.36
62.02,77.57,62.023,82.507,62.02,84.35
62.01,77.56,62.013,82.499,62.01,84.35
62,77.54,62.004,82.490,62.00,84.34
61.99,77.53,61.994,82.481,61.99,84.33
61.98,77.52,61.984,82.472,61.98,84.32
61.97,77.51,61.974,82.463,61.97,84.32
61.96,77.50,61.964,82.454,61.96,84.31
61.95,77.49,61.954,82.445,61.95,84.30
61.94,77.48,61.944,82.436,61.94,84.30
61.93,77.46,61.934,82.427,61.93,84.29
61.92,77.45,61.924,82.419,61.92,84.28
61.91,77.44,61.914,82.411,61.91,84.27
61.9,77.43,61.904,82.403,61.90,84.27
61.89,77.42,61.894,82.395,61.89,84.26
61.89,77.40,61.885,82.387,61.89,84.25
61.88,77.39,61.875,82.379,61.88,84.25
61.87,77.38,61.865,82.370,61.87,84.24
61.86,77.37,61.855,82.362,61.86,84.23
61.85,77.35,61.845,82.353,61.85,84.22
61.84,77.34,61.835,82.346,61.84,84.22
61.83,77.33,61.825,82.338,61.83,84.21
61.82,77.31,61.815,82.328,61.82,84.20
61.81,77.30,61.805,82.318,61.81,84.19
61.8,77.29,61.795,82.309,61.80,84.19
61.79,77.28,61.785,82.300,61.79,84.18
61.78,77.26,61.776,82.291,61.78,84.17
61.77,77.25,61.766,82.284,61.77,84.16
61.76,77.24,61.756,82.274,61.76,84.15
61.75,77.22,61.746,82.267,61.75,84.15
61.74,77.21,61.736,82.259,61.74,84.14
61.73,77.20,61.726,82.252,61.73,84.13
61.72,77.19,61.716,82.243,61.72,84.12
61.71,77.18,61.706,82.237,61.71,84.12
61.7,77.16,61.696,82.229,61.70,84.11
61.69,77.15,61.686,82.222,61.69,84.10
61.68,77.14,61.676,82.212,61.68,84.10
61.67,77.13,61.666,82.203,61.67,84.09
61.66,77.11,61.657,82.196,61.66,84.08
61.65,77.10,61.647,82.186,61.65,84.07
61.64,77.09,61.637,82.179,61.64,84.07
61.63,77.08,61.627,82.172,61.63,84.06
61.62,77.07,61.617,82.163,61.62,84.05
61.61,77.05,61.607,82.156,61.61,84.05
61.6,77.04,61.597,82.147,61.60,84.04
61.59,77.03,61.587,82.137,61.59,84.03
61.58,77.02,61.577,82.128,61.58,84.02
61.57,77.01,61.567,82.119,61.57,84.02
61.56,77.00,61.557,82.110,61.56,84.01
61.55,76.99,61.548,82.101,61.55,84.00
61.54,76.98,61.538,82.092,61.54,83.99
61.53,76.97,61.528,82.084,61.53,83.98
61.52,76.96,61.518,82.074,61.52,83.98
61.51,76.94,61.508,82.066,61.51,83.97
61.5,76.93,61.498,82.058,61.50,83.96
61.49,76.92,61.488,82.049,61.49,83.95
61.48,76.90,61.478,82.040,61.48,83.95
61.47,76.89,61.468,82.031,61.47,83.94
61.46,76.88,61.458,82.025,61.46,83.93
61.45,76.87,61.448,82.017,61.45,83.92
61.44,76.86,61.438,82.008,61.44,83.92
61.43,76.85,61.429,81.998,61.43,83.91
61.42,76.84,61.419,81.990,61.42,83.90
61.41,76.82,61.409,81.981,61.41,83.90
61.4,76.81,61.399,81.970,61.40,83.89
61.39,76.80,61.389,81.962,61.39,83.88
61.38,76.78,61.379,81.955,61.38,83.87
61.37,76.77,61.369,81.946,61.37,83.86
61.36,76.75,61.359,81.938,61.36,83.85
61.35,76.74,61.349,81.929,61.35,83.85
61.34,76.73,61.339,81.919,61.34,83.84
61.33,76.72,61.329,81.910,61.33,83.83
61.32,76.71,61.320,81.903,61.32,83.83
61.31,76.69,61.310,81.894,61.31,83.82
61.3,76.68,61.300,81.886,61.30,83.81
61.29,76.67,61.290,81.876,61.29,83.80
61.28,76.66,61.280,81.869,61.28,83.79
61.27,76.65,61.270,81.861,61.27,83.79
61.26,76.63,61.260,81.853,61.26,83.78
61.25,76.62,61.250,81.845,61.25,83.77
61.24,76.61,61.240,81.836,61.24,83.77
61.23,76.60,61.230,81.827,61.23,83.76
61.22,76.59,61.220,81.819,61.22,83.75
61.21,76.58,61.210,81.813,61.21,83.74
61.2,76.56,61.201,81.806,61.20,83.74
61.19,76.55,61.191,81.798,61.19,83.73
61.18,76.54,61.181,81.789,61.18,83.72
61.17,76.53,61.171,81.783,61.17,83.72
61.16,76.52,61.161,81.773,61.16,83.71
61.15,76.50,61.151,81.766,61.15,83.70
61.14,76.49,61.141,81.756,61.14,83.70
61.13,76.48,61.131,81.747,61.13,83.69
61.12,76.47,61.121,81.738,61.12,83.68
61.11,76.46,61.111,81.731,61.11,83.67
61.1,76.44,61.101,81.722,61.10,83.67
61.09,76.43,61.092,81.714,61.09,83.66
61.08,76.41,61.082,81.707,61.08,83.65
61.07,76.40,61.072,81.699,61.07,83.64
61.06,76.39,61.062,81.690,61.06,83.63
61.05,76.37,61.052,81.683,61.05,83.63
61.04,76.36,61.042,81.675,61.04,83.62
61.03,76.35,61.032,81.668,61.03,83.61
61.02,76.34,61.022,81.658,61.02,83.60
61.01,76.33,61.012,81.651,61.01,83.60
61,76.32,61.002,81.641,61.00,83.59
60.99,76.30,60.992,81.631,60.99,83.58
60.98,76.29,60.982,81.623,60.98,83.58
60.97,76.28,60.973,81.614,60.97,83.57
60.96,76.26,60.963,81.606,60.96,83.56
60.95,76.25,60.953,81.597,60.95,83.55
60.94,76.24,60.943,81.589,60.94,83.54
60.93,76.23,60.933,81.581,60.93,83.54
60.92,76.21,60.923,81.573,60.92,83.53
60.91,76.20,60.913,81.565,60.91,83.52
60.9,76.19,60.903,81.555,60.90,83.51
60.89,76.18,60.893,81.548,60.89,83.51
60.88,76.17,60.883,81.538,60.88,83.50
60.87,76.15,60.873,81.532,60.87,83.49
60.86,76.14,60.864,81.524,60.86,83.48
60.85,76.12,60.854,81.515,60.85,83.47
60.84,76.11,60.844,81.506,60.84,83.47
60.83,76.10,60.834,81.498,60.83,83.46
60.82,76.09,60.824,81.489,60.82,83.45
60.81,76.07,60.814,81.481,60.81,83.44
60.8,76.06,60.804,81.473,60.80,83.44
60.79,76.05,60.794,81.464,60.79,83.43
60.78,76.04,60.784,81.457,60.78,83.42
60.77,76.02,60.774,81.449,60.77,83.41
60.76,76.01,60.764,81.438,60.76,83.40
60.75,76.00,60.754,81.430,60.75,83.40
60.75,75.99,60.745,81.422,60.75,83.39
60.74,75.98,60.735,81.414,60.74,83.38
60.73,75.96,60.725,81.404,60.73,83.38
60.72,75.95,60.715,81.398,60.72,83.37
60.71,75.94,60.705,81.389,60.71,83.36
60.7,75.93,60.695,81.382,60.70,83.35
60.69,75.91,60.685,81.373,60.69,83.35
60.68,75.90,60.675,81.365,60.68,83.34
60.67,75.89,60.665,81.358,60.67,83.33
60.66,75.88,60.655,81.352,60.66,83.32
60.65,75.87,60.645,81.344,60.65,83.32
60.64,75.85,60.636,81.336,60.64,83.31
60.63,75.84,60.626,81.328,60.63,83.30
60.62,75.83,60.616,81.319,60.62,83.29
60.61,75.81,60.606,81.310,60.61,83.29
60.6,75.81,60.596,81.301,60.60,83.28
60.59,75.80,60.586,81.290,60.59,83.27
60.58,75.78,60.576,81.280,60.58,83.26
60.57,75.77,60.566,81.271,60.57,83.26
60.56,75.76,60.556,81.262,60.56,83.25
60.55,75.74,60.546,81.255,60.55,83.24
60.54,75.73,60.536,81.246,60.54,83.24
60.53,75.72,60.526,81.236,60.53,83.23
60.52,75.71,60.517,81.228,60.52,83.22
60.51,75.69,60.507,81.220,60.51,83.22
60.5,75.68,60.497,81.213,60.50,83.21
60.49,75.67,60.487,81.204,60.49,83.20
60.48,75.66,60.477,81.196,60.48,83.20
60.47,75.64,60.467,81.187,60.47,83.19
60.46,75.63,60.457,81.178,60.46,83.18
60.45,75.61,60.447,81.169,60.45,83.17
60.44,75.60,60.437,81.160,60.44,83.17
60.43,75.59,60.427,81.152,60.43,83.16
60.42,75.58,60.417,81.145,60.42,83.15
60.41,75.57,60.408,81.136,60.41,83.14
60.4,75.55,60.398,81.128,60.40,83.14
60.39,75.54,60.388,81.119,60.39,83.13
60.38,75.53,60.378,81.111,60.38,83.12
60.37,75.52,60.368,81.101,60.37,83.11
60.36,75.51,60.358,81.093,60.36,83.10
60.35,75.49,60.348,81.085,60.35,83.09
60.34,75.48,60.338,81.077,60.34,83.09
60.33,75.46,60.328,81.069,60.33,83.08
60.32,75.45,60.318,81.060,60.32,83.07
60.31,75.44,60.308,81.052,60.31,83.06
60.3,75.43,60.298,81.043,60.30,83.06
60.29,75.41,60.289,81.033,60.29,83.05
60.28,75.40,60.279,81.025,60.28,83.04
60.27,75.39,60.269,81.016,60.27,83.04
60.26,75.38,60.259,81.007,60.26,83.03
60.25,75.37,60.249,80.998,60.25,83.02
60.24,75.35,60.239,80.989,60.24,83.02
60.23,75.34,60.229,80.981,60.23,83.01
60.22,75.32,60.219,80.972,60.22,83.00
60.21,75.31,60.209,80.964,60.21,82.99
60.2,75.30,60.199,80.956,60.20,82.99
60.19,75.28,60.189,80.948,60.19,82.98
60.18,75.27,60.180,80.940,60.18,82.97
60.17,75.25,60.170,80.931,60.17,82.96
60.16,75.24,60.160,80.922,60.16,82.96
60.15,75.23,60.150,80.915,60.15,82.95
60.14,75.22,60.140,80.908,60.14,82.94
60.13,75.21,60.130,80.900,60.13,82.93
60.12,75.20,60.120,80.890,60.12,82.92
60.11,75.18,60.110,80.882,60.11,82.92
60.1,75.17,60.100,80.872,60.10,82.91
60.09,75.15,60.090,80.864,60.09,82.90
60.08,75.14,60.080,80.853,60.08,82.90
60.07,75.13,60.070,80.844,60.07,82.89
60.06,75.12,60.061,80.835,60.06,82.88
60.05,75.11,60.051,80.828,60.05,82.87
60.04,75.10,60.041,80.819,60.04,82.86
60.03,75.08,60.031,80.811,60.03,82.85
60.02,75.07,60.021,80.801,60.02,82.85
60.01,75.06,60.011,80.792,60.01,82.84
60,75.04,60.001,80.783,60.00,82.83
59.99,75.03,59.991,80.774,59.99,82.82
59.98,75.02,59.981,80.765,59.98,82.82
59.97,75.01,59.971,80.756,59.97,82.81
59.96,75.00,59.961,80.748,59.96,82.80
59.95,74.98,59.952,80.736,59.95,82.80
59.94,74.97,59.942,80.730,59.94,82.79
59.93,74.96,59.932,80.722,59.93,82.78
59.92,74.95,59.922,80.713,59.92,82.77
59.91,74.93,59.912,80.705,59.91,82.77
59.9,74.92,59.902,80.696,59.90,82.76
59.89,74.91,59.892,80.687,59.89,82.75
59.88,74.89,59.882,80.677,59.88,82.74
59.87,74.88,59.872,80.668,59.87,82.73
59.86,74.86,59.862,80.657,59.86,82.72
59.85,74.85,59.852,80.646,59.85,82.72
59.84,74.84,59.842,80.638,59.84,82.71
59.83,74.83,59.833,80.629,59.83,82.70
59.82,74.81,59.823,80.618,59.82,82.69
59.81,74.80,59.813,80.609,59.81,82.68
59.8,74.78,59.803,80.600,59.80,82.68
59.79,74.77,59.793,80.592,59.79,82.67
59.78,74.76,59.783,80.583,59.78,82.66
59.77,74.75,59.773,80.576,59.77,82.65
59.76,74.74,59.763,80.569,59.76,82.65
59.75,74.72,59.753,80.560,59.75,82.64
59.74,74.71,59.743,80.551,59.74,82.63
59.73,74.70,59.733,80.543,59.73,82.62
59.72,74.69,59.724,80.533,59.72,82.61
59.71,74.67,59.714,80.525,59.71,82.61
59.7,74.66,59.704,80.516,59.70,82.60
59.69,74.65,59.694,80.507,59.69,82.59
59.68,74.63,59.684,80.497,59.68,82.58
59.67,74.62,59.674,80.488,59.67,82.58
59.66,74.60,59.664,80.480,59.66,82.57
59.65,74.59,59.654,80.472,59.65,82.56
59.64,74.58,59.644,80.462,59.64,82.56
59.63,74.56,59.634,80.452,59.63,82.55
59.62,74.56,59.624,80.442,59.62,82.54
59.61,74.54,59.614,80.433,59.61,82.53
59.61,74.53,59.605,80.423,59.61,82.52
59.6,74.52,59.595,80.415,59.60,82.52
59.59,74.51,59.585,80.408,59.59,82.51
59.58,74.50,59.575,80.398,59.58,82.50
59.57,74.48,59.565,80.389,59.57,82.49
59.56,74.47,59.555,80.381,59.56,82.49
59.55,74.46,59.545,80.370,59.55,82.48
59.54,74.45,59.535,80.362,59.54,82.47
59.53,74.43,59.525,80.354,59.53,82.46
59.52,74.42,59.515,80.346,59.52,82.45
59.51,74.41,59.505,80.338,59.51,82.45
59.5,74.40,59.496,80.329,59.50,82.44
59.49,74.38,59.486,80.319,59.49,82.43
59.48,74.37,59.476,80.310,59.48,82.43
59.47,74.36,59.466,80.301,59.47,82.42
59.46,74.35,59.456,80.294,59.46,82.41
59.45,74.33,59.446,80.285,59.45,82.41
59.44,74.32,59.436,80.274,59.44,82.40
59.43,74.31,59.426,80.265,59.43,82.39
59.42,74.30,59.416,80.256,59.42,82.38
59.41,74.28,59.406,80.247,59.41,82.37
59.4,74.27,59.396,80.240,59.40,82.37
59.39,74.26,59.386,80.230,59.39,82.36
59.38,74.25,59.377,80.220,59.38,82.35
59.37,74.23,59.367,80.212,59.37,82.35
59.36,74.21,59.357,80.202,59.36,82.34
59.35,74.20,59.347,80.195,59.35,82.33
59.34,74.19,59.337,80.186,59.34,82.32
59.33,74.18,59.327,80.177,59.33,82.31
59.32,74.16,59.317,80.167,59.32,82.31
59.31,74.16,59.307,80.158,59.31,82.30
59.3,74.14,59.297,80.148,59.30,82.29
59.29,74.13,59.287,80.139,59.29,82.29
59.28,74.12,59.277,80.130,59.28,82.28
59.27,74.11,59.268,80.119,59.27,82.27
59.26,74.09,59.258,80.109,59.26,82.26
59.25,74.08,59.248,80.102,59.25,82.25
59.24,74.07,59.238,80.092,59.24,82.25
59.23,74.06,59.228,80.083,59.23,82.24
59.22,74.04,59.218,80.074,59.22,82.23
59.21,74.03,59.208,80.064,59.21,82.22
59.2,74.02,59.198,80.055,59.20,82.22
59.19,74.01,59.188,80.047,59.19,82.21
59.18,74.00,59.178,80.038,59.18,82.20
59.17,73.98,59.168,80.031,59.17,82.20
59.16,73.97,59.158,80.020,59.16,82.19
59.15,73.96,59.149,80.010,59.15,82.18
59.14,73.94,59.139,80.002,59.14,82.17
59.13,73.93,59.129,79.994,59.13,82.16
59.12,73.92,59.119,79.986,59.12,82.16
59.11,73.91,59.109,79.976,59.11,82.15
59.1,73.90,59.099,79.967,59.10,82.14
59.09,73.88,59.089,79.957,59.09,82.13
59.08,73.87,59.079,79.948,59.08,82.13
59.07,73.86,59.069,79.939,59.07,82.12
59.06,73.85,59.059,79.929,59.06,82.11
59.05,73.84,59.049,79.919,59.05,82.11
59.04,73.82,59.040,79.909,59.04,82.10
59.03,73.81,59.030,79.900,59.03,82.09
59.02,73.79,59.020,79.890,59.02,82.08
59.01,73.78,59.010,79.881,59.01,82.07
59,73.77,59.000,79.872,59.00,82.07
58.99,73.76,58.990,79.862,58.99,82.06
58.98,73.74,58.980,79.852,58.98,82.05
58.97,73.73,58.970,79.842,58.97,82.05
58.96,73.72,58.960,79.834,58.96,82.04
58.95,73.71,58.950,79.824,58.95,82.03
58.94,73.70,58.940,79.815,58.94,82.02
58.93,73.68,58.930,79.806,58.93,82.01
58.92,73.67,58.921,79.797,58.92,82.01
58.91,73.65,58.911,79.788,58.91,82.00
58.9,73.64,58.901,79.777,58.90,81.99
58.89,73.63,58.891,79.769,58.89,81.98
58.88,73.61,58.881,79.762,58.88,81.97
58.87,73.61,58.871,79.754,58.87,81.97
58.86,73.59,58.861,79.746,58.86,81.96
58.85,73.58,58.851,79.737,58.85,81.95
58.84,73.56,58.841,79.728,58.84,81.94
58.83,73.55,58.831,79.721,58.83,81.93
58.82,73.54,58.821,79.711,58.82,81.93
58.81,73.53,58.812,79.701,58.81,81.92
58.8,73.51,58.802,79.694,58.80,81.91
58.79,73.50,58.792,79.687,58.79,81.90
58.78,73.49,58.782,79.678,58.78,81.89
58.77,73.47,58.772,79.668,58.77,81.89
58.76,73.46,58.762,79.659,58.76,81.88
58.75,73.45,58.752,79.650,58.75,81.87
58.74,73.44,58.742,79.640,58.74,81.86
58.73,73.43,58.732,79.631,58.73,81.85
58.72,73.41,58.722,79.620,58.72,81.85
58.71,73.40,58.712,79.612,58.71,81.84
58.7,73.38,58.703,79.602,58.70,81.83
58.69,73.37,58.693,79.593,58.69,81.82
58.68,73.37,58.683,79.582,58.68,81.82
58.67,73.35,58.673,79.572,58.67,81.81
58.66,73.34,58.663,79.563,58.66,81.80
58.65,73.33,58.653,79.555,58.65,81.79
58.64,73.31,58.643,79.545,58.64,81.79
58.63,73.30,58.633,79.535,58.63,81.78
58.62,73.28,58.623,79.524,58.62,81.77
58.61,73.27,58.613,79.515,58.61,81.76
58.6,73.26,58.603,79.506,58.60,81.75
58.59,73.25,58.593,79.498,58.59,81.75
58.58,73.23,58.584,79.488,58.58,81.74
58.57,73.22,58.574,79.481,58.57,81.73
58.56,73.21,58.564,79.472,58.56,81.72
58.55,73.20,58.554,79.465,58.55,81.72
58.54,73.18,58.544,79.455,58.54,81.71
58.53,73.17,58.534,79.446,58.53,81.70
58.52,73.16,58.524,79.436,58.52,81.69
58.51,73.14,58.514,79.427,58.51,81.69
58.5,73.13,58.504,79.418,58.50,81.68
58.49,73.12,58.494,79.409,58.49,81.67
58.48,73.11,58.484,79.403,58.48,81.66
58.48,73.09,58.475,79.391,58.48,81.66
58.47,73.08,58.465,79.382,58.47,81.65
58.46,73.07,58.455,79.373,58.46,81.64
58.45,73.05,58.445,79.363,58.45,81.63
58.44,73.04,58.435,79.353,58.44,81.63
58.43,73.03,58.425,79.344,58.43,81.62
58.42,73.01,58.415,79.335,58.42,81.61
58.41,73.00,58.405,79.327,58.41,81.60
58.4,72.99,58.395,79.316,58.40,81.59
58.39,72.98,58.385,79.308,58.39,81.59
58.38,72.97,58.375,79.300,58.38,81.58
58.37,72.95,58.365,79.291,58.37,81.57
58.36,72.94,58.356,79.280,58.36,81.56
58.35,72.92,58.346,79.271,58.35,81.55
58.34,72.91,58.336,79.262,58.34,81.54
58.33,72.90,58.326,79.253,58.33,81.53
58.32,72.89,58.316,79.245,58.32,81.53
58.31,72.88,58.306,79.235,58.31,81.52
58.3,72.87,58.296,79.228,58.30,81.51
58.29,72.85,58.286,79.219,58.29,81.50
58.28,72.84,58.276,79.211,58.28,81.50
58.27,72.82,58.266,79.200,58.27,81.49
58.26,72.81,58.256,79.192,58.26,81.48
58.25,72.80,58.247,79.183,58.25,81.48
58.24,72.79,58.237,79.174,58.24,81.47
58.23,72.78,58.227,79.164,58.23,81.46
58.22,72.76,58.217,79.153,58.22,81.45
58.21,72.75,58.207,79.144,58.21,81.44
58.2,72.74,58.197,79.135,58.20,81.43
58.19,72.72,58.187,79.126,58.19,81.43
58.18,72.72,58.177,79.116,58.18,81.42
58.17,72.70,58.167,79.108,58.17,81.41
58.16,72.69,58.157,79.098,58.16,81.40
58.15,72.68,58.147,79.090,58.15,81.39
58.14,72.66,58.137,79.081,58.14,81.39
58.13,72.65,58.128,79.072,58.13,81.38
58.12,72.63,58.118,79.064,58.12,81.37
58.11,72.62,58.108,79.053,58.11,81.37
58.1,72.61,58.098,79.045,58.10,81.36
58.09,72.59,58.088,79.036,58.09,81.35
58.08,72.59,58.078,79.028,58.08,81.34
58.07,72.57,58.068,79.019,58.07,81.33
58.06,72.56,58.058,79.011,58.06,81.33
58.05,72.54,58.048,79.002,58.05,81.32
58.04,72.53,58.038,78.994,58.04,81.31
58.03,72.51,58.028,78.982,58.03,81.31
58.02,72.50,58.019,78.973,58.02,81.30
58.01,72.49,58.009,78.964,58.01,81.29
58,72.48,57.999,78.953,58.00,81.28
57.99,72.46,57.989,78.945,57.99,81.28
57.98,72.45,57.979,78.934,57.98,81.27
57.97,72.44,57.969,78.924,57.97,81.26
57.96,72.43,57.959,78.917,57.96,81.25
57.95,72.42,57.949,78.906,57.95,81.25
57.94,72.40,57.939,78.898,57.94,81.24
57.93,72.39,57.929,78.888,57.93,81.23
57.92,72.38,57.919,78.879,57.92,81.22
57.91,72.37,57.909,78.871,57.91,81.21
57.9,72.36,57.900,78.863,57.90,81.20
57.89,72.34,57.890,78.853,57.89,81.20
57.88,72.33,57.880,78.845,57.88,81.19
57.87,72.32,57.870,78.835,57.87,81.18
57.86,72.31,57.860,78.828,57.86,81.17
57.85,72.30,57.850,78.819,57.85,81.16
57.84,72.28,57.840,78.810,57.84,81.15
57.83,72.27,57.830,78.800,57.83,81.15
57.82,72.26,57.820,78.787,57.82,81.14
57.81,72.24,57.810,78.779,57.81,81.13
57.8,72.23,57.800,78.771,57.80,81.12
57.79,72.21,57.791,78.762,57.79,81.11
57.78,72.20,57.781,78.752,57.78,81.10
57.77,72.19,57.771,78.743,57.77,81.10
57.76,72.18,57.761,78.734,57.76,81.09
57.75,72.16,57.751,78.727,57.75,81.08
57.74,72.15,57.741,78.717,57.74,81.07
57.73,72.14,57.731,78.707,57.73,81.07
57.72,72.12,57.721,78.700,57.72,81.06
57.71,72.11,57.711,78.689,57.71,81.05
57.7,72.09,57.701,78.680,57.70,81.04
57.69,72.08,57.691,78.672,57.69,81.03
57.68,72.07,57.681,78.665,57.68,81.02
57.67,72.05,57.672,78.656,57.67,81.02
57.66,72.04,57.662,78.646,57.66,81.01
57.65,72.03,57.652,78.637,57.65,81.00
57.64,72.02,57.642,78.629,57.64,81.00
57.63,72.01,57.632,78.620,57.63,80.99
57.62,72.00,57.622,78.612,57.62,80.98
57.61,71.98,57.612,78.605,57.61,80.98
57.6,71.97,57.602,78.595,57.60,80.97
57.59,71.96,57.592,78.584,57.59,80.96
57.58,71.95,57.582,78.577,57.58,80.95
57.57,71.93,57.572,78.567,57.57,80.94
57.56,71.92,57.563,78.557,57.56,80.93
57.55,71.91,57.553,78.550,57.55,80.93
57.54,71.89,57.543,78.539,57.54,80.92
57.53,71.88,57.533,78.529,57.53,80.91
57.52,71.87,57.523,78.520,57.52,80.90
57.51,71.86,57.513,78.510,57.51,80.90
57.5,71.84,57.503,78.501,57.50,80.89
57.49,71.83,57.493,78.494,57.49,80.88
57.48,71.81,57.483,78.485,57.48,80.87
57.47,71.80,57.473,78.476,57.47,80.86
57.46,71.79,57.463,78.468,57.46,80.85
57.45,71.78,57.453,78.458,57.45,80.84
57.44,71.76,57.444,78.449,57.44,80.84
57.43,71.75,57.434,78.438,57.43,80.83
57.42,71.73,57.424,78.430,57.42,80.82
57.41,71.72,57.414,78.420,57.41,80.81
57.4,71.71,57.404,78.409,57.40,80.81
57.39,71.70,57.394,78.400,57.39,80.80
57.38,71.69,57.384,78.392,57.38,80.79
57.37,71.68,57.374,78.384,57.37,80.78
57.36,71.66,57.364,78.376,57.36,80.77
57.35,71.65,57.354,78.365,57.35,80.77
57.34,71.63,57.344,78.356,57.34,80.76
57.34,71.62,57.335,78.345,57.34,80.75
57.33,71.61,57.325,78.333,57.33,80.74
57.32,71.60,57.315,78.325,57.32,80.73
57.31,71.59,57.305,78.316,57.31,80.73
57.3,71.58,57.295,78.307,57.30,80.72
57.29,71.57,57.285,78.299,57.29,80.71
57.28,71.56,57.275,78.289,57.28,80.70
57.27,71.55,57.265,78.280,57.27,80.69
57.26,71.53,57.255,78.273,57.26,80.68
57.25,71.52,57.245,78.262,57.25,80.67
57.24,71.50,57.235,78.252,57.24,80.67
57.23,71.49,57.225,78.244,57.23,80.66
57.22,71.49,57.216,78.235,57.22,80.65
57.21,71.47,57.206,78.224,57.21,80.64
57.2,71.46,57.196,78.213,57.20,80.63
57.19,71.44,57.186,78.203,57.19,80.63
57.18,71.43,57.176,78.193,57.18,80.62
57.17,71.42,57.166,78.182,57.17,80.61
57.16,71.40,57.156,78.173,57.16,80.60
57.15,71.39,57.146,78.164,57.15,80.59
57.14,71.38,57.136,78.154,57.14,80.59
57.13,71.37,57.126,78.144,57.13,80.58
57.12,71.36,57.116,78.134,57.12,80.57
57.11,71.35,57.107,78.124,57.11,80.56
57.1,71.33,57.097,78.115,57.10,80.55
57.09,71.32,57.087,78.107,57.09,80.54
57.08,71.31,57.077,78.098,57.08,80.54
57.07,71.30,57.067,78.087,57.07,80.53
57.06,71.29,57.057,78.079,57.06,80.52
57.05,71.27,57.047,78.069,57.05,80.51
57.04,71.26,57.037,78.059,57.04,80.50
57.03,71.25,57.027,78.050,57.03,80.50
57.02,71.23,57.017,78.041,57.02,80.49
57.01,71.22,57.007,78.029,57.01,80.48
57,71.21,56.997,78.021,57.00,80.48
56.99,71.20,56.988,78.012,56.99,80.47
56.98,71.18,56.978,78.003,56.98,80.46
56.97,71.17,56.968,77.993,56.97,80.45
56.96,71.16,56.958,77.983,56.96,80.44
56.95,71.15,56.948,77.974,56.95,80.43
56.94,71.14,56.938,77.964,56.94,80.42
56.93,71.12,56.928,77.956,56.93,80.42
56.92,71.11,56.918,77.946,56.92,80.41
56.91,71.09,56.908,77.935,56.91,80.40
56.9,71.08,56.898,77.926,56.90,80.39
56.89,71.07,56.888,77.918,56.89,80.39
56.88,71.06,56.879,77.908,56.88,80.38
56.87,71.04,56.869,77.897,56.87,80.37
56.86,71.03,56.859,77.888,56.86,80.36
56.85,71.01,56.849,77.880,56.85,80.35
56.84,71.00,56.839,77.867,56.84,80.34
56.83,70.99,56.829,77.857,56.83,80.34
56.82,70.98,56.819,77.849,56.82,80.33
56.81,70.96,56.809,77.842,56.81,80.32
56.8,70.95,56.799,77.830,56.80,80.31
56.79,70.94,56.789,77.821,56.79,80.31
56.78,70.93,56.779,77.810,56.78,80.30
56.77,70.92,56.769,77.802,56.77,80.29
56.76,70.90,56.760,77.793,56.76,80.28
56.75,70.89,56.750,77.782,56.75,80.27
56.74,70.87,56.740,77.771,56.74,80.26
56.73,70.86,56.730,77.761,56.73,80.26
56.72,70.85,56.720,77.752,56.72,80.25
56.71,70.84,56.710,77.743,56.71,80.24
56.7,70.83,56.700,77.734,56.70,80.23
56.69,70.82,56.690,77.724,56.69,80.22
56.68,70.80,56.680,77.713,56.68,80.21
56.67,70.79,56.670,77.703,56.67,80.20
56.66,70.77,56.660,77.695,56.66,80.20
56.65,70.76,56.651,77.686,56.65,80.19
56.64,70.75,56.641,77.676,56.64,80.18
56.63,70.74,56.631,77.669,56.63,80.17
56.62,70.73,56.621,77.659,56.62,80.16
56.61,70.71,56.611,77.649,56.61,80.16
56.6,70.70,56.601,77.639,56.60,80.15
56.59,70.69,56.591,77.630,56.59,80.14
56.58,70.68,56.581,77.621,56.58,80.13
56.57,70.67,56.571,77.613,56.57,80.12
56.56,70.65,56.561,77.603,56.56,80.11
56.55,70.64,56.551,77.595,56.55,80.10
56.54,70.63,56.541,77.583,56.54,80.10
56.53,70.61,56.532,77.572,56.53,80.09
56.52,70.60,56.522,77.561,56.52,80.08
56.51,70.58,56.512,77.554,56.51,80.07
56.5,70.57,56.502,77.545,56.50,80.06
56.49,70.55,56.492,77.533,56.49,80.06
56.48,70.54,56.482,77.522,56.48,80.05
56.47,70.54,56.472,77.513,56.47,80.04
56.46,70.52,56.462,77.503,56.46,80.03
56.45,70.51,56.452,77.492,56.45,80.02
56.44,70.49,56.442,77.481,56.44,80.01
56.43,70.48,56.432,77.471,56.43,80.00
56.42,70.47,56.423,77.461,56.42,79.99
56.41,70.46,56.413,77.453,56.41,79.99
56.4,70.44,56.403,77.445,56.40,79.98
56.39,70.43,56.393,77.435,56.39,79.97
56.38,70.42,56.383,77.425,56.38,79.96
56.37,70.40,56.373,77.416,56.37,79.95
56.36,70.39,56.363,77.407,56.36,79.94
56.35,70.38,56.353,77.397,56.35,79.93
56.34,70.37,56.343,77.386,56.34,79.93
56.33,70.35,56.333,77.374,56.33,79.92
56.32,70.34,56.323,77.364,56.32,79.91
56.31,70.33,56.313,77.355,56.31,79.90
56.3,70.31,56.304,77.345,56.30,79.89
56.29,70.30,56.294,77.337,56.29,79.89
56.28,70.28,56.284,77.325,56.28,79.88
56.27,70.27,56.274,77.316,56.27,79.87
56.26,70.26,56.264,77.307,56.26,79.86
56.25,70.25,56.254,77.297,56.25,79.85
56.24,70.24,56.244,77.286,56.24,79.85
56.23,70.23,56.234,77.277,56.23,79.84
56.22,70.21,56.224,77.267,56.22,79.83
56.21,70.20,56.214,77.257,56.21,79.82
56.2,70.19,56.204,77.248,56.20,79.82
56.2,70.18,56.195,77.238,56.20,79.81
56.19,70.16,56.185,77.228,56.19,79.80
56.18,70.15,56.175,77.219,56.18,79.79
56.17,70.14,56.165,77.209,56.17,79.78
56.16,70.13,56.155,77.199,56.16,79.77
56.15,70.11,56.145,77.190,56.15,79.77
56.14,70.11,56.135,77.180,56.14,79.76
56.13,70.09,56.125,77.171,56.13,79.75
56.12,70.08,56.115,77.163,56.12,79.74
56.11,70.06,56.105,77.153,56.11,79.74
56.1,70.05,56.095,77.143,56.10,79.73
56.09,70.03,56.085,77.134,56.09,79.72
56.08,70.02,56.076,77.124,56.08,79.71
56.07,70.01,56.066,77.113,56.07,79.70
56.06,70.00,56.056,77.104,56.06,79.69
56.05,69.99,56.046,77.095,56.05,79.68
56.04,69.98,56.036,77.085,56.04,79.68
56.03,69.96,56.026,77.075,56.03,79.67
56.02,69.95,56.016,77.062,56.02,79.66
56.01,69.94,56.006,77.053,56.01,79.65
56,69.92,55.996,77.045,56.00,79.64
55.99,69.91,55.986,77.035,55.99,79.64
55.98,69.90,55.976,77.026,55.98,79.63
55.97,69.88,55.967,77.019,55.97,79.62
55.96,69.87,55.957,77.010,55.96,79.61
55.95,69.86,55.947,76.999,55.95,79.60
55.94,69.85,55.937,76.988,55.94,79.59
55.93,69.84,55.927,76.979,55.93,79.58
55.92,69.83,55.917,76.967,55.92,79.57
55.91,69.81,55.907,76.957,55.91,79.56
55.9,69.80,55.897,76.946,55.90,79.56
55.89,69.79,55.887,76.937,55.89,79.55
55.88,69.78,55.877,76.927,55.88,79.54
55.87,69.77,55.867,76.917,55.87,79.53
55.86,69.76,55.857,76.908,55.86,79.52
55.85,69.75,55.848,76.900,55.85,79.51
55.84,69.73,55.838,76.891,55.84,79.51
55.83,69.71,55.828,76.881,55.83,79.50
55.82,69.71,55.818,76.869,55.82,79.49
55.81,69.70,55.808,76.858,55.81,79.48
55.8,69.69,55.798,76.850,55.80,79.48
55.79,69.67,55.788,76.841,55.79,79.47
55.78,69.66,55.778,76.829,55.78,79.46
55.77,69.65,55.768,76.820,55.77,79.45
55.76,69.64,55.758,76.811,55.76,79.44
55.75,69.62,55.748,76.800,55.75,79.43
55.74,69.60,55.739,76.792,55.74,79.42
55.73,69.59,55.729,76.781,55.73,79.42
55.72,69.57,55.719,76.771,55.72,79.41
55.71,69.56,55.709,76.760,55.71,79.40
55.7,69.54,55.699,76.751,55.70,79.39
55.69,69.53,55.689,76.740,55.69,79.38
55.68,69.52,55.679,76.730,55.68,79.37
55.67,69.51,55.669,76.721,55.67,79.36
55.66,69.49,55.659,76.711,55.66,79.36
55.65,69.49,55.649,76.700,55.65,79.35
55.64,69.47,55.639,76.689,55.64,79.34
55.63,69.46,55.629,76.680,55.63,79.33
55.62,69.45,55.620,76.672,55.62,79.32
55.61,69.44,55.610,76.661,55.61,79.32
55.6,69.43,55.600,76.652,55.60,79.31
55.59,69.42,55.590,76.644,55.59,79.30
55.58,69.41,55.580,76.634,55.58,79.29
55.57,69.39,55.570,76.626,55.57,79.28
55.56,69.38,55.560,76.617,55.56,79.28
55.55,69.36,55.550,76.607,55.55,79.27
55.54,69.35,55.540,76.595,55.54,79.26
55.53,69.34,55.530,76.585,55.53,79.25
55.52,69.33,55.520,76.575,55.52,79.24
55.51,69.32,55.511,76.565,55.51,79.24
55.5,69.30,55.501,76.554,55.50,79.23
55.49,69.29,55.491,76.542,55.49,79.22
55.48,69.28,55.481,76.533,55.48,79.21
55.47,69.27,55.471,76.523,55.47,79.20
55.46,69.26,55.461,76.512,55.46,79.20
55.45,69.25,55.451,76.503,55.45,79.19
55.44,69.24,55.441,76.493,55.44,79.18
55.43,69.23,55.431,76.485,55.43,79.17
55.42,69.21,55.421,76.475,55.42,79.16
55.41,69.20,55.411,76.467,55.41,79.15
55.4,69.19,55.401,76.457,55.40,79.15
55.39,69.18,55.392,76.447,55.39,79.14
55.38,69.16,55.382,76.437,55.38,79.13
55.37,69.15,55.372,76.426,55.37,79.12
55.36,69.13,55.362,76.417,55.36,79.11
55.35,69.12,55.352,76.407,55.35,79.11
55.34,69.11,55.342,76.400,55.34,79.10
55.33,69.10,55.332,76.391,55.33,79.09
55.32,69.09,55.322,76.382,55.32,79.08
55.31,69.07,55.312,76.371,55.31,79.07
55.3,69.06,55.302,76.363,55.30,79.07
55.29,69.05,55.292,76.355,55.29,79.06
55.28,69.04,55.283,76.344,55.28,79.05
55.27,69.03,55.273,76.335,55.27,79.04
55.26,69.02,55.263,76.326,55.26,79.03
55.25,69.00,55.253,76.315,55.25,79.02
55.24,68.99,55.243,76.305,55.24,79.02
55.23,68.98,55.233,76.295,55.23,79.01
55.22,68.96,55.223,76.285,55.22,79.00
55.21,68.95,55.213,76.275,55.21,78.99
55.2,68.94,55.203,76.265,55.20,78.98
55.19,68.93,55.193,76.256,55.19,78.97
55.18,68.92,55.183,76.248,55.18,78.96
55.17,68.91,55.173,76.240,55.17,78.95
55.16,68.90,55.164,76.227,55.16,78.94
55.15,68.88,55.154,76.218,55.15,78.94
55.14,68.87,55.144,76.208,55.14,78.93
55.13,68.85,55.134,76.198,55.13,78.92
55.12,68.84,55.124,76.187,55.12,78.91
55.11,68.82,55.114,76.176,55.11,78.90
55.1,68.81,55.104,76.166,55.10,78.89
55.09,68.79,55.094,76.159,55.09,78.89
55.08,68.78,55.084,76.150,55.08,78.88
55.07,68.77,55.074,76.142,55.07,78.87
55.06,68.76,55.064,76.131,55.06,78.86
55.06,68.75,55.055,76.121,55.06,78.85
55.05,68.73,55.045,76.111,55.05,78.85
55.04,68.72,55.035,76.103,55.04,78.84
55.03,68.71,55.025,76.092,55.03,78.83
55.02,68.70,55.015,76.083,55.02,78.82
55.01,68.69,55.005,76.075,55.01,78.81
55,68.67,54.995,76.066,55.00,78.80
54.99,68.66,54.985,76.056,54.99,78.79
54.98,68.65,54.975,76.048,54.98,78.78
54.97,68.64,54.965,76.038,54.97,78.78
54.96,68.62,54.955,76.027,54.96,78.77
54.95,68.61,54.945,76.018,54.95,78.76
54.94,68.60,54.936,76.008,54.94,78.75
54.93,68.59,54.926,75.997,54.93,78.74
54.92,68.57,54.916,75.986,54.92,78.73
54.91,68.56,54.906,75.976,54.91,78.72
54.9,68.56,54.896,75.966,54.90,78.72
54.89,68.54,54.886,75.955,54.89,78.71
54.88,68.52,54.876,75.944,54.88,78.70
54.87,68.51,54.866,75.936,54.87,78.69
54.86,68.49,54.856,75.926,54.86,78.68
54.85,68.49,54.846,75.916,54.85,78.68
54.84,68.47,54.836,75.905,54.84,78.67
54.83,68.45,54.827,75.896,54.83,78.66
54.82,68.44,54.817,75.885,54.82,78.65
54.81,68.43,54.807,75.872,54.81,78.64
54.8,68.42,54.797,75.863,54.80,78.64
54.79,68.41,54.787,75.852,54.79,78.63
54.78,68.39,54.777,75.841,54.78,78.62
54.77,68.37,54.767,75.833,54.77,78.61
54.76,68.36,54.757,75.823,54.76,78.60
54.75,68.35,54.747,75.815,54.75,78.59
54.74,68.33,54.737,75.804,54.74,78.59
54.73,68.33,54.727,75.795,54.73,78.58
54.72,68.31,54.717,75.785,54.72,78.57
54.71,68.30,54.708,75.776,54.71,78.56
54.7,68.29,54.698,75.765,54.70,78.55
54.69,68.27,54.688,75.755,54.69,78.54
54.68,68.25,54.678,75.744,54.68,78.53
54.67,68.24,54.668,75.737,54.67,78.53
54.66,68.24,54.658,75.727,54.66,78.52
54.65,68.22,54.648,75.718,54.65,78.51
54.64,68.21,54.638,75.708,54.64,78.50
54.63,68.21,54.628,75.699,54.63,78.49
54.62,68.20,54.618,75.689,54.62,78.49
54.61,68.18,54.608,75.680,54.61,78.47
54.6,68.17,54.599,75.671,54.60,78.47
54.59,68.16,54.589,75.658,54.59,78.46
54.58,68.15,54.579,75.650,54.58,78.45
54.57,68.14,54.569,75.639,54.57,78.44
54.56,68.13,54.559,75.629,54.56,78.43
54.55,68.12,54.549,75.620,54.55,78.42
54.54,68.11,54.539,75.610,54.54,78.41
54.53,68.10,54.529,75.601,54.53,78.40
54.52,68.08,54.519,75.594,54.52,78.40
54.51,68.07,54.509,75.584,54.51,78.39
54.5,68.06,54.499,75.575,54.50,78.38
54.49,68.05,54.489,75.567,54.49,78.37
54.48,68.03,54.480,75.557,54.48,78.36
54.47,68.03,54.470,75.548,54.47,78.35
54.46,68.02,54.460,75.536,54.46,78.34
54.45,68.00,54.450,75.524,54.45,78.33
54.44,67.99,54.440,75.515,54.44,78.33
54.43,67.98,54.430,75.507,54.43,78.32
54.42,67.97,54.420,75.497,54.42,78.31
54.41,67.95,54.410,75.488,54.41,78.30
54.4,67.94,54.400,75.478,54.40,78.29
54.39,67.92,54.390,75.470,54.39,78.29
54.38,67.91,54.380,75.459,54.38,78.28
54.37,67.89,54.371,75.450,54.37,78.27
54.36,67.89,54.361,75.436,54.36,78.26
54.35,67.88,54.351,75.428,54.35,78.25
54.34,67.86,54.341,75.419,54.34,78.24
54.33,67.84,54.331,75.410,54.33,78.24
54.32,67.83,54.321,75.401,54.32,78.23
54.31,67.82,54.311,75.391,54.31,78.22
54.3,67.81,54.301,75.380,54.30,78.21
54.29,67.79,54.291,75.371,54.29,78.20
54.28,67.78,54.281,75.362,54.28,78.19
54.27,67.76,54.271,75.352,54.27,78.18
54.26,67.75,54.261,75.343,54.26,78.17
54.25,67.74,54.252,75.332,54.25,78.16
54.24,67.73,54.242,75.321,54.24,78.16
54.23,67.71,54.232,75.310,54.23,78.15
54.22,67.71,54.222,75.300,54.22,78.14
54.21,67.70,54.212,75.290,54.21,78.13
54.2,67.69,54.202,75.279,54.20,78.12
54.19,67.67,54.192,75.267,54.19,78.11
54.18,67.66,54.182,75.255,54.18,78.10
54.17,67.65,54.172,75.246,54.17,78.09
54.16,67.64,54.162,75.236,54.16,78.08
54.15,67.63,54.152,75.226,54.15,78.07
54.14,67.62,54.143,75.215,54.14,78.06
54.13,67.61,54.133,75.206,54.13,78.06
54.12,67.60,54.123,75.196,54.12,78.05
54.11,67.58,54.113,75.186,54.11,78.04
54.1,67.57,54.103,75.175,54.10,78.03
54.09,67.55,54.093,75.166,54.09,78.02
54.08,67.53,54.083,75.156,54.08,78.01
54.07,67.52,54.073,75.146,54.07,78.01
54.06,67.51,54.063,75.138,54.06,78.00
54.05,67.49,54.053,75.128,54.05,77.99
54.04,67.49,54.043,75.117,54.04,77.98
54.03,67.47,54.033,75.109,54.03,77.97
54.02,67.46,54.024,75.100,54.02,77.96
54.01,67.45,54.014,75.092,54.01,77.95
54,67.43,54.004,75.082,54.00,77.94
53.99,67.42,53.994,75.074,53.99,77.93
53.98,67.41,53.984,75.065,53.98,77.92
53.97,67.40,53.974,75.055,53.97,77.92
53.96,67.39,53.964,75.042,53.96,77.91
53.95,67.38,53.954,75.030,53.95,77.90
53.94,67.37,53.944,75.023,53.94,77.89
53.93,67.35,53.934,75.012,53.93,77.88
53.92,67.34,53.924,75.002,53.92,77.87
53.92,67.33,53.915,74.991,53.92,77.87
53.91,67.32,53.905,74.979,53.91,77.86
53.9,67.30,53.895,74.967,53.90,77.85
53.89,67.29,53.885,74.957,53.89,77.84
53.88,67.28,53.875,74.948,53.88,77.83
53.87,67.27,53.865,74.938,53.87,77.82
53.86,67.26,53.855,74.930,53.86,77.81
53.85,67.25,53.845,74.919,53.85,77.80
53.84,67.24,53.835,74.909,53.84,77.79
53.83,67.22,53.825,74.899,53.83,77.78
53.82,67.21,53.815,74.890,53.82,77.77
53.81,67.20,53.805,74.879,53.81,77.77
53.8,67.18,53.796,74.872,53.80,77.76
53.79,67.17,53.786,74.861,53.79,77.75
53.78,67.16,53.776,74.852,53.78,77.74
53.77,67.14,53.766,74.842,53.77,77.73
53.76,67.14,53.756,74.831,53.76,77.72
53.75,67.12,53.746,74.821,53.75,77.71
53.74,67.10,53.736,74.813,53.74,77.71
53.73,67.09,53.726,74.799,53.73,77.70
53.72,67.08,53.716,74.792,53.72,77.69
53.71,67.06,53.706,74.782,53.71,77.69
53.7,67.05,53.696,74.774,53.70,77.67
53.69,67.04,53.687,74.765,53.69,77.67
53.68,67.03,53.677,74.755,53.68,77.66
53.67,67.02,53.667,74.748,53.67,77.65
53.66,67.00,53.657,74.738,53.66,77.64
53.65,66.98,53.647,74.727,53.65,77.63
53.64,66.98,53.637,74.716,53.64,77.62
53.63,66.96,53.627,74.707,53.63,77.61
53.62,66.95,53.617,74.698,53.62,77.60
53.61,66.94,53.607,74.690,53.61,77.59
53.6,66.93,53.597,74.680,53.60,77.58
53.59,66.92,53.587,74.673,53.59,77.57
53.58,66.91,53.577,74.662,53.58,77.57
53.57,66.90,53.568,74.651,53.57,77.56
53.56,66.88,53.558,74.642,53.56,77.55
53.55,66.87,53.548,74.630,53.55,77.54
53.54,66.86,53.538,74.622,53.54,77.53
53.53,66.85,53.528,74.612,53.53,77.52
53.52,66.84,53.518,74.602,53.52,77.51
53.51,66.83,53.508,74.592,53.51,77.50
53.5,66.82,53.498,74.581,53.50,77.49
53.49,66.81,53.488,74.573,53.49,77.49
53.48,66.79,53.478,74.562,53.48,77.48
53.47,66.78,53.468,74.553,53.47,77.47
53.46,66.76,53.459,74.542,53.46,77.46
53.45,66.75,53.449,74.533,53.45,77.45
53.44,66.74,53.439,74.524,53.44,77.44
53.43,66.73,53.429,74.511,53.43,77.43
53.42,66.71,53.419,74.503,53.42,77.42
53.41,66.70,53.409,74.489,53.41,77.41
53.4,66.69,53.399,74.480,53.40,77.41
53.39,66.68,53.389,74.470,53.39,77.40
53.38,66.67,53.379,74.461,53.38,77.39
53.37,66.65,53.369,74.453,53.37,77.38
53.36,66.64,53.359,74.445,53.36,77.37
53.35,66.63,53.349,74.435,53.35,77.36
53.34,66.62,53.340,74.426,53.34,77.35
53.33,66.61,53.330,74.417,53.33,77.34
53.32,66.59,53.320,74.407,53.32,77.34
53.31,66.58,53.310,74.397,53.31,77.33
53.3,66.57,53.300,74.388,53.30,77.32
53.29,66.55,53.290,74.377,53.29,77.31
53.28,66.54,53.280,74.364,53.28,77.30
53.27,66.53,53.270,74.353,53.27,77.30
53.26,66.51,53.260,74.345,53.26,77.29
53.25,66.50,53.250,74.331,53.25,77.28
53.24,66.49,53.240,74.320,53.24,77.27
53.23,66.47,53.231,74.310,53.23,77.26
53.22,66.46,53.221,74.301,53.22,77.25
53.21,66.45,53.211,74.291,53.21,77.24
53.2,66.44,53.201,74.282,53.20,77.24
53.19,66.43,53.191,74.272,53.19,77.23
53.18,66.42,53.181,74.263,53.18,77.22
53.17,66.40,53.171,74.253,53.17,77.21
53.16,66.39,53.161,74.240,53.16,77.20
53.15,66.38,53.151,74.231,53.15,77.19
53.14,66.36,53.141,74.223,53.14,77.18
53.13,66.35,53.131,74.215,53.13,77.17
53.12,66.34,53.121,74.205,53.12,77.16
53.11,66.33,53.112,74.195,53.11,77.15
53.1,66.32,53.102,74.186,53.10,77.14
53.09,66.31,53.092,74.173,53.09,77.14
53.08,66.29,53.082,74.162,53.08,77.13
53.07,66.28,53.072,74.150,53.07,77.12
53.06,66.27,53.062,74.139,53.06,77.11
53.05,66.25,53.052,74.130,53.05,77.10
53.04,66.24,53.042,74.120,53.04,77.09
53.03,66.23,53.032,74.110,53.03,77.09
53.02,66.22,53.022,74.098,53.02,77.08
53.01,66.20,53.012,74.088,53.01,77.07
53,66.19,53.003,74.076,53.00,77.06
52.99,66.18,52.993,74.065,52.99,77.05
52.98,66.17,52.983,74.055,52.98,77.04
52.97,66.16,52.973,74.047,52.97,77.03
52.96,66.15,52.963,74.039,52.96,77.02
52.95,66.14,52.953,74.030,52.95,77.02
52.94,66.13,52.943,74.016,52.94,77.01
52.93,66.12,52.933,74.006,52.93,77.00
52.92,66.11,52.923,73.997,52.92,76.99
52.91,66.09,52.913,73.984,52.91,76.98
52.9,66.08,52.903,73.975,52.90,76.97
52.89,66.07,52.893,73.963,52.89,76.96
52.88,66.05,52.884,73.954,52.88,76.95
52.87,66.04,52.874,73.942,52.87,76.94
52.86,66.03,52.864,73.931,52.86,76.94
52.85,66.02,52.854,73.920,52.85,76.93
52.84,66.00,52.844,73.909,52.84,76.92
52.83,65.99,52.834,73.900,52.83,76.91
52.82,65.98,52.824,73.892,52.82,76.90
52.81,65.97,52.814,73.880,52.81,76.89
52.8,65.95,52.804,73.870,52.80,76.88
52.79,65.94,52.794,73.863,52.79,76.87
52.78,65.93,52.784,73.852,52.78,76.86
52.78,65.92,52.775,73.841,52.78,76.85
52.77,65.91,52.765,73.830,52.77,76.85
52.76,65.90,52.755,73.822,52.76,76.84
52.75,65.89,52.745,73.811,52.75,76.83
52.74,65.87,52.735,73.801,52.74,76.82
52.73,65.86,52.725,73.790,52.73,76.81
52.72,65.84,52.715,73.783,52.72,76.80
52.71,65.83,52.705,73.770,52.71,76.79
52.7,65.81,52.695,73.762,52.70,76.78
52.69,65.80,52.685,73.749,52.69,76.78
52.68,65.79,52.675,73.739,52.68,76.77
52.67,65.78,52.665,73.729,52.67,76.76
52.66,65.77,52.656,73.719,52.66,76.75
52.65,65.75,52.646,73.710,52.65,76.74
52.64,65.74,52.636,73.698,52.64,76.73
52.63,65.73,52.626,73.688,52.63,76.72
52.62,65.72,52.616,73.677,52.62,76.71
52.61,65.71,52.606,73.665,52.61,76.70
52.6,65.70,52.596,73.654,52.60,76.69
52.59,65.69,52.586,73.645,52.59,76.68
52.58,65.68,52.576,73.633,52.58,76.67
52.57,65.67,52.566,73.623,52.57,76.67
52.56,65.65,52.556,73.610,52.56,76.66
52.55,65.64,52.547,73.599,52.55,76.65
52.54,65.63,52.537,73.588,52.54,76.64
52.53,65.62,52.527,73.577,52.53,76.63
52.52,65.60,52.517,73.569,52.52,76.63
52.51,65.59,52.507,73.558,52.51,76.62
52.5,65.58,52.497,73.549,52.50,76.61
52.49,65.56,52.487,73.537,52.49,76.60
52.48,65.55,52.477,73.528,52.48,76.59
52.47,65.55,52.467,73.517,52.47,76.58
52.46,65.54,52.457,73.507,52.46,76.57
52.45,65.52,52.447,73.497,52.45,76.57
52.44,65.51,52.437,73.487,52.44,76.55
52.43,65.50,52.428,73.478,52.43,76.55
52.42,65.48,52.418,73.469,52.42,76.54
52.41,65.47,52.408,73.459,52.41,76.53
52.4,65.46,52.398,73.448,52.40,76.52
52.39,65.45,52.388,73.437,52.39,76.51
52.38,65.43,52.378,73.428,52.38,76.50
52.37,65.42,52.368,73.417,52.37,76.49
52.36,65.41,52.358,73.407,52.36,76.49
52.35,65.39,52.348,73.396,52.35,76.48
52.34,65.38,52.338,73.384,52.34,76.47
52.33,65.37,52.328,73.375,52.33,76.45
52.32,65.36,52.319,73.363,52.32,76.45
52.31,65.34,52.309,73.353,52.31,76.44
52.3,65.34,52.299,73.345,52.30,76.43
52.29,65.33,52.289,73.335,52.29,76.42
52.28,65.32,52.279,73.323,52.28,76.41
52.27,65.31,52.269,73.315,52.27,76.40
52.26,65.29,52.259,73.307,52.26,76.39
52.25,65.28,52.249,73.294,52.25,76.38
52.24,65.27,52.239,73.284,52.24,76.38
52.23,65.26,52.229,73.275,52.23,76.37
52.22,65.25,52.219,73.264,52.22,76.36
52.21,65.23,52.209,73.251,52.21,76.35
52.2,65.22,52.200,73.242,52.20,76.34
52.19,65.21,52.190,73.232,52.19,76.33
52.18,65.20,52.180,73.221,52.18,76.32
52.17,65.19,52.170,73.211,52.17,76.31
52.16,65.18,52.160,73.203,52.16,76.30
52.15,65.16,52.150,73.193,52.15,76.29
52.14,65.15,52.140,73.183,52.14,76.28
52.13,65.14,52.130,73.172,52.13,76.27
52.12,65.12,52.120,73.161,52.12,76.26
52.11,65.11,52.110,73.152,52.11,76.25
52.1,65.10,52.100,73.142,52.10,76.24
52.09,65.08,52.091,73.134,52.09,76.23
52.08,65.08,52.081,73.125,52.08,76.22
52.07,65.06,52.071,73.116,52.07,76.22
52.06,65.05,52.061,73.107,52.06,76.21
52.05,65.04,52.051,73.096,52.05,76.20
52.04,65.02,52.041,73.085,52.04,76.19
52.03,65.01,52.031,73.075,52.03,76.18
52.02,65.00,52.021,73.064,52.02,76.17
52.01,64.98,52.011,73.056,52.01,76.16
52,64.97,52.001,73.044,52.00,76.15
51.99,64.96,51.991,73.036,51.99,76.15
51.98,64.95,51.981,73.025,51.98,76.14
51.97,64.94,51.972,73.016,51.97,76.13
51.96,64.92,51.962,73.007,51.96,76.12
51.95,64.91,51.952,72.997,51.95,76.11
51.94,64.90,51.942,72.988,51.94,76.10
51.93,64.89,51.932,72.977,51.93,76.09
51.92,64.88,51.922,72.970,51.92,76.08
51.91,64.87,51.912,72.960,51.91,76.07
51.9,64.85,51.902,72.950,51.90,76.07
51.89,64.84,51.892,72.941,51.89,76.06
51.88,64.83,51.882,72.931,51.88,76.05
51.87,64.82,51.872,72.921,51.87,76.04
51.86,64.80,51.863,72.910,51.86,76.03
51.85,64.79,51.853,72.902,51.85,76.02
51.84,64.79,51.843,72.891,51.84,76.01
51.83,64.78,51.833,72.881,51.83,76.00
51.82,64.76,51.823,72.871,51.82,75.99
51.81,64.75,51.813,72.861,51.81,75.98
51.8,64.74,51.803,72.849,51.80,75.97
51.79,64.73,51.793,72.838,51.79,75.96
51.78,64.73,51.783,72.829,51.78,75.95
51.77,64.71,51.773,72.820,51.77,75.95
51.76,64.70,51.763,72.810,51.76,75.93
51.75,64.69,51.753,72.798,51.75,75.93
51.74,64.69,51.744,72.789,51.74,75.92
51.73,64.67,51.734,72.780,51.73,75.91
51.72,64.66,51.724,72.772,51.72,75.90
51.71,64.65,51.714,72.761,51.71,75.89
51.7,64.64,51.704,72.748,51.70,75.88
51.69,64.63,51.694,72.737,51.69,75.88
51.68,64.62,51.684,72.726,51.68,75.87
51.67,64.61,51.674,72.715,51.67,75.85
51.66,64.60,51.664,72.705,51.66,75.85
51.65,64.58,51.654,72.695,51.65,75.84
51.64,64.57,51.644,72.686,51.64,75.83
51.64,64.56,51.635,72.675,51.64,75.82
51.63,64.55,51.625,72.667,51.63,75.81
51.62,64.53,51.615,72.657,51.62,75.80
51.61,64.52,51.605,72.647,51.61,75.79
51.6,64.51,51.595,72.637,51.60,75.78
51.59,64.49,51.585,72.628,51.59,75.77
51.58,64.48,51.575,72.619,51.58,75.76
51.57,64.47,51.565,72.608,51.57,75.75
51.56,64.46,51.555,72.598,51.56,75.74
51.55,64.45,51.545,72.586,51.55,75.73
51.54,64.44,51.535,72.576,51.54,75.73
51.53,64.43,51.525,72.567,51.53,75.72
51.52,64.42,51.516,72.555,51.52,75.71
51.51,64.41,51.506,72.545,51.51,75.70
51.5,64.40,51.496,72.533,51.50,75.69
51.49,64.39,51.486,72.524,51.49,75.68
51.48,64.38,51.476,72.515,51.48,75.67
51.47,64.37,51.466,72.506,51.47,75.66
51.46,64.35,51.456,72.497,51.46,75.65
51.45,64.34,51.446,72.487,51.45,75.65
51.44,64.33,51.436,72.478,51.44,75.63
51.43,64.32,51.426,72.466,51.43,75.62
51.42,64.31,51.416,72.454,51.42,75.62
51.41,64.29,51.407,72.445,51.41,75.61
51.4,64.28,51.397,72.433,51.40,75.60
51.39,64.27,51.387,72.419,51.39,75.59
51.38,64.26,51.377,72.410,51.38,75.58
51.37,64.25,51.367,72.403,51.37,75.57
51.36,64.24,51.357,72.393,51.36,75.56
51.35,64.23,51.347,72.382,51.35,75.55
51.34,64.22,51.337,72.371,51.34,75.54
51.33,64.21,51.327,72.358,51.33,75.53
51.32,64.20,51.317,72.348,51.32,75.53
51.31,64.19,51.307,72.339,51.31,75.52
51.3,64.18,51.298,72.326,51.30,75.51
51.29,64.16,51.288,72.314,51.29,75.50
51.28,64.16,51.278,72.304,51.28,75.49
51.27,64.14,51.268,72.289,51.27,75.48
51.26,64.13,51.258,72.280,51.26,75.47
51.25,64.12,51.248,72.273,51.25,75.46
51.24,64.11,51.238,72.262,51.24,75.45
51.23,64.10,51.228,72.251,51.23,75.44
51.22,64.09,51.218,72.244,51.22,75.43
51.21,64.07,51.208,72.232,51.21,75.43
51.2,64.06,51.198,72.222,51.20,75.42
51.19,64.05,51.188,72.213,51.19,75.41
51.18,64.03,51.179,72.206,51.18,75.40
51.17,64.02,51.169,72.195,51.17,75.39
51.16,64.01,51.159,72.183,51.16,75.38
51.15,64.00,51.149,72.172,51.15,75.37
51.14,63.99,51.139,72.159,51.14,75.36
51.13,63.98,51.129,72.148,51.13,75.35
51.12,63.96,51.119,72.138,51.12,75.34
51.11,63.96,51.109,72.126,51.11,75.34
51.1,63.94,51.099,72.114,51.10,75.33
51.09,63.93,51.089,72.104,51.09,75.31
51.08,63.92,51.079,72.097,51.08,75.30
51.07,63.92,51.070,72.085,51.07,75.30
51.06,63.90,51.060,72.076,51.06,75.29
51.05,63.89,51.050,72.066,51.05,75.28
51.04,63.88,51.040,72.053,51.04,75.27
51.03,63.87,51.030,72.043,51.03,75.26
51.02,63.86,51.020,72.034,51.02,75.25
51.01,63.85,51.010,72.023,51.01,75.24
51,63.84,51.000,72.015,51.00,75.23
50.99,63.83,50.990,72.003,50.99,75.22
50.98,63.82,50.980,71.993,50.98,75.21
50.97,63.81,50.970,71.984,50.97,75.20
50.96,63.79,50.960,71.973,50.96,75.19
50.95,63.79,50.951,71.960,50.95,75.18
50.94,63.77,50.941,71.952,50.94,75.17
50.93,63.76,50.931,71.942,50.93,75.17
50.92,63.76,50.921,71.932,50.92,75.16
50.91,63.74,50.911,71.923,50.91,75.15
50.9,63.73,50.901,71.913,50.90,75.14
50.89,63.71,50.891,71.901,50.89,75.13
50.88,63.70,50.881,71.890,50.88,75.12
50.87,63.69,50.871,71.880,50.87,75.11
50.86,63.68,50.861,71.868,50.86,75.10
50.85,63.67,50.851,71.860,50.85,75.09
50.84,63.66,50.842,71.847,50.84,75.08
50.83,63.64,50.832,71.836,50.83,75.07
50.82,63.63,50.822,71.827,50.82,75.06
50.81,63.62,50.812,71.814,50.81,75.05
50.8,63.61,50.802,71.804,50.80,75.04
50.79,63.60,50.792,71.793,50.79,75.04
50.78,63.59,50.782,71.782,50.78,75.03
50.77,63.58,50.772,71.775,50.77,75.02
50.76,63.57,50.762,71.763,50.76,75.01
50.75,63.55,50.752,71.754,50.75,75.00
50.74,63.54,50.742,71.745,50.74,74.99
50.73,63.53,50.732,71.736,50.73,74.98
50.72,63.52,50.723,71.725,50.72,74.97
50.71,63.51,50.713,71.717,50.71,74.96
50.7,63.50,50.703,71.705,50.70,74.96
50.69,63.49,50.693,71.694,50.69,74.95
50.68,63.47,50.683,71.684,50.68,74.94
50.67,63.46,50.673,71.671,50.67,74.93
50.66,63.45,50.663,71.662,50.66,74.92
50.65,63.44,50.653,71.654,50.65,74.91
50.64,63.43,50.643,71.645,50.64,74.90
50.63,63.42,50.633,71.634,50.63,74.89
50.62,63.41,50.623,71.622,50.62,74.88
50.61,63.40,50.614,71.613,50.61,74.87
50.6,63.39,50.604,71.604,50.60,74.86
50.59,63.37,50.594,71.591,50.59,74.85
50.58,63.36,50.584,71.581,50.58,74.84
50.57,63.35,50.574,71.569,50.57,74.83
50.56,63.34,50.564,71.560,50.56,74.82
50.55,63.33,50.554,71.552,50.55,74.81
50.54,63.32,50.544,71.542,50.54,74.80
50.53,63.31,50.534,71.533,50.53,74.79
50.52,63.30,50.524,71.521,50.52,74.78
50.51,63.28,50.514,71.512,50.51,74.77
50.5,63.27,50.504,71.502,50.50,74.76
50.5,63.26,50.495,71.491,50.50,74.75
50.49,63.25,50.485,71.480,50.49,74.74
50.48,63.24,50.475,71.468,50.48,74.73
50.47,63.22,50.465,71.460,50.47,74.72
50.46,63.21,50.455,71.452,50.46,74.71
50.45,63.21,50.445,71.445,50.45,74.70
50.44,63.20,50.435,71.432,50.44,74.69
50.43,63.18,50.425,71.419,50.43,74.68
50.42,63.17,50.415,71.411,50.42,74.67
50.41,63.16,50.405,71.400,50.41,74.66
50.4,63.15,50.395,71.388,50.40,74.65
50.39,63.14,50.386,71.377,50.39,74.64
50.38,63.13,50.376,71.368,50.38,74.63
50.37,63.11,50.366,71.358,50.37,74.62
50.36,63.10,50.356,71.350,50.36,74.61
50.35,63.09,50.346,71.337,50.35,74.60
50.34,63.08,50.336,71.326,50.34,74.59
50.33,63.07,50.326,71.315,50.33,74.58
50.32,63.06,50.316,71.307,50.32,74.58
50.31,63.05,50.306,71.296,50.31,74.57
50.3,63.04,50.296,71.286,50.30,74.56
50.29,63.03,50.286,71.274,50.29,74.55
50.28,63.02,50.276,71.264,50.28,74.54
50.27,63.01,50.267,71.252,50.27,74.53
50.26,63.00,50.257,71.242,50.26,74.52
50.25,62.99,50.247,71.235,50.25,74.51
50.24,62.97,50.237,71.221,50.24,74.50
50.23,62.96,50.227,71.214,50.23,74.49
50.22,62.95,50.217,71.200,50.22,74.48
50.21,62.94,50.207,71.190,50.21,74.47
50.2,62.92,50.197,71.179,50.20,74.46
50.19,62.91,50.187,71.169,50.19,74.45
50.18,62.90,50.177,71.159,50.18,74.44
50.17,62.88,50.167,71.153,50.17,74.43
50.16,62.87,50.158,71.140,50.16,74.42
50.15,62.86,50.148,71.128,50.15,74.41
50.14,62.85,50.138,71.119,50.14,74.40
50.13,62.83,50.128,71.110,50.13,74.39
50.12,62.82,50.118,71.101,50.12,74.38
50.11,62.81,50.108,71.088,50.11,74.37
50.1,62.80,50.098,71.078,50.10,74.36
50.09,62.79,50.088,71.066,50.09,74.35
50.08,62.78,50.078,71.055,50.08,74.34
50.07,62.77,50.068,71.045,50.07,74.33
50.06,62.76,50.058,71.033,50.06,74.32
50.05,62.74,50.048,71.023,50.05,74.31
50.04,62.73,50.039,71.013,50.04,74.30
50.03,62.72,50.029,71.003,50.03,74.29
50.02,62.71,50.019,70.991,50.02,74.28
50.01,62.70,50.009,70.978,50.01,74.27
50,62.69,49.999,70.966,50.00,74.26
49.99,62.68,49.989,70.958,49.99,74.26
49.98,62.67,49.979,70.946,49.98,74.25
49.97,62.66,49.969,70.938,49.97,74.24
49.96,62.65,49.959,70.924,49.96,74.23
49.95,62.64,49.949,70.917,49.95,74.22
49.94,62.62,49.939,70.905,49.94,74.21
49.93,62.60,49.930,70.897,49.93,74.20
49.92,62.59,49.920,70.887,49.92,74.19
49.91,62.58,49.910,70.877,49.91,74.18
49.9,62.57,49.900,70.866,49.90,74.17
49.89,62.56,49.890,70.853,49.89,74.16
49.88,62.54,49.880,70.844,49.88,74.15
49.87,62.54,49.870,70.834,49.87,74.14
49.86,62.53,49.860,70.823,49.86,74.13
49.85,62.52,49.850,70.808,49.85,74.12
49.84,62.50,49.840,70.799,49.84,74.11
49.83,62.49,49.830,70.788,49.83,74.11
49.82,62.48,49.820,70.779,49.82,74.10
49.81,62.47,49.811,70.765,49.81,74.09
49.8,62.45,49.801,70.754,49.80,74.08
49.79,62.45,49.791,70.743,49.79,74.07
49.78,62.44,49.781,70.735,49.78,74.06
49.77,62.43,49.771,70.723,49.77,74.05
49.76,62.41,49.761,70.711,49.76,74.04
49.75,62.40,49.751,70.703,49.75,74.03
49.74,62.39,49.741,70.692,49.74,74.02
49.73,62.38,49.731,70.684,49.73,74.01
49.72,62.37,49.721,70.670,49.72,74.00
49.71,62.36,49.711,70.660,49.71,73.99
49.7,62.35,49.702,70.650,49.70,73.98
49.69,62.33,49.692,70.639,49.69,73.97
49.68,62.32,49.682,70.629,49.68,73.96
49.67,62.32,49.672,70.618,49.67,73.95
49.66,62.30,49.662,70.605,49.66,73.95
49.65,62.29,49.652,70.597,49.65,73.93
49.64,62.28,49.642,70.586,49.64,73.92
49.63,62.27,49.632,70.576,49.63,73.91
49.62,62.26,49.622,70.564,49.62,73.90
49.61,62.25,49.612,70.555,49.61,73.89
49.6,62.24,49.602,70.545,49.60,73.88
49.59,62.23,49.592,70.537,49.59,73.87
49.58,62.22,49.583,70.525,49.58,73.86
49.57,62.21,49.573,70.516,49.57,73.85
49.56,62.20,49.563,70.504,49.56,73.84
49.55,62.18,49.553,70.493,49.55,73.84
49.54,62.17,49.543,70.483,49.54,73.83
49.53,62.17,49.533,70.471,49.53,73.82
49.52,62.15,49.523,70.460,49.52,73.81
49.51,62.14,49.513,70.450,49.51,73.80
49.5,62.13,49.503,70.440,49.50,73.79
49.49,62.11,49.493,70.429,49.49,73.78
49.48,62.11,49.483,70.420,49.48,73.77
49.47,62.10,49.474,70.410,49.47,73.77
49.46,62.09,49.464,70.399,49.46,73.76
49.45,62.08,49.454,70.386,49.45,73.74
49.44,62.06,49.444,70.375,49.44,73.74
49.43,62.05,49.434,70.364,49.43,73.73
49.42,62.03,49.424,70.352,49.42,73.72
49.41,62.03,49.414,70.339,49.41,73.71
49.4,62.01,49.404,70.331,49.40,73.70
49.39,62.00,49.394,70.323,49.39,73.69
49.38,61.99,49.384,70.312,49.38,73.68
49.37,61.98,49.374,70.303,49.37,73.67
49.36,61.97,49.364,70.291,49.36,73.66
49.36,61.95,49.355,70.280,49.36,73.65
49.35,61.95,49.345,70.270,49.35,73.64
49.34,61.94,49.335,70.260,49.34,73.63
49.33,61.93,49.325,70.249,49.33,73.62
49.32,61.92,49.315,70.238,49.32,73.61
49.31,61.91,49.305,70.227,49.31,73.60
49.3,61.90,49.295,70.216,49.30,73.59
49.29,61.89,49.285,70.204,49.29,73.58
49.28,61.88,49.275,70.194,49.28,73.57
49.27,61.86,49.265,70.184,49.27,73.56
49.26,61.86,49.255,70.171,49.26,73.55
49.25,61.85,49.246,70.162,49.25,73.54
49.24,61.83,49.236,70.152,49.24,73.53
49.23,61.82,49.226,70.138,49.23,73.52
49.22,61.81,49.216,70.128,49.22,73.51
49.21,61.79,49.206,70.119,49.21,73.50
49.2,61.79,49.196,70.109,49.20,73.49
49.19,61.78,49.186,70.099,49.19,73.48
49.18,61.76,49.176,70.090,49.18,73.47
49.17,61.75,49.166,70.077,49.17,73.46
49.16,61.74,49.156,70.063,49.16,73.45
49.15,61.73,49.146,70.052,49.15,73.44
49.14,61.72,49.136,70.039,49.14,73.43
49.13,61.71,49.127,70.025,49.13,73.42
49.12,61.70,49.117,70.013,49.12,73.41
49.11,61.69,49.107,70.006,49.11,73.40
49.1,61.68,49.097,69.994,49.10,73.39
49.09,61.67,49.087,69.983,49.09,73.39
49.08,61.65,49.077,69.970,49.08,73.38
49.07,61.64,49.067,69.958,49.07,73.37
49.06,61.63,49.057,69.947,49.06,73.36
49.05,61.62,49.047,69.935,49.05,73.35
49.04,61.61,49.037,69.927,49.04,73.34
49.03,61.60,49.027,69.918,49.03,73.33
49.02,61.59,49.018,69.907,49.02,73.32
49.01,61.58,49.008,69.896,49.01,73.31
49,61.57,48.998,69.885,49.00,73.30
48.99,61.56,48.988,69.874,48.99,73.29
48.98,61.55,48.978,69.863,48.98,73.28
48.97,61.54,48.968,69.851,48.97,73.27
48.96,61.53,48.958,69.840,48.96,73.26
48.95,61.51,48.948,69.827,48.95,73.25
48.94,61.50,48.938,69.817,48.94,73.24
48.93,61.50,48.928,69.807,48.93,73.24
48.92,61.49,48.918,69.794,48.92,73.23
48.91,61.47,48.908,69.782,48.91,73.22
48.9,61.46,48.899,69.770,48.90,73.21
48.89,61.45,48.889,69.756,48.89,73.20
48.88,61.44,48.879,69.745,48.88,73.19
48.87,61.44,48.869,69.733,48.87,73.18
48.86,61.42,48.859,69.723,48.86,73.17
48.85,61.41,48.849,69.709,48.85,73.16
48.84,61.40,48.839,69.698,48.84,73.15
48.83,61.39,48.829,69.689,48.83,73.14
48.82,61.38,48.819,69.678,48.82,73.13
48.81,61.37,48.809,69.668,48.81,73.12
48.8,61.36,48.799,69.655,48.80,73.11
48.79,61.35,48.790,69.645,48.79,73.10
48.78,61.34,48.780,69.635,48.78,73.09
48.77,61.33,48.770,69.625,48.77,73.08
48.76,61.32,48.760,69.614,48.76,73.07
48.75,61.31,48.750,69.605,48.75,73.06
48.74,61.30,48.740,69.590,48.74,73.05
48.73,61.28,48.730,69.580,48.73,73.04
48.72,61.27,48.720,69.570,48.72,73.04
48.71,61.26,48.710,69.559,48.71,73.02
48.7,61.25,48.700,69.549,48.70,73.01
48.69,61.25,48.690,69.539,48.69,73.01
48.68,61.24,48.680,69.530,48.68,73.00
48.67,61.23,48.671,69.518,48.67,72.99
48.66,61.22,48.661,69.507,48.66,72.98
48.65,61.21,48.651,69.498,48.65,72.97
48.64,61.20,48.641,69.489,48.64,72.96
48.63,61.20,48.631,69.478,48.63,72.95
48.62,61.19,48.621,69.467,48.62,72.94
48.61,61.17,48.611,69.457,48.61,72.93
48.6,61.16,48.601,69.443,48.60,72.92
48.59,61.15,48.591,69.432,48.59,72.91
48.58,61.14,48.581,69.420,48.58,72.90
48.57,61.13,48.571,69.411,48.57,72.89
48.56,61.12,48.562,69.399,48.56,72.88
48.55,61.11,48.552,69.389,48.55,72.87
48.54,61.10,48.542,69.380,48.54,72.86
48.53,61.09,48.532,69.370,48.53,72.85
48.52,61.08,48.522,69.357,48.52,72.84
48.51,61.07,48.512,69.346,48.51,72.83
48.5,61.06,48.502,69.338,48.50,72.82
48.49,61.04,48.492,69.326,48.49,72.81
48.48,61.03,48.482,69.317,48.48,72.80
48.47,61.02,48.472,69.305,48.47,72.79
48.46,61.01,48.462,69.294,48.46,72.78
48.45,61.00,48.452,69.282,48.45,72.77
48.44,60.99,48.443,69.273,48.44,72.76
48.43,60.98,48.433,69.263,48.43,72.75
48.42,60.97,48.423,69.250,48.42,72.74
48.41,60.96,48.413,69.240,48.41,72.73
48.4,60.95,48.403,69.229,48.40,72.72
48.39,60.94,48.393,69.219,48.39,72.71
48.38,60.93,48.383,69.209,48.38,72.70
48.37,60.91,48.373,69.199,48.37,72.69
48.36,60.90,48.363,69.186,48.36,72.68
48.35,60.89,48.353,69.176,48.35,72.67
48.34,60.89,48.343,69.166,48.34,72.66
48.33,60.87,48.334,69.155,48.33,72.65
48.32,60.86,48.324,69.146,48.32,72.64
48.31,60.85,48.314,69.136,48.31,72.63
48.3,60.84,48.304,69.124,48.30,72.62
48.29,60.83,48.294,69.113,48.29,72.61
48.28,60.82,48.284,69.102,48.28,72.60
48.27,60.81,48.274,69.092,48.27,72.60
48.26,60.80,48.264,69.079,48.26,72.59
48.25,60.79,48.254,69.069,48.25,72.58
48.24,60.78,48.244,69.058,48.24,72.57
48.23,60.77,48.234,69.048,48.23,72.56
48.22,60.76,48.224,69.037,48.22,72.55
48.22,60.75,48.215,69.024,48.22,72.54
48.21,60.73,48.205,69.017,48.21,72.53
48.2,60.72,48.195,69.007,48.20,72.52
48.19,60.71,48.185,68.999,48.19,72.51
48.18,60.70,48.175,68.987,48.18,72.50
48.17,60.69,48.165,68.979,48.17,72.49
48.16,60.68,48.155,68.970,48.16,72.48
48.15,60.67,48.145,68.958,48.15,72.47
48.14,60.65,48.135,68.945,48.14,72.46
48.13,60.64,48.125,68.933,48.13,72.45
48.12,60.64,48.115,68.922,48.12,72.44
48.11,60.62,48.106,68.910,48.11,72.43
48.1,60.61,48.096,68.897,48.10,72.42
48.09,60.60,48.086,68.886,48.09,72.41
48.08,60.58,48.076,68.879,48.08,72.40
48.07,60.57,48.066,68.868,48.07,72.39
48.06,60.56,48.056,68.855,48.06,72.39
48.05,60.56,48.046,68.845,48.05,72.38
48.04,60.54,48.036,68.832,48.04,72.36
48.03,60.53,48.026,68.824,48.03,72.36
48.02,60.52,48.016,68.811,48.02,72.35
48.01,60.51,48.006,68.800,48.01,72.34
48,60.51,47.996,68.788,48.00,72.33
47.99,60.50,47.987,68.777,47.99,72.32
47.98,60.48,47.977,68.765,47.98,72.31
47.97,60.47,47.967,68.756,47.97,72.30
47.96,60.46,47.957,68.746,47.96,72.29
47.95,60.46,47.947,68.735,47.95,72.28
47.94,60.45,47.937,68.725,47.94,72.27
47.93,60.44,47.927,68.714,47.93,72.26
47.92,60.43,47.917,68.703,47.92,72.25
47.91,60.42,47.907,68.691,47.91,72.24
47.9,60.41,47.897,68.682,47.90,72.23
47.89,60.40,47.887,68.669,47.89,72.22
47.88,60.39,47.878,68.656,47.88,72.21
47.87,60.38,47.868,68.647,47.87,72.20
47.86,60.37,47.858,68.638,47.86,72.19
47.85,60.36,47.848,68.624,47.85,72.18
47.84,60.35,47.838,68.614,47.84,72.17
47.83,60.34,47.828,68.605,47.83,72.16
47.82,60.33,47.818,68.591,47.82,72.15
47.81,60.32,47.808,68.584,47.81,72.14
47.8,60.31,47.798,68.573,47.80,72.13
47.79,60.30,47.788,68.563,47.79,72.12
47.78,60.29,47.778,68.547,47.78,72.11
47.77,60.28,47.768,68.537,47.77,72.10
47.76,60.27,47.759,68.525,47.76,72.09
47.75,60.26,47.749,68.515,47.75,72.08
47.74,60.26,47.739,68.503,47.74,72.07
47.73,60.24,47.729,68.494,47.73,72.06
47.72,60.24,47.719,68.478,47.72,72.06
47.71,60.22,47.709,68.469,47.71,72.05
47.7,60.21,47.699,68.461,47.70,72.03
47.69,60.20,47.689,68.451,47.69,72.02
47.68,60.19,47.679,68.440,47.68,72.01
47.67,60.17,47.669,68.429,47.67,72.00
47.66,60.16,47.659,68.419,47.66,71.99
47.65,60.15,47.650,68.408,47.65,71.98
47.64,60.14,47.640,68.397,47.64,71.97
47.63,60.13,47.630,68.387,47.63,71.96
47.62,60.13,47.620,68.378,47.62,71.95
47.61,60.11,47.610,68.367,47.61,71.94
47.6,60.10,47.600,68.358,47.60,71.93
47.59,60.09,47.590,68.346,47.59,71.92
47.58,60.08,47.580,68.333,47.58,71.91
47.57,60.07,47.570,68.322,47.57,71.90
47.56,60.06,47.560,68.311,47.56,71.89
47.55,60.04,47.550,68.299,47.55,71.88
47.54,60.04,47.540,68.291,47.54,71.87
47.53,60.02,47.531,68.280,47.53,71.86
47.52,60.02,47.521,68.268,47.52,71.85
47.51,60.01,47.511,68.257,47.51,71.84
47.5,60.00,47.501,68.244,47.50,71.83
47.49,59.99,47.491,68.234,47.49,71.82
47.48,59.98,47.481,68.223,47.48,71.81
47.47,59.96,47.471,68.212,47.47,71.80
47.46,59.95,47.461,68.202,47.46,71.79
47.45,59.94,47.451,68.190,47.45,71.78
47.44,59.93,47.441,68.179,47.44,71.77
47.43,59.91,47.431,68.169,47.43,71.76
47.42,59.90,47.422,68.160,47.42,71.75
47.41,59.89,47.412,68.147,47.41,71.74
47.4,59.88,47.402,68.136,47.40,71.73
47.39,59.87,47.392,68.123,47.39,71.72
47.38,59.86,47.382,68.113,47.38,71.71
47.37,59.85,47.372,68.102,47.37,71.70
47.36,59.84,47.362,68.092,47.36,71.69
47.35,59.83,47.352,68.082,47.35,71.68
47.34,59.81,47.342,68.073,47.34,71.67
47.33,59.80,47.332,68.063,47.33,71.66
47.32,59.79,47.322,68.052,47.32,71.65
47.31,59.78,47.312,68.038,47.31,71.64
47.3,59.77,47.303,68.028,47.30,71.63
47.29,59.76,47.293,68.018,47.29,71.62
47.28,59.74,47.283,68.005,47.28,71.61
47.27,59.73,47.273,67.994,47.27,71.60
47.26,59.72,47.263,67.983,47.26,71.58
47.25,59.71,47.253,67.975,47.25,71.57
47.24,59.70,47.243,67.963,47.24,71.56
47.23,59.69,47.233,67.955,47.23,71.55
47.22,59.67,47.223,67.945,47.22,71.54
47.21,59.66,47.213,67.933,47.21,71.53
47.2,59.66,47.203,67.921,47.20,71.52
47.19,59.64,47.194,67.910,47.19,71.51
47.18,59.63,47.184,67.901,47.18,71.50
47.17,59.62,47.174,67.888,47.17,71.49
47.16,59.61,47.164,67.877,47.16,71.48
47.15,59.60,47.154,67.864,47.15,71.47
47.14,59.59,47.144,67.852,47.14,71.47
47.13,59.58,47.134,67.842,47.13,71.46
47.12,59.57,47.124,67.831,47.12,71.45
47.11,59.56,47.114,67.821,47.11,71.44
47.1,59.55,47.104,67.810,47.10,71.43
47.09,59.55,47.094,67.799,47.09,71.42
47.08,59.54,47.084,67.785,47.08,71.41
47.08,59.53,47.075,67.774,47.08,71.40
47.07,59.52,47.065,67.761,47.07,71.39
47.06,59.51,47.055,67.750,47.06,71.38
47.05,59.49,47.045,67.740,47.05,71.37
47.04,59.48,47.035,67.730,47.04,71.36
47.03,59.47,47.025,67.718,47.03,71.35
47.02,59.46,47.015,67.707,47.02,71.33
47.01,59.45,47.005,67.697,47.01,71.32
47,59.44,46.995,67.686,47.00,71.31
46.99,59.42,46.985,67.678,46.99,71.30
46.98,59.41,46.975,67.668,46.98,71.29
46.97,59.40,46.966,67.653,46.97,71.28
46.96,59.39,46.956,67.644,46.96,71.27
46.95,59.37,46.946,67.633,46.95,71.26
46.94,59.37,46.936,67.620,46.94,71.25
46.93,59.36,46.926,67.610,46.93,71.24
46.92,59.35,46.916,67.595,46.92,71.23
46.91,59.33,46.906,67.585,46.91,71.22
46.9,59.33,46.896,67.573,46.90,71.21
46.89,59.32,46.886,67.562,46.89,71.20
46.88,59.31,46.876,67.551,46.88,71.19
46.87,59.30,46.866,67.540,46.87,71.18
46.86,59.28,46.856,67.528,46.86,71.17
46.85,59.27,46.847,67.518,46.85,71.16
46.84,59.26,46.837,67.507,46.84,71.15
46.83,59.25,46.827,67.494,46.83,71.14
46.82,59.24,46.817,67.483,46.82,71.13
46.81,59.22,46.807,67.471,46.81,71.12
46.8,59.21,46.797,67.462,46.80,71.10
46.79,59.20,46.787,67.451,46.79,71.10
46.78,59.19,46.777,67.441,46.78,71.09
46.77,59.18,46.767,67.430,46.77,71.08
46.76,59.18,46.757,67.418,46.76,71.07
46.75,59.16,46.747,67.406,46.75,71.05
46.74,59.16,46.738,67.394,46.74,71.04
46.73,59.15,46.728,67.385,46.73,71.04
46.72,59.14,46.718,67.373,46.72,71.03
46.71,59.13,46.708,67.363,46.71,71.02
46.7,59.12,46.698,67.354,46.70,71.01
46.69,59.11,46.688,67.343,46.69,71.00
46.68,59.10,46.678,67.333,46.68,70.99
46.67,59.09,46.668,67.322,46.67,70.98
46.66,59.08,46.658,67.312,46.66,70.97
46.65,59.06,46.648,67.300,46.65,70.96
46.64,59.05,46.638,67.287,46.64,70.95
46.63,59.04,46.628,67.275,46.63,70.94
46.62,59.03,46.619,67.263,46.62,70.93
46.61,59.02,46.609,67.254,46.61,70.92
46.6,59.01,46.599,67.243,46.60,70.91
46.59,59.00,46.589,67.233,46.59,70.90
46.58,58.99,46.579,67.219,46.58,70.89
46.57,58.98,46.569,67.209,46.57,70.88
46.56,58.97,46.559,67.199,46.56,70.87
46.55,58.96,46.549,67.188,46.55,70.86
46.54,58.95,46.539,67.177,46.54,70.85
46.53,58.93,46.529,67.167,46.53,70.84
46.52,58.93,46.519,67.157,46.52,70.83
46.51,58.92,46.510,67.147,46.51,70.82
46.5,58.91,46.500,67.133,46.50,70.81
46.49,58.90,46.490,67.121,46.49,70.80
46.48,58.89,46.480,67.114,46.48,70.79
46.47,58.88,46.470,67.100,46.47,70.78
46.46,58.87,46.460,67.090,46.46,70.77
46.45,58.86,46.450,67.078,46.45,70.76
46.44,58.85,46.440,67.069,46.44,70.75
46.43,58.84,46.430,67.055,46.43,70.74
46.42,58.83,46.420,67.047,46.42,70.73
46.41,58.81,46.410,67.034,46.41,70.72
46.4,58.80,46.400,67.021,46.40,70.72
46.39,58.79,46.391,67.008,46.39,70.71
46.38,58.78,46.381,66.999,46.38,70.70
46.37,58.77,46.371,66.989,46.37,70.69
46.36,58.76,46.361,66.979,46.36,70.68
46.35,58.75,46.351,66.967,46.35,70.67
46.34,58.74,46.341,66.952,46.34,70.66
46.33,58.73,46.331,66.943,46.33,70.65
46.32,58.72,46.321,66.929,46.32,70.64
46.31,58.71,46.311,66.918,46.31,70.63
46.3,58.70,46.301,66.906,46.30,70.62
46.29,58.69,46.291,66.897,46.29,70.61
46.28,58.68,46.282,66.886,46.28,70.60
46.27,58.67,46.272,66.875,46.27,70.59
46.26,58.66,46.262,66.860,46.26,70.58
46.25,58.65,46.252,66.846,46.25,70.57
46.24,58.64,46.242,66.838,46.24,70.56
46.23,58.64,46.232,66.826,46.23,70.55
46.22,58.63,46.222,66.817,46.22,70.54
46.21,58.62,46.212,66.803,46.21,70.53
46.2,58.61,46.202,66.793,46.20,70.52
46.19,58.60,46.192,66.782,46.19,70.51
46.18,58.59,46.182,66.770,46.18,70.50
46.17,58.58,46.172,66.754,46.17,70.49
46.16,58.57,46.163,66.743,46.16,70.48
46.15,58.56,46.153,66.733,46.15,70.47
46.14,58.55,46.143,66.723,46.14,70.45
46.13,58.53,46.133,66.711,46.13,70.44
46.12,58.53,46.123,66.701,46.12,70.44
46.11,58.51,46.113,66.689,46.11,70.43
46.1,58.51,46.103,66.678,46.10,70.42
46.09,58.50,46.093,66.667,46.09,70.41
46.08,58.48,46.083,66.657,46.08,70.40
46.07,58.47,46.073,66.644,46.07,70.39
46.06,58.46,46.063,66.633,46.06,70.37
46.05,58.45,46.054,66.622,46.05,70.37
46.04,58.44,46.044,66.611,46.04,70.36
46.03,58.43,46.034,66.600,46.03,70.35
46.02,58.42,46.024,66.588,46.02,70.34
46.01,58.41,46.014,66.578,46.01,70.33
46,58.40,46.004,66.566,46.00,70.32
45.99,58.39,45.994,66.557,45.99,70.31
45.98,58.37,45.984,66.545,45.98,70.30
45.97,58.36,45.974,66.532,45.97,70.29
45.96,58.35,45.964,66.520,45.96,70.28
45.95,58.34,45.954,66.511,45.95,70.27
45.94,58.33,45.944,66.497,45.94,70.26
45.94,58.32,45.935,66.487,45.94,70.25
45.93,58.31,45.925,66.476,45.93,70.23
45.92,58.29,45.915,66.464,45.92,70.23
45.91,58.28,45.905,66.455,45.91,70.22
45.9,58.27,45.895,66.445,45.90,70.21
45.89,58.26,45.885,66.432,45.89,70.20
45.88,58.24,45.875,66.422,45.88,70.19
45.87,58.23,45.865,66.408,45.87,70.18
45.86,58.22,45.855,66.398,45.86,70.16
45.85,58.21,45.845,66.386,45.85,70.15
45.84,58.20,45.835,66.374,45.84,70.14
45.83,58.19,45.826,66.360,45.83,70.13
45.82,58.18,45.816,66.347,45.82,70.12
45.81,58.17,45.806,66.334,45.81,70.11
45.8,58.16,45.796,66.327,45.80,70.10
45.79,58.15,45.786,66.311,45.79,70.09
45.78,58.14,45.776,66.297,45.78,70.08
45.77,58.13,45.766,66.288,45.77,70.07
45.76,58.12,45.756,66.274,45.76,70.06
45.75,58.11,45.746,66.263,45.75,70.05
45.74,58.10,45.736,66.253,45.74,70.04
45.73,58.09,45.726,66.240,45.73,70.03
45.72,58.09,45.716,66.228,45.72,70.02
45.71,58.08,45.707,66.216,45.71,70.01
45.7,58.06,45.697,66.204,45.70,70.00
45.69,58.06,45.687,66.193,45.69,69.99
45.68,58.05,45.677,66.184,45.68,69.98
45.67,58.04,45.667,66.171,45.67,69.97
45.66,58.03,45.657,66.157,45.66,69.96
45.65,58.02,45.647,66.147,45.65,69.95
45.64,58.01,45.637,66.138,45.64,69.94
45.63,58.00,45.627,66.126,45.63,69.93
45.62,57.99,45.617,66.114,45.62,69.92
45.61,57.98,45.607,66.101,45.61,69.91
45.6,57.97,45.598,66.089,45.60,69.90
45.59,57.96,45.588,66.080,45.59,69.89
45.58,57.95,45.578,66.067,45.58,69.88
45.57,57.94,45.568,66.053,45.57,69.87
45.56,57.93,45.558,66.042,45.56,69.86
45.55,57.92,45.548,66.032,45.55,69.85
45.54,57.91,45.538,66.020,45.54,69.84
45.53,57.89,45.528,66.010,45.53,69.83
45.52,57.88,45.518,65.998,45.52,69.81
45.51,57.87,45.508,65.986,45.51,69.80
45.5,57.86,45.498,65.975,45.50,69.79
45.49,57.86,45.488,65.965,45.49,69.78
45.48,57.84,45.479,65.957,45.48,69.77
45.47,57.83,45.469,65.947,45.47,69.76
45.46,57.82,45.459,65.934,45.46,69.75
45.45,57.80,45.449,65.923,45.45,69.73
45.44,57.79,45.439,65.911,45.44,69.72
45.43,57.78,45.429,65.899,45.43,69.71
45.42,57.77,45.419,65.887,45.42,69.70
45.41,57.76,45.409,65.871,45.41,69.69
45.4,57.74,45.399,65.858,45.40,69.68
45.39,57.74,45.389,65.847,45.39,69.67
45.38,57.72,45.379,65.837,45.38,69.66
45.37,57.71,45.370,65.828,45.37,69.65
45.36,57.70,45.360,65.813,45.36,69.64
45.35,57.69,45.350,65.802,45.35,69.63
45.34,57.68,45.340,65.793,45.34,69.62
45.33,57.67,45.330,65.783,45.33,69.61
45.32,57.66,45.320,65.774,45.32,69.60
45.31,57.65,45.310,65.765,45.31,69.59
45.3,57.64,45.300,65.748,45.30,69.58
45.29,57.63,45.290,65.740,45.29,69.57
45.28,57.62,45.280,65.731,45.28,69.56
45.27,57.61,45.270,65.717,45.27,69.55
45.26,57.60,45.260,65.707,45.26,69.54
45.25,57.59,45.251,65.698,45.25,69.53
45.24,57.58,45.241,65.686,45.24,69.52
45.23,57.57,45.231,65.676,45.23,69.51
45.22,57.56,45.221,65.663,45.22,69.50
45.21,57.55,45.211,65.652,45.21,69.49
45.2,57.54,45.201,65.640,45.20,69.48
45.19,57.53,45.191,65.631,45.19,69.47
45.18,57.52,45.181,65.618,45.18,69.46
45.17,57.51,45.171,65.605,45.17,69.45
45.16,57.50,45.161,65.593,45.16,69.44
45.15,57.49,45.151,65.580,45.15,69.44
45.14,57.48,45.142,65.569,45.14,69.43
45.13,57.47,45.132,65.555,45.13,69.42
45.12,57.46,45.122,65.541,45.12,69.41
45.11,57.45,45.112,65.529,45.11,69.40
45.1,57.44,45.102,65.519,45.10,69.39
45.09,57.42,45.092,65.508,45.09,69.38
45.08,57.41,45.082,65.493,45.08,69.37
45.07,57.40,45.072,65.482,45.07,69.36
45.06,57.39,45.062,65.475,45.06,69.35
45.05,57.38,45.052,65.462,45.05,69.34
45.04,57.37,45.042,65.451,45.04,69.33
45.03,57.36,45.032,65.440,45.03,69.32
45.02,57.35,45.023,65.429,45.02,69.31
45.01,57.34,45.013,65.418,45.01,69.30
45,57.32,45.003,65.406,45.00,69.29
44.99,57.31,44.993,65.394,44.99,69.28
44.98,57.30,44.983,65.385,44.98,69.27
44.97,57.29,44.973,65.370,44.97,69.26
44.96,57.28,44.963,65.359,44.96,69.25
44.95,57.27,44.953,65.351,44.95,69.24
44.94,57.26,44.943,65.337,44.94,69.23
44.93,57.25,44.933,65.325,44.93,69.22
44.92,57.25,44.923,65.313,44.92,69.21
44.91,57.24,44.914,65.302,44.91,69.20
44.9,57.23,44.904,65.289,44.90,69.19
44.89,57.22,44.894,65.280,44.89,69.18
44.88,57.21,44.884,65.272,44.88,69.17
44.87,57.20,44.874,65.257,44.87,69.16
44.86,57.19,44.864,65.244,44.86,69.15
44.85,57.18,44.854,65.236,44.85,69.14
44.84,57.16,44.844,65.225,44.84,69.13
44.83,57.16,44.834,65.218,44.83,69.12
44.82,57.15,44.824,65.205,44.82,69.11
44.81,57.14,44.814,65.193,44.81,69.10
44.8,57.13,44.804,65.182,44.80,69.09
44.8,57.12,44.795,65.172,44.80,69.08
44.79,57.11,44.785,65.158,44.79,69.07
44.78,57.09,44.775,65.148,44.78,69.06
44.77,57.09,44.765,65.136,44.77,69.05
44.76,57.08,44.755,65.124,44.76,69.04
44.75,57.06,44.745,65.112,44.75,69.03
44.74,57.06,44.735,65.102,44.74,69.02
44.73,57.05,44.725,65.092,44.73,69.01
44.72,57.03,44.715,65.085,44.72,69.00
44.71,57.02,44.705,65.073,44.71,68.99
44.7,57.01,44.695,65.062,44.70,68.98
44.69,57.00,44.686,65.052,44.69,68.97
44.68,56.98,44.676,65.041,44.68,68.96
44.67,56.97,44.666,65.031,44.67,68.95
44.66,56.96,44.656,65.020,44.66,68.94
44.65,56.95,44.646,65.007,44.65,68.93
44.64,56.94,44.636,64.997,44.64,68.92
44.63,56.93,44.626,64.984,44.63,68.90
44.62,56.92,44.616,64.972,44.62,68.89
44.61,56.91,44.606,64.962,44.61,68.89
44.6,56.90,44.596,64.952,44.60,68.87
44.59,56.89,44.586,64.939,44.59,68.86
44.58,56.88,44.576,64.928,44.58,68.85
44.57,56.87,44.567,64.916,44.57,68.85
44.56,56.86,44.557,64.901,44.56,68.84
44.55,56.85,44.547,64.892,44.55,68.83
44.54,56.84,44.537,64.885,44.54,68.81
44.53,56.83,44.527,64.874,44.53,68.80
44.52,56.82,44.517,64.863,44.52,68.80
44.51,56.81,44.507,64.853,44.51,68.78
44.5,56.79,44.497,64.843,44.50,68.77
44.49,56.79,44.487,64.830,44.49,68.76
44.48,56.78,44.477,64.820,44.48,68.75
44.47,56.77,44.467,64.811,44.47,68.74
44.46,56.76,44.458,64.800,44.46,68.73
44.45,56.75,44.448,64.790,44.45,68.72
44.44,56.74,44.438,64.779,44.44,68.71
44.43,56.73,44.428,64.768,44.43,68.70
44.42,56.72,44.418,64.759,44.42,68.68
44.41,56.71,44.408,64.751,44.41,68.67
44.4,56.69,44.398,64.740,44.40,68.66
44.39,56.68,44.388,64.729,44.39,68.65
44.38,56.67,44.378,64.719,44.38,68.64
44.37,56.66,44.368,64.707,44.37,68.63
44.36,56.65,44.358,64.692,44.36,68.62
44.35,56.64,44.348,64.680,44.35,68.61
44.34,56.62,44.339,64.665,44.34,68.60
44.33,56.61,44.329,64.656,44.33,68.59
44.32,56.60,44.319,64.643,44.32,68.58
44.31,56.59,44.309,64.635,44.31,68.57
44.3,56.58,44.299,64.624,44.30,68.56
44.29,56.57,44.289,64.609,44.29,68.55
44.28,56.56,44.279,64.600,44.28,68.54
44.27,56.55,44.269,64.590,44.27,68.53
44.26,56.54,44.259,64.574,44.26,68.52
44.25,56.53,44.249,64.565,44.25,68.51
44.24,56.52,44.239,64.553,44.24,68.49
44.23,56.51,44.230,64.545,44.23,68.48
44.22,56.50,44.220,64.535,44.22,68.47
44.21,56.49,44.210,64.520,44.21,68.46
44.2,56.48,44.200,64.508,44.20,68.46
44.19,56.48,44.190,64.497,44.19,68.44
44.18,56.47,44.180,64.486,44.18,68.44
44.17,56.45,44.170,64.474,44.17,68.42
44.16,56.44,44.160,64.464,44.16,68.41
44.15,56.43,44.150,64.452,44.15,68.40
44.14,56.42,44.140,64.443,44.14,68.39
44.13,56.41,44.130,64.433,44.13,68.38
44.12,56.40,44.120,64.424,44.12,68.37
44.11,56.39,44.111,64.413,44.11,68.36
44.1,56.38,44.101,64.399,44.10,68.35
44.09,56.37,44.091,64.386,44.09,68.34
44.08,56.36,44.081,64.375,44.08,68.33
44.07,56.35,44.071,64.363,44.07,68.32
44.06,56.34,44.061,64.353,44.06,68.31
44.05,56.33,44.051,64.342,44.05,68.30
44.04,56.32,44.041,64.332,44.04,68.29
44.03,56.31,44.031,64.320,44.03,68.28
44.02,56.30,44.021,64.309,44.02,68.27
44.01,56.29,44.011,64.299,44.01,68.26
44,56.28,44.002,64.286,44.00,68.25
43.99,56.27,43.992,64.275,43.99,68.24
43.98,56.26,43.982,64.267,43.98,68.23
43.97,56.25,43.972,64.256,43.97,68.23
43.96,56.24,43.962,64.247,43.96,68.21
43.95,56.23,43.952,64.236,43.95,68.21
43.94,56.22,43.942,64.222,43.94,68.20
43.93,56.21,43.932,64.209,43.93,68.19
43.92,56.20,43.922,64.196,43.92,68.18
43.91,56.19,43.912,64.186,43.91,68.17
43.9,56.18,43.902,64.175,43.90,68.16
43.89,56.17,43.892,64.161,43.89,68.15
43.88,56.16,43.883,64.150,43.88,68.14
43.87,56.15,43.873,64.138,43.87,68.13
43.86,56.14,43.863,64.123,43.86,68.12
43.85,56.12,43.853,64.112,43.85,68.11
43.84,56.11,43.843,64.102,43.84,68.10
43.83,56.10,43.833,64.087,43.83,68.09
43.82,56.09,43.823,64.073,43.82,68.07
43.81,56.08,43.813,64.061,43.81,68.06
43.8,56.07,43.803,64.051,43.80,68.06
43.79,56.06,43.793,64.040,43.79,68.04
43.78,56.05,43.783,64.031,43.78,68.03
43.77,56.04,43.774,64.019,43.77,68.02
43.76,56.03,43.764,64.008,43.76,68.01
43.75,56.02,43.754,63.999,43.75,68.00
43.74,56.01,43.744,63.987,43.74,67.99
43.73,56.00,43.734,63.976,43.73,67.98
43.72,55.99,43.724,63.963,43.72,67.97
43.71,55.98,43.714,63.955,43.71,67.96
43.7,55.97,43.704,63.942,43.70,67.95
43.69,55.96,43.694,63.933,43.69,67.94
43.68,55.95,43.684,63.922,43.68,67.93
43.67,55.94,43.674,63.911,43.67,67.91
43.67,55.92,43.665,63.905,43.67,67.90
43.66,55.92,43.655,63.892,43.66,67.89
43.65,55.91,43.645,63.878,43.65,67.88
43.64,55.90,43.635,63.866,43.64,67.87
43.63,55.89,43.625,63.852,43.63,67.86
43.62,55.88,43.615,63.841,43.62,67.85
43.61,55.86,43.605,63.828,43.61,67.84
43.6,55.85,43.595,63.818,43.60,67.83
43.59,55.84,43.585,63.806,43.59,67.82
43.58,55.83,43.575,63.793,43.58,67.80
43.57,55.82,43.565,63.782,43.57,67.79
43.56,55.81,43.555,63.770,43.56,67.78
43.55,55.81,43.546,63.760,43.55,67.77
43.54,55.80,43.536,63.751,43.54,67.76
43.53,55.79,43.526,63.737,43.53,67.75
43.52,55.78,43.516,63.726,43.52,67.74
43.51,55.77,43.506,63.713,43.51,67.73
43.5,55.75,43.496,63.702,43.50,67.72
43.49,55.74,43.486,63.689,43.49,67.71
43.48,55.74,43.476,63.678,43.48,67.70
43.47,55.73,43.466,63.666,43.47,67.69
43.46,55.71,43.456,63.656,43.46,67.67
43.45,55.70,43.446,63.645,43.45,67.66
43.44,55.69,43.437,63.634,43.44,67.65
43.43,55.68,43.427,63.620,43.43,67.64
43.42,55.67,43.417,63.611,43.42,67.64
43.41,55.66,43.407,63.599,43.41,67.62
43.4,55.65,43.397,63.588,43.40,67.61
43.39,55.65,43.387,63.577,43.39,67.60
43.38,55.64,43.377,63.564,43.38,67.59
43.37,55.62,43.367,63.552,43.37,67.58
43.36,55.61,43.357,63.539,43.36,67.57
43.35,55.60,43.347,63.531,43.35,67.55
43.34,55.59,43.337,63.520,43.34,67.55
43.33,55.58,43.327,63.507,43.33,67.54
43.32,55.57,43.318,63.497,43.32,67.53
43.31,55.56,43.308,63.483,43.31,67.52
43.3,55.55,43.298,63.471,43.30,67.51
43.29,55.53,43.288,63.462,43.29,67.50
43.28,55.52,43.278,63.447,43.28,67.49
43.27,55.51,43.268,63.436,43.27,67.48
43.26,55.50,43.258,63.419,43.26,67.47
43.25,55.49,43.248,63.407,43.25,67.46
43.24,55.48,43.238,63.395,43.24,67.45
43.23,55.46,43.228,63.382,43.23,67.44
43.22,55.45,43.218,63.369,43.22,67.43
43.21,55.44,43.209,63.358,43.21,67.42
43.2,55.43,43.199,63.348,43.20,67.40
43.19,55.42,43.189,63.336,43.19,67.39
43.18,55.41,43.179,63.323,43.18,67.38
43.17,55.40,43.169,63.316,43.17,67.37
43.16,55.39,43.159,63.305,43.16,67.36
43.15,55.38,43.149,63.290,43.15,67.35
43.14,55.37,43.139,63.279,43.14,67.34
43.13,55.37,43.129,63.262,43.13,67.33
43.12,55.35,43.119,63.250,43.12,67.32
43.11,55.34,43.109,63.237,43.11,67.31
43.1,55.33,43.099,63.223,43.10,67.30
43.09,55.31,43.090,63.211,43.09,67.29
43.08,55.31,43.080,63.198,43.08,67.27
43.07,55.30,43.070,63.188,43.07,67.26
43.06,55.29,43.060,63.177,43.06,67.25
43.05,55.28,43.050,63.161,43.05,67.24
43.04,55.28,43.040,63.147,43.04,67.23
43.03,55.26,43.030,63.133,43.03,67.22
43.02,55.25,43.020,63.120,43.02,67.21
43.01,55.24,43.010,63.109,43.01,67.20
43,55.23,43.000,63.099,43.00,67.19
42.99,55.22,42.990,63.088,42.99,67.18
42.98,55.21,42.981,63.078,42.98,67.16
42.97,55.20,42.971,63.070,42.97,67.15
42.96,55.19,42.961,63.061,42.96,67.14
42.95,55.18,42.951,63.050,42.95,67.13
42.94,55.16,42.941,63.037,42.94,67.13
42.93,55.16,42.931,63.029,42.93,67.12
42.92,55.15,42.921,63.020,42.92,67.10
42.91,55.14,42.911,63.010,42.91,67.09
42.9,55.13,42.901,63.000,42.90,67.08
42.89,55.12,42.891,62.991,42.89,67.07
42.88,55.11,42.881,62.973,42.88,67.06
42.87,55.10,42.871,62.963,42.87,67.05
42.86,55.09,42.862,62.955,42.86,67.04
42.85,55.08,42.852,62.943,42.85,67.03
42.84,55.07,42.842,62.933,42.84,67.02
42.83,55.06,42.832,62.920,42.83,67.01
42.82,55.05,42.822,62.909,42.82,66.99
42.81,55.04,42.812,62.898,42.81,66.98
42.8,55.03,42.802,62.887,42.80,66.97
42.79,55.02,42.792,62.875,42.79,66.96
42.78,55.01,42.782,62.864,42.78,66.95
42.77,55.00,42.772,62.848,42.77,66.94
42.76,54.98,42.762,62.831,42.76,66.93
42.75,54.98,42.753,62.822,42.75,66.92
42.74,54.97,42.743,62.812,42.74,66.91
42.73,54.96,42.733,62.801,42.73,66.90
42.72,54.95,42.723,62.791,42.72,66.89
42.71,54.94,42.713,62.779,42.71,66.88
42.7,54.92,42.703,62.765,42.70,66.86
42.69,54.91,42.693,62.754,42.69,66.85
42.68,54.91,42.683,62.742,42.68,66.84
42.67,54.89,42.673,62.729,42.67,66.83
42.66,54.88,42.663,62.716,42.66,66.82
42.65,54.87,42.653,62.701,42.65,66.81
42.64,54.86,42.643,62.693,42.64,66.80
42.63,54.85,42.634,62.681,42.63,66.79
42.62,54.84,42.624,62.669,42.62,66.77
42.61,54.82,42.614,62.657,42.61,66.76
42.6,54.81,42.604,62.643,42.60,66.76
42.59,54.80,42.594,62.632,42.59,66.74
42.58,54.80,42.584,62.620,42.58,66.73
42.57,54.78,42.574,62.608,42.57,66.72
42.56,54.78,42.564,62.597,42.56,66.71
42.55,54.76,42.554,62.588,42.55,66.70
42.54,54.75,42.544,62.575,42.54,66.69
42.53,54.74,42.534,62.564,42.53,66.68
42.53,54.73,42.525,62.553,42.53,66.66
42.52,54.72,42.515,62.540,42.52,66.66
42.51,54.71,42.505,62.530,42.51,66.65
42.5,54.70,42.495,62.518,42.50,66.64
42.49,54.69,42.485,62.509,42.49,66.63
42.48,54.68,42.475,62.494,42.48,66.62
42.47,54.67,42.465,62.481,42.47,66.61
42.46,54.66,42.455,62.466,42.46,66.60
42.45,54.65,42.445,62.460,42.45,66.59
42.44,54.64,42.435,62.443,42.44,66.58
42.43,54.63,42.425,62.432,42.43,66.56
42.42,54.62,42.415,62.418,42.42,66.55
42.41,54.61,42.406,62.406,42.41,66.54
42.4,54.60,42.396,62.396,42.40,66.53
42.39,54.59,42.386,62.388,42.39,66.52
42.38,54.58,42.376,62.374,42.38,66.51
42.37,54.57,42.366,62.365,42.37,66.50
42.36,54.56,42.356,62.354,42.36,66.48
42.35,54.55,42.346,62.343,42.35,66.47
42.34,54.54,42.336,62.330,42.34,66.46
42.33,54.53,42.326,62.319,42.33,66.45
42.32,54.51,42.316,62.307,42.32,66.44
42.31,54.50,42.306,62.294,42.31,66.43
42.3,54.49,42.297,62.282,42.30,66.42
42.29,54.48,42.287,62.271,42.29,66.41
42.28,54.48,42.277,62.262,42.28,66.40
42.27,54.46,42.267,62.251,42.27,66.39
42.26,54.46,42.257,62.239,42.26,66.38
42.25,54.45,42.247,62.230,42.25,66.37
42.24,54.43,42.237,62.219,42.24,66.36
42.23,54.42,42.227,62.207,42.23,66.35
42.22,54.41,42.217,62.192,42.22,66.34
42.21,54.40,42.207,62.179,42.21,66.33
42.2,54.40,42.197,62.169,42.20,66.32
42.19,54.39,42.187,62.158,42.19,66.30
42.18,54.38,42.178,62.145,42.18,66.29
42.17,54.37,42.168,62.134,42.17,66.28
42.16,54.36,42.158,62.120,42.16,66.27
42.15,54.35,42.148,62.108,42.15,66.26
42.14,54.34,42.138,62.098,42.14,66.25
42.13,54.32,42.128,62.086,42.13,66.24
42.12,54.31,42.118,62.074,42.12,66.23
42.11,54.30,42.108,62.059,42.11,66.21
42.1,54.29,42.098,62.047,42.10,66.20
42.09,54.28,42.088,62.036,42.09,66.19
42.08,54.27,42.078,62.018,42.08,66.18
42.07,54.26,42.069,62.005,42.07,66.17
42.06,54.25,42.059,61.997,42.06,66.16
42.05,54.24,42.049,61.985,42.05,66.15
42.04,54.23,42.039,61.969,42.04,66.14
42.03,54.22,42.029,61.959,42.03,66.13
42.02,54.21,42.019,61.947,42.02,66.12
42.01,54.20,42.009,61.937,42.01,66.11
42,54.19,41.999,61.925,42.00,66.10
41.99,54.18,41.989,61.915,41.99,66.09
41.98,54.17,41.979,61.904,41.98,66.08
41.97,54.16,41.969,61.893,41.97,66.07
41.96,54.15,41.959,61.882,41.96,66.05
41.95,54.14,41.950,61.872,41.95,66.04
41.94,54.13,41.940,61.862,41.94,66.04
41.93,54.12,41.930,61.849,41.93,66.02
41.92,54.11,41.920,61.839,41.92,66.01
41.91,54.10,41.910,61.824,41.91,66.00
41.9,54.09,41.900,61.812,41.90,65.99
41.89,54.08,41.890,61.800,41.89,65.98
41.88,54.07,41.880,61.789,41.88,65.97
41.87,54.06,41.870,61.778,41.87,65.96
41.86,54.05,41.860,61.767,41.86,65.95
41.85,54.04,41.850,61.752,41.85,65.94
41.84,54.03,41.841,61.742,41.84,65.93
41.83,54.02,41.831,61.733,41.83,65.92
41.82,54.02,41.821,61.720,41.82,65.91
41.81,54.01,41.811,61.708,41.81,65.90
41.8,54.00,41.801,61.696,41.80,65.89
41.79,53.99,41.791,61.682,41.79,65.88
41.78,53.98,41.781,61.671,41.78,65.87
41.77,53.97,41.771,61.658,41.77,65.86
41.76,53.96,41.761,61.645,41.76,65.85
41.75,53.94,41.751,61.633,41.75,65.84
41.74,53.94,41.741,61.618,41.74,65.83
41.73,53.93,41.731,61.604,41.73,65.82
41.72,53.92,41.722,61.594,41.72,65.81
41.71,53.91,41.712,61.581,41.71,65.79
41.7,53.90,41.702,61.569,41.70,65.79
41.69,53.89,41.692,61.557,41.69,65.77
41.68,53.88,41.682,61.546,41.68,65.76
41.67,53.87,41.672,61.535,41.67,65.75
41.66,53.85,41.662,61.522,41.66,65.74
41.65,53.85,41.652,61.509,41.65,65.73
41.64,53.84,41.642,61.497,41.64,65.72
41.63,53.83,41.632,61.487,41.63,65.71
41.62,53.82,41.622,61.476,41.62,65.70
41.61,53.80,41.613,61.465,41.61,65.69
41.6,53.78,41.603,61.449,41.60,65.68
41.59,53.77,41.593,61.438,41.59,65.66
41.58,53.76,41.583,61.426,41.58,65.65
41.57,53.75,41.573,61.413,41.57,65.64
41.56,53.73,41.563,61.398,41.56,65.63
41.55,53.72,41.553,61.386,41.55,65.62
41.54,53.72,41.543,61.374,41.54,65.61
41.53,53.71,41.533,61.367,41.53,65.60
41.52,53.70,41.523,61.354,41.52,65.59
41.51,53.69,41.513,61.343,41.51,65.58
41.5,53.68,41.503,61.332,41.50,65.57
41.49,53.67,41.494,61.320,41.49,65.56
41.48,53.66,41.484,61.313,41.48,65.55
41.47,53.65,41.474,61.302,41.47,65.54
41.46,53.64,41.464,61.290,41.46,65.53
41.45,53.63,41.454,61.278,41.45,65.52
41.44,53.62,41.444,61.267,41.44,65.51
41.43,53.61,41.434,61.254,41.43,65.50
41.42,53.60,41.424,61.239,41.42,65.49
41.41,53.59,41.414,61.227,41.41,65.47
41.4,53.58,41.404,61.215,41.40,65.46
41.39,53.57,41.394,61.205,41.39,65.46
41.39,53.56,41.385,61.190,41.39,65.44
41.38,53.56,41.375,61.176,41.38,65.43
41.37,53.54,41.365,61.165,41.37,65.42
41.36,53.53,41.355,61.148,41.36,65.41
41.35,53.52,41.345,61.136,41.35,65.40
41.34,53.52,41.335,61.126,41.34,65.39
41.33,53.51,41.325,61.115,41.33,65.38
41.32,53.50,41.315,61.101,41.32,65.37
41.31,53.48,41.305,61.085,41.31,65.36
41.3,53.47,41.295,61.073,41.30,65.35
41.29,53.46,41.285,61.062,41.29,65.34
41.28,53.45,41.275,61.051,41.28,65.33
41.27,53.44,41.266,61.041,41.27,65.31
41.26,53.43,41.256,61.031,41.26,65.31
41.25,53.42,41.246,61.017,41.25,65.29
41.24,53.41,41.236,61.004,41.24,65.28
41.23,53.40,41.226,60.987,41.23,65.27
41.22,53.40,41.216,60.976,41.22,65.26
41.21,53.38,41.206,60.963,41.21,65.25
41.2,53.37,41.196,60.945,41.20,65.24
41.19,53.36,41.186,60.936,41.19,65.23
41.18,53.35,41.176,60.927,41.18,65.22
41.17,53.34,41.166,60.914,41.17,65.21
41.16,53.33,41.157,60.904,41.16,65.19
41.15,53.33,41.147,60.894,41.15,65.18
41.14,53.31,41.137,60.882,41.14,65.17
41.13,53.30,41.127,60.869,41.13,65.16
41.12,53.29,41.117,60.859,41.12,65.15
41.11,53.28,41.107,60.846,41.11,65.14
41.1,53.27,41.097,60.833,41.10,65.13
41.09,53.26,41.087,60.820,41.09,65.12
41.08,53.25,41.077,60.808,41.08,65.10
41.07,53.24,41.067,60.795,41.07,65.09
41.06,53.23,41.057,60.784,41.06,65.08
41.05,53.22,41.047,60.771,41.05,65.07
41.04,53.21,41.038,60.762,41.04,65.06
41.03,53.20,41.028,60.749,41.03,65.05
41.02,53.19,41.018,60.735,41.02,65.04
41.01,53.18,41.008,60.726,41.01,65.03
41,53.18,40.998,60.711,41.00,65.02
40.99,53.16,40.988,60.699,40.99,65.01
40.98,53.16,40.978,60.685,40.98,65.00
40.97,53.15,40.968,60.673,40.97,64.99
40.96,53.14,40.958,60.663,40.96,64.98
40.95,53.12,40.948,60.647,40.95,64.97
40.94,53.12,40.938,60.639,40.94,64.96
40.93,53.11,40.929,60.628,40.93,64.95
40.92,53.10,40.919,60.616,40.92,64.94
40.91,53.09,40.909,60.604,40.91,64.93
40.9,53.08,40.899,60.593,40.90,64.92
40.89,53.07,40.889,60.581,40.89,64.91
40.88,53.06,40.879,60.569,40.88,64.90
40.87,53.05,40.869,60.558,40.87,64.89
40.86,53.04,40.859,60.548,40.86,64.88
40.85,53.03,40.849,60.532,40.85,64.87
40.84,53.02,40.839,60.520,40.84,64.86
40.83,53.01,40.829,60.509,40.83,64.84
40.82,53.00,40.819,60.496,40.82,64.83
40.81,52.99,40.810,60.485,40.81,64.82
40.8,52.98,40.800,60.476,40.80,64.81
40.79,52.97,40.790,60.463,40.79,64.80
40.78,52.96,40.780,60.451,40.78,64.79
40.77,52.95,40.770,60.440,40.77,64.78
40.76,52.94,40.760,60.427,40.76,64.77
40.75,52.93,40.750,60.414,40.75,64.76
40.74,52.92,40.740,60.403,40.74,64.75
40.73,52.91,40.730,60.388,40.73,64.74
40.72,52.90,40.720,60.375,40.72,64.73
40.71,52.89,40.710,60.365,40.71,64.72
40.7,52.89,40.701,60.352,40.70,64.71
40.69,52.88,40.691,60.339,40.69,64.70
40.68,52.87,40.681,60.327,40.68,64.69
40.67,52.86,40.671,60.315,40.67,64.68
40.66,52.84,40.661,60.306,40.66,64.67
40.65,52.83,40.651,60.291,40.65,64.66
40.64,52.82,40.641,60.279,40.64,64.64
40.63,52.81,40.631,60.267,40.63,64.63
40.62,52.81,40.621,60.254,40.62,64.62
40.61,52.80,40.611,60.241,40.61,64.61
40.6,52.79,40.601,60.230,40.60,64.60
40.59,52.78,40.591,60.216,40.59,64.59
40.58,52.76,40.582,60.205,40.58,64.58
40.57,52.75,40.572,60.192,40.57,64.56
40.56,52.75,40.562,60.177,40.56,64.55
40.55,52.73,40.552,60.164,40.55,64.54
40.54,52.73,40.542,60.152,40.54,64.53
40.53,52.72,40.532,60.140,40.53,64.53
40.52,52.70,40.522,60.124,40.52,64.51
40.51,52.69,40.512,60.116,40.51,64.50
40.5,52.68,40.502,60.106,40.50,64.50
40.49,52.67,40.492,60.092,40.49,64.48
40.48,52.66,40.482,60.080,40.48,64.48
40.47,52.65,40.473,60.068,40.47,64.46
40.46,52.64,40.463,60.054,40.46,64.45
40.45,52.63,40.453,60.044,40.45,64.44
40.44,52.62,40.443,60.035,40.44,64.43
40.43,52.61,40.433,60.020,40.43,64.42
40.42,52.60,40.423,60.006,40.42,64.41
40.41,52.59,40.413,59.993,40.41,64.39
40.4,52.58,40.403,59.983,40.40,64.38
40.39,52.57,40.393,59.968,40.39,64.37
40.38,52.56,40.383,59.955,40.38,64.36
40.37,52.55,40.373,59.946,40.37,64.35
40.36,52.54,40.363,59.932,40.36,64.34
40.35,52.53,40.354,59.923,40.35,64.33
40.34,52.52,40.344,59.909,40.34,64.32
40.33,52.51,40.334,59.897,40.33,64.31
40.32,52.50,40.324,59.881,40.32,64.30
40.31,52.49,40.314,59.868,40.31,64.29
40.3,52.48,40.304,59.854,40.30,64.28
40.29,52.47,40.294,59.840,40.29,64.27
40.28,52.47,40.284,59.827,40.28,64.26
40.27,52.46,40.274,59.811,40.27,64.24
40.26,52.45,40.264,59.801,40.26,64.23
40.25,52.44,40.254,59.783,40.25,64.22
40.25,52.43,40.245,59.772,40.25,64.21
40.24,52.42,40.235,59.761,40.24,64.19
40.23,52.41,40.225,59.751,40.23,64.19
40.22,52.40,40.215,59.733,40.22,64.17
40.21,52.38,40.205,59.721,40.21,64.16
40.2,52.38,40.195,59.708,40.20,64.15
40.19,52.36,40.185,59.697,40.19,64.14
40.18,52.36,40.175,59.684,40.18,64.13
40.17,52.35,40.165,59.671,40.17,64.12
40.16,52.34,40.155,59.659,40.16,64.11
40.15,52.33,40.145,59.646,40.15,64.10
40.14,52.31,40.135,59.635,40.14,64.09
40.13,52.30,40.126,59.622,40.13,64.07
40.12,52.29,40.116,59.612,40.12,64.06
40.11,52.28,40.106,59.601,40.11,64.05
40.1,52.28,40.096,59.591,40.10,64.04
40.09,52.27,40.086,59.578,40.09,64.03
40.08,52.26,40.076,59.564,40.08,64.02
40.07,52.25,40.066,59.550,40.07,64.01
40.06,52.24,40.056,59.535,40.06,63.99
40.05,52.23,40.046,59.520,40.05,63.98
40.04,52.22,40.036,59.510,40.04,63.97
40.03,52.21,40.026,59.495,40.03,63.96
40.02,52.20,40.017,59.485,40.02,63.95
40.01,52.19,40.007,59.471,40.01,63.94
40,52.18,39.997,59.460,40.00,63.93
39.99,52.17,39.987,59.447,39.99,63.92
39.98,52.16,39.977,59.433,39.98,63.91
39.97,52.15,39.967,59.423,39.97,63.90
39.96,52.14,39.957,59.412,39.96,63.89
39.95,52.13,39.947,59.402,39.95,63.87
39.94,52.12,39.937,59.390,39.94,63.86
39.93,52.11,39.927,59.379,39.93,63.85
39.92,52.11,39.917,59.367,39.92,63.84
39.91,52.09,39.907,59.355,39.91,63.83
39.9,52.08,39.898,59.343,39.90,63.82
39.89,52.07,39.888,59.331,39.89,63.81
39.88,52.06,39.878,59.320,39.88,63.80
39.87,52.05,39.868,59.305,39.87,63.79
39.86,52.04,39.858,59.296,39.86,63.77
39.85,52.03,39.848,59.281,39.85,63.76
39.84,52.02,39.838,59.268,39.84,63.75
39.83,52.01,39.828,59.259,39.83,63.74
39.82,52.00,39.818,59.249,39.82,63.73
39.81,51.99,39.808,59.232,39.81,63.72
39.8,51.98,39.798,59.222,39.80,63.71
39.79,51.97,39.789,59.210,39.79,63.69
39.78,51.96,39.779,59.196,39.78,63.68
39.77,51.95,39.769,59.182,39.77,63.67
39.76,51.94,39.759,59.170,39.76,63.66
39.75,51.93,39.749,59.159,39.75,63.64
39.74,51.92,39.739,59.146,39.74,63.63
39.73,51.91,39.729,59.135,39.73,63.62
39.72,51.90,39.719,59.124,39.72,63.61
39.71,51.89,39.709,59.114,39.71,63.60
39.7,51.88,39.699,59.104,39.70,63.59
39.69,51.87,39.689,59.087,39.69,63.58
39.68,51.86,39.679,59.070,39.68,63.57
39.67,51.84,39.670,59.061,39.67,63.56
39.66,51.84,39.660,59.049,39.66,63.55
39.65,51.82,39.650,59.038,39.65,63.54
39.64,51.81,39.640,59.025,39.64,63.52
39.63,51.80,39.630,59.016,39.63,63.51
39.62,51.79,39.620,59.005,39.62,63.50
39.61,51.78,39.610,58.994,39.61,63.49
39.6,51.77,39.600,58.980,39.60,63.48
39.59,51.76,39.590,58.970,39.59,63.46
39.58,51.75,39.580,58.957,39.58,63.45
39.57,51.74,39.570,58.947,39.57,63.44
39.56,51.73,39.561,58.936,39.56,63.43
39.55,51.72,39.551,58.926,39.55,63.42
39.54,51.71,39.541,58.917,39.54,63.41
39.53,51.70,39.531,58.906,39.53,63.40
39.52,51.68,39.521,58.897,39.52,63.38
39.51,51.68,39.511,58.883,39.51,63.37
39.5,51.67,39.501,58.869,39.50,63.36
39.49,51.66,39.491,58.855,39.49,63.35
39.48,51.65,39.481,58.846,39.48,63.34
39.47,51.64,39.471,58.832,39.47,63.33
39.46,51.63,39.461,58.821,39.46,63.32
39.45,51.62,39.451,58.806,39.45,63.31
39.44,51.61,39.442,58.795,39.44,63.29
39.43,51.60,39.432,58.783,39.43,63.28
39.42,51.59,39.422,58.770,39.42,63.27
39.41,51.58,39.412,58.758,39.41,63.26
39.4,51.57,39.402,58.749,39.40,63.25
39.39,51.56,39.392,58.737,39.39,63.24
39.38,51.55,39.382,58.726,39.38,63.23
39.37,51.53,39.372,58.714,39.37,63.21
39.36,51.52,39.362,58.701,39.36,63.20
39.35,51.50,39.352,58.688,39.35,63.19
39.34,51.50,39.342,58.681,39.34,63.18
39.33,51.49,39.333,58.667,39.33,63.17
39.32,51.48,39.323,58.656,39.32,63.16
39.31,51.47,39.313,58.642,39.31,63.15
39.3,51.46,39.303,58.629,39.30,63.13
39.29,51.45,39.293,58.618,39.29,63.12
39.28,51.44,39.283,58.602,39.28,63.11
39.27,51.43,39.273,58.590,39.27,63.10
39.26,51.41,39.263,58.576,39.26,63.09
39.25,51.40,39.253,58.561,39.25,63.08
39.24,51.40,39.243,58.552,39.24,63.07
39.23,51.38,39.233,58.541,39.23,63.06
39.22,51.38,39.223,58.533,39.22,63.05
39.21,51.37,39.214,58.519,39.21,63.04
39.2,51.36,39.204,58.506,39.20,63.02
39.19,51.35,39.194,58.494,39.19,63.01
39.18,51.34,39.184,58.480,39.18,63.00
39.17,51.33,39.174,58.465,39.17,62.99
39.16,51.32,39.164,58.456,39.16,62.98
39.15,51.31,39.154,58.445,39.15,62.96
39.14,51.30,39.144,58.434,39.14,62.96
39.13,51.29,39.134,58.417,39.13,62.95
39.12,51.28,39.124,58.403,39.12,62.93
39.11,51.26,39.114,58.390,39.11,62.92
39.11,51.25,39.105,58.379,39.11,62.91
39.1,51.25,39.095,58.365,39.10,62.90
39.09,51.24,39.085,58.354,39.09,62.89
39.08,51.23,39.075,58.343,39.08,62.88
39.07,51.22,39.065,58.331,39.07,62.87
39.06,51.21,39.055,58.314,39.06,62.86
39.05,51.20,39.045,58.303,39.05,62.84
39.04,51.19,39.035,58.294,39.04,62.84
39.03,51.17,39.025,58.282,39.03,62.82
39.02,51.17,39.015,58.268,39.02,62.81
39.01,51.16,39.005,58.255,39.01,62.81
39,51.15,38.995,58.244,39.00,62.79
38.99,51.14,38.986,58.232,38.99,62.78
38.98,51.13,38.976,58.221,38.98,62.77
38.97,51.12,38.966,58.208,38.97,62.76
38.96,51.11,38.956,58.197,38.96,62.75
38.95,51.10,38.946,58.185,38.95,62.74
38.94,51.09,38.936,58.174,38.94,62.73
38.93,51.08,38.926,58.160,38.93,62.71
38.92,51.07,38.916,58.149,38.92,62.71
38.91,51.06,38.906,58.134,38.91,62.70
38.9,51.05,38.896,58.125,38.90,62.68
38.89,51.04,38.886,58.115,38.89,62.67
38.88,51.03,38.877,58.104,38.88,62.67
38.87,51.02,38.867,58.088,38.87,62.66
38.86,51.01,38.857,58.075,38.86,62.64
38.85,51.00,38.847,58.061,38.85,62.63
38.84,50.99,38.837,58.049,38.84,62.62
38.83,50.98,38.827,58.039,38.83,62.61
38.82,50.97,38.817,58.028,38.82,62.60
38.81,50.96,38.807,58.019,38.81,62.59
38.8,50.95,38.797,58.007,38.80,62.58
38.79,50.93,38.787,57.995,38.79,62.57
38.78,50.92,38.777,57.981,38.78,62.56
38.77,50.91,38.767,57.971,38.77,62.55
38.76,50.90,38.758,57.962,38.76,62.54
38.75,50.89,38.748,57.950,38.75,62.53
38.74,50.87,38.738,57.934,38.74,62.52
38.73,50.86,38.728,57.920,38.73,62.50
38.72,50.85,38.718,57.911,38.72,62.49
38.71,50.84,38.708,57.899,38.71,62.48
38.7,50.83,38.698,57.888,38.70,62.47
38.69,50.82,38.688,57.876,38.69,62.46
38.68,50.81,38.678,57.861,38.68,62.45
38.67,50.80,38.668,57.848,38.67,62.44
38.66,50.78,38.658,57.834,38.66,62.42
38.65,50.77,38.649,57.821,38.65,62.41
38.64,50.76,38.639,57.810,38.64,62.40
38.63,50.75,38.629,57.796,38.63,62.39
38.62,50.74,38.619,57.785,38.62,62.38
38.61,50.73,38.609,57.775,38.61,62.37
38.6,50.72,38.599,57.763,38.60,62.36
38.59,50.71,38.589,57.752,38.59,62.35
38.58,50.70,38.579,57.741,38.58,62.34
38.57,50.69,38.569,57.725,38.57,62.32
38.56,50.68,38.559,57.715,38.56,62.31
38.55,50.67,38.549,57.703,38.55,62.30
38.54,50.66,38.539,57.691,38.54,62.29
38.53,50.65,38.530,57.676,38.53,62.28
38.52,50.64,38.520,57.662,38.52,62.27
38.51,50.63,38.510,57.651,38.51,62.26
38.5,50.61,38.500,57.641,38.50,62.25
38.49,50.60,38.490,57.627,38.49,62.24
38.48,50.59,38.480,57.612,38.48,62.23
38.47,50.58,38.470,57.601,38.47,62.22
38.46,50.57,38.460,57.590,38.46,62.21
38.45,50.56,38.450,57.579,38.45,62.20
38.44,50.55,38.440,57.565,38.44,62.18
38.43,50.54,38.430,57.554,38.43,62.17
38.42,50.53,38.421,57.541,38.42,62.17
38.41,50.52,38.411,57.530,38.41,62.15
38.4,50.50,38.401,57.518,38.40,62.14
38.39,50.49,38.391,57.506,38.39,62.13
38.38,50.48,38.381,57.495,38.38,62.12
38.37,50.47,38.371,57.479,38.37,62.11
38.36,50.46,38.361,57.470,38.36,62.10
38.35,50.46,38.351,57.459,38.35,62.09
38.34,50.45,38.341,57.450,38.34,62.08
38.33,50.44,38.331,57.437,38.33,62.07
38.32,50.42,38.321,57.424,38.32,62.06
38.31,50.41,38.311,57.412,38.31,62.05
38.3,50.40,38.302,57.402,38.30,62.04
38.29,50.40,38.292,57.390,38.29,62.03
38.28,50.39,38.282,57.380,38.28,62.02
38.27,50.38,38.272,57.364,38.27,62.00
38.26,50.37,38.262,57.351,38.26,61.99
38.25,50.35,38.252,57.337,38.25,61.98
38.24,50.34,38.242,57.326,38.24,61.97
38.23,50.34,38.232,57.313,38.23,61.96
38.22,50.33,38.222,57.299,38.22,61.95
38.21,50.31,38.212,57.287,38.21,61.94
38.2,50.30,38.202,57.275,38.20,61.93
38.19,50.29,38.193,57.263,38.19,61.92
38.18,50.28,38.183,57.250,38.18,61.91
38.17,50.27,38.173,57.236,38.17,61.90
38.16,50.26,38.163,57.225,38.16,61.89
38.15,50.25,38.153,57.214,38.15,61.88
38.14,50.23,38.143,57.198,38.14,61.87
38.13,50.22,38.133,57.185,38.13,61.86
38.12,50.21,38.123,57.177,38.12,61.85
38.11,50.20,38.113,57.163,38.11,61.84
38.1,50.19,38.103,57.152,38.10,61.83
38.09,50.18,38.093,57.140,38.09,61.82
38.08,50.16,38.083,57.125,38.08,61.81
38.07,50.16,38.074,57.116,38.07,61.80
38.06,50.15,38.064,57.105,38.06,61.79
38.05,50.14,38.054,57.089,38.05,61.78
38.04,50.13,38.044,57.080,38.04,61.77
38.03,50.11,38.034,57.070,38.03,61.75
38.02,50.10,38.024,57.054,38.02,61.74
38.01,50.10,38.014,57.044,38.01,61.73
38,50.08,38.004,57.032,38.00,61.72
37.99,50.07,37.994,57.020,37.99,61.71
37.98,50.06,37.984,57.009,37.98,61.70
37.97,50.05,37.974,56.998,37.97,61.69
37.97,50.04,37.965,56.981,37.97,61.68
37.96,50.03,37.955,56.969,37.96,61.66
37.95,50.02,37.945,56.956,37.95,61.65
37.94,50.01,37.935,56.945,37.94,61.64
37.93,50.00,37.925,56.927,37.93,61.63
37.92,49.98,37.915,56.917,37.92,61.62
37.91,49.97,37.905,56.904,37.91,61.61
37.9,49.97,37.895,56.892,37.90,61.60
37.89,49.95,37.885,56.881,37.89,61.58
37.88,49.94,37.875,56.872,37.88,61.57
37.87,49.93,37.865,56.860,37.87,61.56
37.86,49.92,37.855,56.850,37.86,61.55
37.85,49.91,37.846,56.839,37.85,61.54
37.84,49.90,37.836,56.827,37.84,61.53
37.83,49.89,37.826,56.816,37.83,61.52
37.82,49.88,37.816,56.804,37.82,61.51
37.81,49.87,37.806,56.792,37.81,61.50
37.8,49.86,37.796,56.781,37.80,61.49
37.79,49.85,37.786,56.769,37.79,61.48
37.78,49.83,37.776,56.758,37.78,61.47
37.77,49.82,37.766,56.747,37.77,61.46
37.76,49.81,37.756,56.736,37.76,61.45
37.75,49.80,37.746,56.724,37.75,61.44
37.74,49.79,37.737,56.707,37.74,61.43
37.73,49.78,37.727,56.694,37.73,61.42
37.72,49.77,37.717,56.681,37.72,61.41
37.71,49.76,37.707,56.670,37.71,61.40
37.7,49.74,37.697,56.662,37.70,61.38
37.69,49.73,37.687,56.647,37.69,61.37
37.68,49.72,37.677,56.637,37.68,61.36
37.67,49.71,37.667,56.627,37.67,61.35
37.66,49.70,37.657,56.613,37.66,61.34
37.65,49.69,37.647,56.598,37.65,61.33
37.64,49.68,37.637,56.584,37.64,61.32
37.63,49.66,37.627,56.573,37.63,61.31
37.62,49.65,37.618,56.562,37.62,61.30
37.61,49.64,37.608,56.552,37.61,61.29
37.6,49.63,37.598,56.539,37.60,61.28
37.59,49.62,37.588,56.528,37.59,61.26
37.58,49.61,37.578,56.514,37.58,61.25
37.57,49.60,37.568,56.501,37.57,61.24
37.56,49.59,37.558,56.484,37.56,61.23
37.55,49.58,37.548,56.474,37.55,61.22
37.54,49.57,37.538,56.464,37.54,61.21
37.53,49.56,37.528,56.454,37.53,61.20
37.52,49.54,37.518,56.440,37.52,61.19
37.51,49.54,37.509,56.424,37.51,61.18
37.5,49.52,37.499,56.411,37.50,61.16
37.49,49.51,37.489,56.398,37.49,61.15
37.48,49.50,37.479,56.388,37.48,61.14
37.47,49.49,37.469,56.374,37.47,61.13
37.46,49.48,37.459,56.359,37.46,61.11
37.45,49.47,37.449,56.349,37.45,61.10
37.44,49.46,37.439,56.339,37.44,61.09
37.43,49.45,37.429,56.327,37.43,61.08
37.42,49.44,37.419,56.312,37.42,61.07
37.41,49.43,37.409,56.298,37.41,61.06
37.4,49.42,37.399,56.286,37.40,61.05
37.39,49.41,37.390,56.275,37.39,61.04
37.38,49.40,37.380,56.264,37.38,61.03
37.37,49.39,37.370,56.252,37.37,61.02
37.36,49.37,37.360,56.240,37.36,61.00
37.35,49.36,37.350,56.229,37.35,60.99
37.34,49.35,37.340,56.217,37.34,60.99
37.33,49.34,37.330,56.207,37.33,60.97
37.32,49.33,37.320,56.192,37.32,60.96
37.31,49.32,37.310,56.182,37.31,60.95
37.3,49.31,37.300,56.168,37.30,60.94
37.29,49.30,37.290,56.154,37.29,60.93
37.28,49.29,37.281,56.144,37.28,60.92
37.27,49.28,37.271,56.133,37.27,60.91
37.26,49.27,37.261,56.119,37.26,60.90
37.25,49.26,37.251,56.106,37.25,60.89
37.24,49.25,37.241,56.093,37.24,60.88
37.23,49.24,37.231,56.082,37.23,60.87
37.22,49.23,37.221,56.069,37.22,60.86
37.21,49.22,37.211,56.056,37.21,60.85
37.2,49.21,37.201,56.043,37.20,60.84
37.19,49.20,37.191,56.031,37.19,60.83
37.18,49.19,37.181,56.020,37.18,60.82
37.17,49.18,37.171,56.008,37.17,60.81
37.16,49.17,37.162,55.997,37.16,60.80
37.15,49.16,37.152,55.988,37.15,60.78
37.14,49.15,37.142,55.972,37.14,60.77
37.13,49.13,37.132,55.959,37.13,60.76
37.12,49.12,37.122,55.944,37.12,60.76
37.11,49.11,37.112,55.933,37.11,60.74
37.1,49.10,37.102,55.922,37.10,60.73
37.09,49.09,37.092,55.910,37.09,60.72
37.08,49.08,37.082,55.893,37.08,60.70
37.07,49.07,37.072,55.883,37.07,60.69
37.06,49.06,37.062,55.871,37.06,60.68
37.05,49.05,37.053,55.856,37.05,60.67
37.04,49.04,37.043,55.846,37.04,60.66
37.03,49.03,37.033,55.836,37.03,60.64
37.02,49.02,37.023,55.827,37.02,60.63
37.01,49.00,37.013,55.815,37.01,60.62
37,48.99,37.003,55.802,37.00,60.60
36.99,48.98,36.993,55.792,36.99,60.60
36.98,48.97,36.983,55.779,36.98,60.58
36.97,48.96,36.973,55.766,36.97,60.57
36.96,48.95,36.963,55.755,36.96,60.56
36.95,48.94,36.953,55.740,36.95,60.55
36.94,48.93,36.943,55.730,36.94,60.54
36.93,48.92,36.934,55.717,36.93,60.53
36.92,48.91,36.924,55.705,36.92,60.51
36.91,48.90,36.914,55.692,36.91,60.50
36.9,48.88,36.904,55.681,36.90,60.49
36.89,48.87,36.894,55.671,36.89,60.48
36.88,48.86,36.884,55.654,36.88,60.47
36.87,48.84,36.874,55.637,36.87,60.46
36.86,48.83,36.864,55.624,36.86,60.45
36.85,48.82,36.854,55.610,36.85,60.44
36.84,48.81,36.844,55.599,36.84,60.43
36.83,48.80,36.834,55.586,36.83,60.42
36.83,48.79,36.825,55.576,36.83,60.41
36.82,48.78,36.815,55.566,36.82,60.39
36.81,48.76,36.805,55.551,36.81,60.38
36.8,48.76,36.795,55.534,36.80,60.37
36.79,48.75,36.785,55.520,36.79,60.36
36.78,48.74,36.775,55.506,36.78,60.35
36.77,48.73,36.765,55.492,36.77,60.34
36.76,48.72,36.755,55.481,36.76,60.33
36.75,48.71,36.745,55.468,36.75,60.31
36.74,48.70,36.735,55.458,36.74,60.30
36.73,48.68,36.725,55.445,36.73,60.29
36.72,48.67,36.715,55.431,36.72,60.28
36.71,48.66,36.706,55.420,36.71,60.27
36.7,48.65,36.696,55.407,36.70,60.26
36.69,48.64,36.686,55.394,36.69,60.25
36.68,48.62,36.676,55.385,36.68,60.24
36.67,48.61,36.666,55.372,36.67,60.22
36.66,48.60,36.656,55.358,36.66,60.21
36.65,48.59,36.646,55.341,36.65,60.20
36.64,48.58,36.636,55.329,36.64,60.19
36.63,48.57,36.626,55.315,36.63,60.18
36.62,48.56,36.616,55.301,36.62,60.17
36.61,48.55,36.606,55.291,36.61,60.15
36.6,48.54,36.597,55.280,36.60,60.14
36.59,48.52,36.587,55.266,36.59,60.13
36.58,48.51,36.577,55.252,36.58,60.12
36.57,48.50,36.567,55.244,36.57,60.11
36.56,48.49,36.557,55.228,36.56,60.10
36.55,48.48,36.547,55.216,36.55,60.08
36.54,48.47,36.537,55.203,36.54,60.07
36.53,48.46,36.527,55.190,36.53,60.06
36.52,48.44,36.517,55.174,36.52,60.05
36.51,48.43,36.507,55.163,36.51,60.04
36.5,48.42,36.497,55.148,36.50,60.03
36.49,48.40,36.487,55.135,36.49,60.01
36.48,48.39,36.478,55.123,36.48,60.00
36.47,48.38,36.468,55.111,36.47,59.99
36.46,48.37,36.458,55.099,36.46,59.98
36.45,48.35,36.448,55.086,36.45,59.97
36.44,48.34,36.438,55.071,36.44,59.96
36.43,48.33,36.428,55.061,36.43,59.95
36.42,48.32,36.418,55.047,36.42,59.94
36.41,48.31,36.408,55.032,36.41,59.92
36.4,48.31,36.398,55.022,36.40,59.91
36.39,48.30,36.388,55.009,36.39,59.91
36.38,48.28,36.378,54.996,36.38,59.89
36.37,48.27,36.369,54.986,36.37,59.88
36.36,48.26,36.359,54.977,36.36,59.87
36.35,48.25,36.349,54.965,36.35,59.86
36.34,48.24,36.339,54.954,36.34,59.85
36.33,48.22,36.329,54.942,36.33,59.84
36.32,48.21,36.319,54.933,36.32,59.83
36.31,48.20,36.309,54.919,36.31,59.81
36.3,48.19,36.299,54.908,36.30,59.80
36.29,48.17,36.289,54.897,36.29,59.79
36.28,48.16,36.279,54.884,36.28,59.78
36.27,48.15,36.269,54.872,36.27,59.77
36.26,48.14,36.260,54.862,36.26,59.75
36.25,48.13,36.250,54.849,36.25,59.75
36.24,48.12,36.240,54.839,36.24,59.73
36.23,48.11,36.230,54.830,36.23,59.72
36.22,48.10,36.220,54.815,36.22,59.71
36.21,48.09,36.210,54.804,36.21,59.70
36.2,48.08,36.200,54.790,36.20,59.69
36.19,48.07,36.190,54.778,36.19,59.68
36.18,48.05,36.180,54.767,36.18,59.67
36.17,48.04,36.170,54.755,36.17,59.65
36.16,48.03,36.160,54.742,36.16,59.64
36.15,48.02,36.150,54.727,36.15,59.63
36.14,48.01,36.141,54.716,36.14,59.62
36.13,48.00,36.131,54.703,36.13,59.60
36.12,47.99,36.121,54.691,36.12,59.59
36.11,47.98,36.111,54.679,36.11,59.58
36.1,47.97,36.101,54.668,36.10,59.56
36.09,47.96,36.091,54.651,36.09,59.55
36.08,47.95,36.081,54.642,36.08,59.54
36.07,47.94,36.071,54.630,36.07,59.53
36.06,47.93,36.061,54.618,36.06,59.52
36.05,47.91,36.051,54.602,36.05,59.50
36.04,47.90,36.041,54.591,36.04,59.49
36.03,47.89,36.032,54.574,36.03,59.48
36.02,47.88,36.022,54.563,36.02,59.47
36.01,47.87,36.012,54.549,36.01,59.45
36,47.87,36.002,54.536,36.00,59.44
35.99,47.85,35.992,54.524,35.99,59.43
35.98,47.84,35.982,54.513,35.98,59.43
35.97,47.83,35.972,54.502,35.97,59.42
35.96,47.82,35.962,54.490,35.96,59.40
35.95,47.81,35.952,54.477,35.95,59.39
35.94,47.80,35.942,54.466,35.94,59.38
35.93,47.79,35.932,54.454,35.93,59.37
35.92,47.78,35.922,54.439,35.92,59.36
35.91,47.76,35.913,54.421,35.91,59.34
35.9,47.75,35.903,54.411,35.90,59.33
35.89,47.74,35.893,54.401,35.89,59.32
35.88,47.72,35.883,54.386,35.88,59.31
35.87,47.71,35.873,54.373,35.87,59.30
35.86,47.70,35.863,54.363,35.86,59.29
35.85,47.69,35.853,54.345,35.85,59.28
35.84,47.68,35.843,54.337,35.84,59.27
35.83,47.67,35.833,54.325,35.83,59.26
35.82,47.66,35.823,54.312,35.82,59.25
35.81,47.65,35.813,54.295,35.81,59.24
35.8,47.64,35.804,54.281,35.80,59.23
35.79,47.63,35.794,54.268,35.79,59.21
35.78,47.62,35.784,54.255,35.78,59.20
35.77,47.61,35.774,54.245,35.77,59.19
35.76,47.60,35.764,54.232,35.76,59.18
35.75,47.59,35.754,54.220,35.75,59.17
35.74,47.58,35.744,54.207,35.74,59.16
35.73,47.57,35.734,54.197,35.73,59.15
35.72,47.55,35.724,54.185,35.72,59.14
35.71,47.54,35.714,54.173,35.71,59.12
35.7,47.53,35.704,54.162,35.70,59.11
35.69,47.52,35.694,54.147,35.69,59.10
35.69,47.50,35.685,54.135,35.69,59.09
35.68,47.50,35.675,54.120,35.68,59.08
35.67,47.49,35.665,54.108,35.67,59.07
35.66,47.47,35.655,54.096,35.66,59.06
35.65,47.46,35.645,54.080,35.65,59.05
35.64,47.45,35.635,54.069,35.64,59.04
35.63,47.44,35.625,54.054,35.63,59.02
35.62,47.43,35.615,54.044,35.62,59.01
35.61,47.42,35.605,54.032,35.61,58.99
35.6,47.41,35.595,54.022,35.60,58.98
35.59,47.40,35.585,54.008,35.59,58.97
35.58,47.38,35.576,53.995,35.58,58.96
35.57,47.37,35.566,53.985,35.57,58.95
35.56,47.36,35.556,53.973,35.56,58.93
35.55,47.35,35.546,53.959,35.55,58.92
35.54,47.34,35.536,53.946,35.54,58.91
35.53,47.33,35.526,53.928,35.53,58.90
35.52,47.32,35.516,53.916,35.52,58.89
35.51,47.31,35.506,53.901,35.51,58.87
35.5,47.30,35.496,53.892,35.50,58.86
35.49,47.29,35.486,53.879,35.49,58.85
35.48,47.27,35.476,53.869,35.48,58.84
35.47,47.26,35.466,53.852,35.47,58.83
35.46,47.25,35.457,53.837,35.46,58.82
35.45,47.24,35.447,53.824,35.45,58.81
35.44,47.23,35.437,53.814,35.44,58.80
35.43,47.22,35.427,53.802,35.43,58.78
35.42,47.20,35.417,53.792,35.42,58.77
35.41,47.19,35.407,53.779,35.41,58.77
35.4,47.18,35.397,53.767,35.40,58.75
35.39,47.17,35.387,53.756,35.39,58.74
35.38,47.16,35.377,53.745,35.38,58.73
35.37,47.15,35.367,53.736,35.37,58.72
35.36,47.14,35.357,53.725,35.36,58.71
35.35,47.13,35.348,53.714,35.35,58.69
35.34,47.12,35.338,53.701,35.34,58.68
35.33,47.11,35.328,53.688,35.33,58.67
35.32,47.10,35.318,53.673,35.32,58.67
35.31,47.09,35.308,53.660,35.31,58.65
35.3,47.08,35.298,53.651,35.30,58.64
35.29,47.06,35.288,53.636,35.29,58.63
35.28,47.06,35.278,53.628,35.28,58.62
35.27,47.04,35.268,53.617,35.27,58.60
35.26,47.03,35.258,53.607,35.26,58.59
35.25,47.02,35.248,53.593,35.25,58.58
35.24,47.01,35.238,53.581,35.24,58.57
35.23,47.00,35.229,53.568,35.23,58.56
35.22,46.99,35.219,53.553,35.22,58.55
35.21,46.98,35.209,53.541,35.21,58.53
35.2,46.97,35.199,53.525,35.20,58.52
35.19,46.96,35.189,53.509,35.19,58.51
35.18,46.95,35.179,53.492,35.18,58.49
35.17,46.93,35.169,53.475,35.17,58.48
35.16,46.92,35.159,53.465,35.16,58.48
35.15,46.91,35.149,53.452,35.15,58.46
35.14,46.90,35.139,53.438,35.14,58.45
35.13,46.89,35.129,53.424,35.13,58.43
35.12,46.88,35.120,53.410,35.12,58.42
35.11,46.87,35.110,53.396,35.11,58.41
35.1,46.86,35.100,53.386,35.10,58.40
35.09,46.84,35.090,53.371,35.09,58.38
35.08,46.83,35.080,53.359,35.08,58.37
35.07,46.82,35.070,53.346,35.07,58.36
35.06,46.81,35.060,53.336,35.06,58.35
35.05,46.80,35.050,53.326,35.05,58.34
35.04,46.78,35.040,53.314,35.04,58.33
35.03,46.77,35.030,53.297,35.03,58.32
35.02,46.76,35.020,53.285,35.02,58.31
35.01,46.75,35.010,53.272,35.01,58.30
35,46.74,35.001,53.261,35.00,58.28
34.99,46.73,34.991,53.250,34.99,58.28
34.98,46.72,34.981,53.239,34.98,58.26
34.97,46.71,34.971,53.227,34.97,58.25
34.96,46.70,34.961,53.215,34.96,58.24
34.95,46.69,34.951,53.200,34.95,58.23
34.94,46.68,34.941,53.187,34.94,58.22
34.93,46.67,34.931,53.175,34.93,58.21
34.92,46.66,34.921,53.164,34.92,58.20
34.91,46.65,34.911,53.149,34.91,58.19
34.9,46.64,34.901,53.135,34.90,58.17
34.89,46.62,34.892,53.124,34.89,58.17
34.88,46.62,34.882,53.114,34.88,58.15
34.87,46.61,34.872,53.102,34.87,58.14
34.86,46.60,34.862,53.085,34.86,58.13
34.85,46.59,34.852,53.074,34.85,58.12
34.84,46.57,34.842,53.063,34.84,58.11
34.83,46.56,34.832,53.053,34.83,58.09
34.82,46.55,34.822,53.040,34.82,58.08
34.81,46.54,34.812,53.031,34.81,58.07
34.8,46.53,34.802,53.015,34.80,58.06
34.79,46.52,34.792,53.001,34.79,58.04
34.78,46.51,34.782,52.989,34.78,58.04
34.77,46.49,34.773,52.979,34.77,58.02
34.76,46.48,34.763,52.967,34.76,58.01
34.75,46.47,34.753,52.953,34.75,57.99
34.74,46.46,34.743,52.941,34.74,57.99
34.73,46.45,34.733,52.931,34.73,57.97
34.72,46.44,34.723,52.919,34.72,57.96
34.71,46.43,34.713,52.903,34.71,57.95
34.7,46.42,34.703,52.890,34.70,57.94
34.69,46.41,34.693,52.876,34.69,57.93
34.68,46.39,34.683,52.866,34.68,57.92
34.67,46.38,34.673,52.852,34.67,57.90
34.66,46.37,34.664,52.836,34.66,57.89
34.65,46.35,34.654,52.824,34.65,57.88
34.64,46.35,34.644,52.810,34.64,57.87
34.63,46.33,34.634,52.799,34.63,57.86
34.62,46.32,34.624,52.784,34.62,57.85
34.61,46.31,34.614,52.774,34.61,57.83
34.6,46.30,34.604,52.761,34.60,57.83
34.59,46.29,34.594,52.748,34.59,57.81
34.58,46.28,34.584,52.737,34.58,57.80
34.57,46.27,34.574,52.727,34.57,57.79
34.56,46.26,34.564,52.714,34.56,57.78
34.55,46.25,34.554,52.701,34.55,57.77
34.55,46.24,34.545,52.685,34.55,57.75
34.54,46.23,34.535,52.674,34.54,57.74
34.53,46.22,34.525,52.658,34.53,57.73
34.52,46.21,34.515,52.642,34.52,57.71
34.51,46.20,34.505,52.630,34.51,57.70
34.5,46.18,34.495,52.617,34.50,57.69
34.49,46.17,34.485,52.605,34.49,57.68
34.48,46.16,34.475,52.592,34.48,57.67
34.47,46.14,34.465,52.579,34.47,57.65
34.46,46.13,34.455,52.568,34.46,57.64
34.45,46.12,34.445,52.557,34.45,57.63
34.44,46.11,34.436,52.542,34.44,57.61
34.43,46.10,34.426,52.533,34.43,57.60
34.42,46.09,34.416,52.521,34.42,57.60
34.41,46.08,34.406,52.511,34.41,57.59
34.4,46.07,34.396,52.500,34.40,57.58
34.39,46.06,34.386,52.486,34.39,57.56
34.38,46.05,34.376,52.471,34.38,57.55
34.37,46.04,34.366,52.462,34.37,57.54
34.36,46.03,34.356,52.451,34.36,57.53
34.35,46.01,34.346,52.435,34.35,57.52
34.34,46.00,34.336,52.426,34.34,57.51
34.33,45.99,34.326,52.416,34.33,57.50
34.32,45.98,34.317,52.403,34.32,57.48
34.31,45.97,34.307,52.392,34.31,57.47
34.3,45.96,34.297,52.381,34.30,57.46
34.29,45.94,34.287,52.370,34.29,57.45
34.28,45.93,34.277,52.355,34.28,57.44
34.27,45.92,34.267,52.344,34.27,57.43
34.26,45.91,34.257,52.335,34.26,57.42
34.25,45.90,34.247,52.322,34.25,57.40
34.24,45.89,34.237,52.310,34.24,57.39
34.23,45.87,34.227,52.297,34.23,57.38
34.22,45.86,34.217,52.282,34.22,57.37
34.21,45.85,34.208,52.272,34.21,57.36
34.2,45.84,34.198,52.261,34.20,57.35
34.19,45.83,34.188,52.250,34.19,57.33
34.18,45.81,34.178,52.236,34.18,57.32
34.17,45.81,34.168,52.224,34.17,57.31
34.16,45.80,34.158,52.210,34.16,57.30
34.15,45.78,34.148,52.197,34.15,57.28
34.14,45.78,34.138,52.185,34.14,57.27
34.13,45.76,34.128,52.167,34.13,57.26
34.12,45.76,34.118,52.153,34.12,57.25
34.11,45.75,34.108,52.138,34.11,57.24
34.1,45.73,34.098,52.126,34.10,57.22
34.09,45.72,34.089,52.113,34.09,57.21
34.08,45.71,34.079,52.099,34.08,57.20
34.07,45.70,34.069,52.088,34.07,57.19
34.06,45.68,34.059,52.075,34.06,57.18
34.05,45.67,34.049,52.065,34.05,57.17
34.04,45.66,34.039,52.052,34.04,57.15
34.03,45.65,34.029,52.037,34.03,57.14
34.02,45.64,34.019,52.025,34.02,57.13
34.01,45.62,34.009,52.013,34.01,57.12
34,45.61,33.999,52.002,34.00,57.11
33.99,45.60,33.989,51.992,33.99,57.10
33.98,45.59,33.980,51.979,33.98,57.09
33.97,45.58,33.970,51.965,33.97,57.08
33.96,45.57,33.960,51.951,33.96,57.07
33.95,45.56,33.950,51.942,33.95,57.06
33.94,45.54,33.940,51.928,33.94,57.04
33.93,45.53,33.930,51.917,33.93,57.03
33.92,45.52,33.920,51.901,33.92,57.02
33.91,45.51,33.910,51.891,33.91,57.01
33.9,45.50,33.900,51.881,33.90,56.99
33.89,45.48,33.890,51.870,33.89,56.98
33.88,45.47,33.880,51.858,33.88,56.96
33.87,45.46,33.870,51.848,33.87,56.95
33.86,45.45,33.861,51.831,33.86,56.94
33.85,45.44,33.851,51.819,33.85,56.93
33.84,45.43,33.841,51.808,33.84,56.92
33.83,45.42,33.831,51.798,33.83,56.90
33.82,45.41,33.821,51.788,33.82,56.89
33.81,45.40,33.811,51.773,33.81,56.88
33.8,45.38,33.801,51.762,33.80,56.87
33.79,45.37,33.791,51.749,33.79,56.85
33.78,45.36,33.781,51.734,33.78,56.84
33.77,45.35,33.771,51.723,33.77,56.83
33.76,45.34,33.761,51.711,33.76,56.82
33.75,45.33,33.752,51.698,33.75,56.80
33.74,45.32,33.742,51.684,33.74,56.79
33.73,45.31,33.732,51.674,33.73,56.78
33.72,45.30,33.722,51.665,33.72,56.77
33.71,45.29,33.712,51.654,33.71,56.76
33.7,45.27,33.702,51.642,33.70,56.74
33.69,45.26,33.692,51.631,33.69,56.73
33.68,45.25,33.682,51.621,33.68,56.72
33.67,45.24,33.672,51.607,33.67,56.70
33.66,45.23,33.662,51.591,33.66,56.69
33.65,45.22,33.652,51.577,33.65,56.68
33.64,45.21,33.642,51.567,33.64,56.67
33.63,45.19,33.633,51.551,33.63,56.65
33.62,45.18,33.623,51.536,33.62,56.64
33.61,45.17,33.613,51.524,33.61,56.63
33.6,45.16,33.603,51.512,33.60,56.62
33.59,45.14,33.593,51.502,33.59,56.61
33.58,45.13,33.583,51.492,33.58,56.60
33.57,45.12,33.573,51.480,33.57,56.58
33.56,45.11,33.563,51.465,33.56,56.57
33.55,45.10,33.553,51.449,33.55,56.56
33.54,45.09,33.543,51.438,33.54,56.55
33.53,45.08,33.533,51.429,33.53,56.54
33.52,45.07,33.524,51.418,33.52,56.53
33.51,45.06,33.514,51.403,33.51,56.51
33.5,45.05,33.504,51.390,33.50,56.50
33.49,45.04,33.494,51.379,33.49,56.49
33.48,45.02,33.484,51.366,33.48,56.48
33.47,45.01,33.474,51.351,33.47,56.47
33.46,45.00,33.464,51.339,33.46,56.46
33.45,44.99,33.454,51.330,33.45,56.44
33.44,44.98,33.444,51.321,33.44,56.44
33.43,44.97,33.434,51.312,33.43,56.42
33.42,44.95,33.424,51.295,33.42,56.41
33.41,44.94,33.414,51.281,33.41,56.39
33.41,44.93,33.405,51.267,33.41,56.38
33.4,44.91,33.395,51.256,33.40,56.37
33.39,44.90,33.385,51.244,33.39,56.36
33.38,44.89,33.375,51.229,33.38,56.35
33.37,44.88,33.365,51.216,33.37,56.34
33.36,44.87,33.355,51.205,33.36,56.32
33.35,44.86,33.345,51.191,33.35,56.31
33.34,44.85,33.335,51.177,33.34,56.30
33.33,44.83,33.325,51.162,33.33,56.29
33.32,44.82,33.315,51.148,33.32,56.28
33.31,44.81,33.305,51.136,33.31,56.27
33.3,44.80,33.296,51.124,33.30,56.25
33.29,44.79,33.286,51.114,33.29,56.24
33.28,44.77,33.276,51.101,33.28,56.23
33.27,44.77,33.266,51.090,33.27,56.22
33.26,44.75,33.256,51.080,33.26,56.21
33.25,44.74,33.246,51.067,33.25,56.20
33.24,44.73,33.236,51.057,33.24,56.19
33.23,44.72,33.226,51.047,33.23,56.18
33.22,44.70,33.216,51.035,33.22,56.16
33.21,44.69,33.206,51.019,33.21,56.16
33.2,44.67,33.196,51.010,33.20,56.14
33.19,44.66,33.186,50.998,33.19,56.13
33.18,44.65,33.177,50.985,33.18,56.12
33.17,44.64,33.167,50.972,33.17,56.11
33.16,44.63,33.157,50.960,33.16,56.10
33.15,44.62,33.147,50.949,33.15,56.08
33.14,44.60,33.137,50.935,33.14,56.07
33.13,44.59,33.127,50.922,33.13,56.06
33.12,44.58,33.117,50.907,33.12,56.04
33.11,44.57,33.107,50.896,33.11,56.03
33.1,44.56,33.097,50.885,33.10,56.02
33.09,44.55,33.087,50.871,33.09,56.01
33.08,44.54,33.077,50.860,33.08,56.00
33.07,44.52,33.068,50.846,33.07,55.99
33.06,44.51,33.058,50.829,33.06,55.97
33.05,44.50,33.048,50.815,33.05,55.96
33.04,44.49,33.038,50.806,33.04,55.95
33.03,44.48,33.028,50.794,33.03,55.94
33.02,44.47,33.018,50.782,33.02,55.93
33.01,44.46,33.008,50.768,33.01,55.92
33,44.45,32.998,50.755,33.00,55.90
32.99,44.44,32.988,50.737,32.99,55.89
32.98,44.42,32.978,50.723,32.98,55.88
32.97,44.41,32.968,50.712,32.97,55.86
32.96,44.40,32.958,50.701,32.96,55.85
32.95,44.39,32.949,50.692,32.95,55.84
32.94,44.38,32.939,50.682,32.94,55.83
32.93,44.37,32.929,50.668,32.93,55.83
32.92,44.36,32.919,50.655,32.92,55.81
32.91,44.35,32.909,50.640,32.91,55.80
32.9,44.34,32.899,50.627,32.90,55.78
32.89,44.33,32.889,50.613,32.89,55.77
32.88,44.31,32.879,50.599,32.88,55.75
32.87,44.30,32.869,50.586,32.87,55.74
32.86,44.29,32.859,50.576,32.86,55.73
32.85,44.27,32.849,50.564,32.85,55.72
32.84,44.26,32.840,50.552,32.84,55.71
32.83,44.25,32.830,50.539,32.83,55.70
32.82,44.23,32.820,50.527,32.82,55.69
32.81,44.22,32.810,50.514,32.81,55.68
32.8,44.21,32.800,50.502,32.80,55.66
32.79,44.20,32.790,50.483,32.79,55.65
32.78,44.19,32.780,50.472,32.78,55.64
32.77,44.18,32.770,50.459,32.77,55.63
32.76,44.17,32.760,50.446,32.76,55.61
32.75,44.15,32.750,50.433,32.75,55.60
32.74,44.14,32.740,50.421,32.74,55.59
32.73,44.13,32.730,50.410,32.73,55.58
32.72,44.12,32.721,50.397,32.72,55.57
32.71,44.11,32.711,50.389,32.71,55.55
32.7,44.09,32.701,50.377,32.70,55.54
32.69,44.08,32.691,50.361,32.69,55.53
32.68,44.07,32.681,50.345,32.68,55.52
32.67,44.05,32.671,50.333,32.67,55.50
32.66,44.04,32.661,50.319,32.66,55.49
32.65,44.03,32.651,50.306,32.65,55.48
32.64,44.02,32.641,50.292,32.64,55.47
32.63,44.01,32.631,50.283,32.63,55.46
32.62,43.99,32.621,50.272,32.62,55.44
32.61,43.98,32.612,50.258,32.61,55.43
32.6,43.97,32.602,50.248,32.60,55.42
32.59,43.96,32.592,50.232,32.59,55.41
32.58,43.95,32.582,50.215,32.58,55.40
32.57,43.94,32.572,50.202,32.57,55.38
32.56,43.93,32.562,50.190,32.56,55.37
32.55,43.91,32.552,50.179,32.55,55.36
32.54,43.90,32.542,50.166,32.54,55.35
32.53,43.89,32.532,50.154,32.53,55.34
32.52,43.87,32.522,50.144,32.52,55.33
32.51,43.86,32.512,50.132,32.51,55.31
32.5,43.85,32.502,50.121,32.50,55.30
32.49,43.83,32.493,50.107,32.49,55.29
32.48,43.82,32.483,50.094,32.48,55.27
32.47,43.81,32.473,50.082,32.47,55.26
32.46,43.80,32.463,50.072,32.46,55.25
32.45,43.79,32.453,50.058,32.45,55.24
32.44,43.78,32.443,50.043,32.44,55.23
32.43,43.77,32.433,50.031,32.43,55.22
32.42,43.75,32.423,50.018,32.42,55.21
32.41,43.74,32.413,50.008,32.41,55.20
32.4,43.73,32.403,49.996,32.40,55.19
32.39,43.72,32.393,49.986,32.39,55.17
32.38,43.71,32.384,49.973,32.38,55.16
32.37,43.70,32.374,49.958,32.37,55.15
32.36,43.68,32.364,49.942,32.36,55.14
32.35,43.67,32.354,49.931,32.35,55.13
32.34,43.66,32.344,49.922,32.34,55.11
32.33,43.64,32.334,49.908,32.33,55.10
32.32,43.63,32.324,49.897,32.32,55.09
32.31,43.62,32.314,49.882,32.31,55.08
32.3,43.61,32.304,49.870,32.30,55.07
32.29,43.60,32.294,49.856,32.29,55.05
32.28,43.59,32.284,49.843,32.28,55.04
32.27,43.58,32.274,49.831,32.27,55.03
32.27,43.57,32.265,49.820,32.27,55.02
32.26,43.55,32.255,49.807,32.26,55.01
32.25,43.54,32.245,49.799,32.25,54.99
32.24,43.53,32.235,49.785,32.24,54.98
32.23,43.52,32.225,49.772,32.23,54.97
32.22,43.51,32.215,49.759,32.22,54.96
32.21,43.50,32.205,49.747,32.21,54.95
32.2,43.49,32.195,49.738,32.20,54.94
32.19,43.47,32.185,49.728,32.19,54.93
32.18,43.46,32.175,49.711,32.18,54.91
32.17,43.45,32.165,49.698,32.17,54.90
32.16,43.44,32.156,49.688,32.16,54.89
32.15,43.43,32.146,49.677,32.15,54.88
32.14,43.41,32.136,49.664,32.14,54.87
32.13,43.40,32.126,49.650,32.13,54.86
32.12,43.39,32.116,49.635,32.12,54.84
32.11,43.38,32.106,49.622,32.11,54.83
32.1,43.36,32.096,49.607,32.10,54.82
32.09,43.35,32.086,49.593,32.09,54.81
32.08,43.34,32.076,49.576,32.08,54.80
32.07,43.33,32.066,49.563,32.07,54.79
32.06,43.32,32.056,49.550,32.06,54.77
32.05,43.30,32.046,49.536,32.05,54.76
32.04,43.29,32.037,49.526,32.04,54.75
32.03,43.28,32.027,49.514,32.03,54.73
32.02,43.27,32.017,49.502,32.02,54.72
32.01,43.26,32.007,49.488,32.01,54.71
32,43.25,31.997,49.474,32.00,54.70
31.99,43.22,31.987,49.461,31.99,54.69
31.98,43.21,31.977,49.446,31.98,54.67
31.97,43.20,31.967,49.436,31.97,54.66
31.96,43.19,31.957,49.424,31.96,54.65
31.95,43.17,31.947,49.412,31.95,54.64
31.94,43.16,31.937,49.400,31.94,54.63
31.93,43.15,31.928,49.388,31.93,54.62
31.92,43.14,31.918,49.372,31.92,54.61
31.91,43.12,31.908,49.351,31.91,54.60
31.9,43.10,31.898,49.339,31.90,54.58
31.89,43.09,31.888,49.319,31.89,54.57
31.88,43.07,31.878,49.309,31.88,54.56
31.87,43.06,31.868,49.294,31.87,54.55
31.86,43.05,31.858,49.280,31.86,54.54
31.85,43.03,31.848,49.263,31.85,54.53
31.84,43.02,31.838,49.250,31.84,54.52
31.83,43.01,31.828,49.239,31.83,54.50
31.82,42.99,31.818,49.226,31.82,54.49
31.81,42.98,31.809,49.214,31.81,54.48
31.8,42.97,31.799,49.195,31.80,54.47
31.79,42.96,31.789,49.178,31.79,54.46
31.78,42.95,31.779,49.165,31.78,54.45
31.77,42.94,31.769,49.151,31.77,54.44
31.76,42.92,31.759,49.136,31.76,54.43
31.75,42.91,31.749,49.122,31.75,54.41
31.74,42.90,31.739,49.109,31.74,54.40
31.73,42.88,31.729,49.097,31.73,54.38
31.72,42.88,31.719,49.084,31.72,54.37
31.71,42.86,31.709,49.073,31.71,54.36
31.7,42.86,31.700,49.056,31.70,54.35
31.69,42.84,31.690,49.042,31.69,54.34
31.68,42.83,31.680,49.029,31.68,54.32
31.67,42.82,31.670,49.017,31.67,54.31
31.66,42.80,31.660,49.002,31.66,54.30
31.65,42.79,31.650,48.989,31.65,54.29
31.64,42.78,31.640,48.972,31.64,54.27
31.63,42.77,31.630,48.959,31.63,54.26
31.62,42.75,31.620,48.947,31.62,54.25
31.61,42.74,31.610,48.931,31.61,54.24
31.6,42.73,31.600,48.915,31.60,54.23
31.59,42.71,31.590,48.902,31.59,54.22
31.58,42.70,31.581,48.886,31.58,54.21
31.57,42.69,31.571,48.874,31.57,54.19
31.56,42.68,31.561,48.860,31.56,54.18
31.55,42.67,31.551,48.848,31.55,54.17
31.54,42.66,31.541,48.836,31.54,54.16
31.53,42.65,31.531,48.822,31.53,54.15
31.52,42.63,31.521,48.812,31.52,54.14
31.51,42.62,31.511,48.800,31.51,54.13
31.5,42.61,31.501,48.785,31.50,54.11
31.49,42.59,31.491,48.769,31.49,54.10
31.48,42.58,31.481,48.756,31.48,54.09
31.47,42.57,31.472,48.744,31.47,54.08
31.46,42.56,31.462,48.730,31.46,54.07
31.45,42.55,31.452,48.715,31.45,54.05
31.44,42.54,31.442,48.703,31.44,54.04
31.43,42.52,31.432,48.689,31.43,54.03
31.42,42.51,31.422,48.679,31.42,54.02
31.41,42.50,31.412,48.663,31.41,54.00
31.4,42.49,31.402,48.650,31.40,53.99
31.39,42.48,31.392,48.638,31.39,53.98
31.38,42.47,31.382,48.625,31.38,53.97
31.37,42.45,31.372,48.612,31.37,53.96
31.36,42.44,31.362,48.602,31.36,53.94
31.35,42.43,31.353,48.590,31.35,53.93
31.34,42.42,31.343,48.577,31.34,53.92
31.33,42.40,31.333,48.563,31.33,53.91
31.32,42.39,31.323,48.550,31.32,53.90
31.31,42.38,31.313,48.537,31.31,53.89
31.3,42.37,31.303,48.524,31.30,53.87
31.29,42.35,31.293,48.513,31.29,53.86
31.28,42.34,31.283,48.501,31.28,53.85
31.27,42.33,31.273,48.486,31.27,53.84
31.26,42.31,31.263,48.472,31.26,53.83
31.25,42.30,31.253,48.461,31.25,53.82
31.24,42.28,31.244,48.450,31.24,53.81
31.23,42.27,31.234,48.436,31.23,53.80
31.22,42.26,31.224,48.421,31.22,53.79
31.21,42.25,31.214,48.407,31.21,53.77
31.2,42.24,31.204,48.393,31.20,53.76
31.19,42.23,31.194,48.379,31.19,53.75
31.18,42.21,31.184,48.366,31.18,53.74
31.17,42.19,31.174,48.350,31.17,53.72
31.16,42.17,31.164,48.336,31.16,53.71
31.15,42.16,31.154,48.322,31.15,53.70
31.14,42.15,31.144,48.310,31.14,53.69
31.13,42.14,31.134,48.296,31.13,53.68
31.13,42.13,31.125,48.284,31.13,53.66
31.12,42.12,31.115,48.267,31.12,53.66
31.11,42.10,31.105,48.255,31.11,53.64
31.1,42.09,31.095,48.239,31.10,53.63
31.09,42.08,31.085,48.224,31.09,53.62
31.08,42.07,31.075,48.214,31.08,53.61
31.07,42.05,31.065,48.198,31.07,53.60
31.06,42.04,31.055,48.188,31.06,53.59
31.05,42.03,31.045,48.174,31.05,53.57
31.04,42.01,31.035,48.163,31.04,53.56
31.03,42.00,31.025,48.141,31.03,53.55
31.02,41.98,31.016,48.126,31.02,53.53
31.01,41.97,31.006,48.109,31.01,53.52
31,41.96,30.996,48.098,31.00,53.51
30.99,41.94,30.986,48.083,30.99,53.50
30.98,41.93,30.976,48.071,30.98,53.49
30.97,41.92,30.966,48.057,30.97,53.48
30.96,41.91,30.956,48.044,30.96,53.47
30.95,41.90,30.946,48.033,30.95,53.46
30.94,41.89,30.936,48.022,30.94,53.45
30.93,41.87,30.926,48.009,30.93,53.44
30.92,41.86,30.916,47.998,30.92,53.42
30.91,41.85,30.906,47.984,30.91,53.41
30.9,41.84,30.897,47.970,30.90,53.40
30.89,41.82,30.887,47.955,30.89,53.39
30.88,41.81,30.877,47.942,30.88,53.37
30.87,41.80,30.867,47.930,30.87,53.36
30.86,41.79,30.857,47.919,30.86,53.35
30.85,41.78,30.847,47.903,30.85,53.34
30.84,41.77,30.837,47.888,30.84,53.33
30.83,41.75,30.827,47.872,30.83,53.32
30.82,41.74,30.817,47.860,30.82,53.30
30.81,41.73,30.807,47.847,30.81,53.29
30.8,41.72,30.797,47.834,30.80,53.28
30.79,41.71,30.788,47.819,30.79,53.26
30.78,41.70,30.778,47.804,30.78,53.26
30.77,41.68,30.768,47.792,30.77,53.24
30.76,41.65,30.758,47.780,30.76,53.23
30.75,41.64,30.748,47.766,30.75,53.22
30.74,41.63,30.738,47.747,30.74,53.21
30.73,41.62,30.728,47.727,30.73,53.20
30.72,41.61,30.718,47.716,30.72,53.19
30.71,41.59,30.708,47.700,30.71,53.17
30.7,41.58,30.698,47.687,30.70,53.16
30.69,41.56,30.688,47.672,30.69,53.15
30.68,41.55,30.678,47.661,30.68,53.14
30.67,41.53,30.669,47.648,30.67,53.13
30.66,41.52,30.659,47.634,30.66,53.12
30.65,41.51,30.649,47.619,30.65,53.11
30.64,41.49,30.639,47.606,30.64,53.10
30.63,41.48,30.629,47.594,30.63,53.09
30.62,41.47,30.619,47.578,30.62,53.08
30.61,41.45,30.609,47.565,30.61,53.06
30.6,41.44,30.599,47.550,30.60,53.05
30.59,41.43,30.589,47.535,30.59,53.04
30.58,41.42,30.579,47.521,30.58,53.03
30.57,41.40,30.569,47.508,30.57,53.01
30.56,41.39,30.560,47.494,30.56,53.00
30.55,41.38,30.550,47.483,30.55,52.99
30.54,41.37,30.540,47.469,30.54,52.98
30.53,41.36,30.530,47.454,30.53,52.97
30.52,41.35,30.520,47.437,30.52,52.96
30.51,41.33,30.510,47.420,30.51,52.95
30.5,41.32,30.500,47.409,30.50,52.93
30.49,41.31,30.490,47.394,30.49,52.92
30.48,41.29,30.480,47.382,30.48,52.91
30.47,41.29,30.470,47.366,30.47,52.90
30.46,41.27,30.460,47.353,30.46,52.89
30.45,41.26,30.450,47.340,30.45,52.87
30.44,41.25,30.441,47.321,30.44,52.86
30.43,41.24,30.431,47.308,30.43,52.85
30.42,41.23,30.421,47.294,30.42,52.83
30.41,41.22,30.411,47.283,30.41,52.82
30.4,41.21,30.401,47.271,30.40,52.81
30.39,41.19,30.391,47.258,30.39,52.80
30.38,41.18,30.381,47.247,30.38,52.79
30.37,41.17,30.371,47.231,30.37,52.78
30.36,41.16,30.361,47.218,30.36,52.76
30.35,41.15,30.351,47.202,30.35,52.75
30.34,41.13,30.341,47.188,30.34,52.74
30.33,41.12,30.332,47.173,30.33,52.73
30.32,41.11,30.322,47.153,30.32,52.71
30.31,41.10,30.312,47.139,30.31,52.70
30.3,41.08,30.302,47.120,30.30,52.69
30.29,41.07,30.292,47.107,30.29,52.67
30.28,41.05,30.282,47.094,30.28,52.66
30.27,41.04,30.272,47.082,30.27,52.65
30.26,41.03,30.262,47.064,30.26,52.63
30.25,41.02,30.252,47.049,30.25,52.62
30.24,41.00,30.242,47.025,30.24,52.61
30.23,40.99,30.232,47.011,30.23,52.60
30.22,40.98,30.222,46.998,30.22,52.59
30.21,40.97,30.213,46.986,30.21,52.57
30.2,40.96,30.203,46.971,30.20,52.56
30.19,40.95,30.193,46.960,30.19,52.55
30.18,40.93,30.183,46.945,30.18,52.54
30.17,40.92,30.173,46.933,30.17,52.53
30.16,40.91,30.163,46.919,30.16,52.52
30.15,40.89,30.153,46.905,30.15,52.50
30.14,40.88,30.143,46.888,30.14,52.49
30.13,40.87,30.133,46.877,30.13,52.48
30.12,40.84,30.123,46.862,30.12,52.46
30.11,40.83,30.113,46.846,30.11,52.45
30.1,40.82,30.104,46.829,30.10,52.44
30.09,40.81,30.094,46.818,30.09,52.43
30.08,40.79,30.084,46.802,30.08,52.42
30.07,40.78,30.074,46.786,30.07,52.41
30.06,40.77,30.064,46.774,30.06,52.40
30.05,40.75,30.054,46.762,30.05,52.39
30.04,40.74,30.044,46.747,30.04,52.37
30.03,40.72,30.034,46.737,30.03,52.36
30.02,40.71,30.024,46.724,30.02,52.34
30.01,40.70,30.014,46.707,30.01,52.33
30,40.69,30.004,46.693,30.00,52.32
29.99,40.68,29.994,46.675,29.99,52.30
29.99,40.67,29.985,46.659,29.99,52.29
29.98,40.65,29.975,46.642,29.98,52.28
29.97,40.64,29.965,46.632,29.97,52.27
29.96,40.62,29.955,46.618,29.96,52.26
29.95,40.61,29.945,46.603,29.95,52.25
29.94,40.60,29.935,46.589,29.94,52.23
29.93,40.59,29.925,46.576,29.93,52.22
29.92,40.57,29.915,46.563,29.92,52.21
29.91,40.56,29.905,46.549,29.91,52.20
29.9,40.55,29.895,46.535,29.90,52.18
29.89,40.54,29.885,46.521,29.89,52.17
29.88,40.52,29.876,46.505,29.88,52.16
29.87,40.51,29.866,46.492,29.87,52.14
29.86,40.50,29.856,46.478,29.86,52.13
29.85,40.49,29.846,46.466,29.85,52.12
29.84,40.46,29.836,46.451,29.84,52.11
29.83,40.45,29.826,46.432,29.83,52.10
29.82,40.44,29.816,46.421,29.82,52.08
29.81,40.42,29.806,46.405,29.81,52.07
29.8,40.41,29.796,46.394,29.80,52.06
29.79,40.40,29.786,46.375,29.79,52.05
29.78,40.39,29.776,46.361,29.78,52.04
29.77,40.38,29.766,46.349,29.77,52.03
29.76,40.36,29.757,46.334,29.76,52.02
29.75,40.35,29.747,46.316,29.75,52.01
29.74,40.34,29.737,46.303,29.74,52.00
29.73,40.32,29.727,46.284,29.73,51.99
29.72,40.31,29.717,46.272,29.72,51.97
29.71,40.30,29.707,46.255,29.71,51.96
29.7,40.29,29.697,46.239,29.70,51.95
29.69,40.27,29.687,46.225,29.69,51.93
29.68,40.26,29.677,46.211,29.68,51.92
29.67,40.25,29.667,46.197,29.67,51.91
29.66,40.24,29.657,46.186,29.66,51.90
29.65,40.22,29.648,46.174,29.65,51.89
29.64,40.21,29.638,46.159,29.64,51.87
29.63,40.20,29.628,46.144,29.63,51.86
29.62,40.19,29.618,46.129,29.62,51.84
29.61,40.17,29.608,46.118,29.61,51.83
29.6,40.16,29.598,46.099,29.60,51.82
29.59,40.14,29.588,46.086,29.59,51.81
29.58,40.13,29.578,46.073,29.58,51.79
29.57,40.12,29.568,46.061,29.57,51.78
29.56,40.11,29.558,46.046,29.56,51.77
29.55,40.09,29.548,46.031,29.55,51.76
29.54,40.08,29.538,46.017,29.54,51.75
29.53,40.06,29.529,46.004,29.53,51.74
29.52,40.05,29.519,45.992,29.52,51.73
29.51,40.03,29.509,45.976,29.51,51.71
29.5,40.02,29.499,45.963,29.50,51.71
29.49,40.01,29.489,45.947,29.49,51.70
29.48,39.99,29.479,45.932,29.48,51.68
29.47,39.98,29.469,45.916,29.47,51.68
29.46,39.97,29.459,45.901,29.46,51.67
29.45,39.95,29.449,45.887,29.45,51.65
29.44,39.94,29.439,45.875,29.44,51.64
29.43,39.93,29.429,45.859,29.43,51.63
29.42,39.91,29.420,45.844,29.42,51.61
29.41,39.90,29.410,45.825,29.41,51.60
29.4,39.89,29.400,45.813,29.40,51.59
29.39,39.88,29.390,45.799,29.39,51.58
29.38,39.86,29.380,45.784,29.38,51.57
29.37,39.85,29.370,45.773,29.37,51.56
29.36,39.84,29.360,45.751,29.36,51.55
29.35,39.82,29.350,45.739,29.35,51.53
29.34,39.81,29.340,45.721,29.34,51.52
29.33,39.80,29.330,45.709,29.33,51.51
29.32,39.79,29.320,45.696,29.32,51.50
29.31,39.77,29.310,45.683,29.31,51.49
29.3,39.76,29.301,45.666,29.30,51.48
29.29,39.75,29.291,45.651,29.29,51.46
29.28,39.74,29.281,45.639,29.28,51.45
29.27,39.72,29.271,45.626,29.27,51.44
29.26,39.71,29.261,45.607,29.26,51.42
29.25,39.70,29.251,45.591,29.25,51.41
29.24,39.68,29.241,45.577,29.24,51.40
29.23,39.67,29.231,45.564,29.23,51.39
29.22,39.66,29.221,45.550,29.22,51.37
29.21,39.64,29.211,45.535,29.21,51.36
29.2,39.63,29.201,45.521,29.20,51.36
29.19,39.62,29.192,45.509,29.19,51.35
29.18,39.61,29.182,45.496,29.18,51.33
29.17,39.60,29.172,45.479,29.17,51.32
29.16,39.58,29.162,45.465,29.16,51.31
29.15,39.56,29.152,45.452,29.15,51.30
29.14,39.55,29.142,45.439,29.14,51.29
29.13,39.54,29.132,45.424,29.13,51.27
29.12,39.52,29.122,45.404,29.12,51.26
29.11,39.51,29.112,45.389,29.11,51.25
29.1,39.50,29.102,45.374,29.10,51.24
29.09,39.49,29.092,45.353,29.09,51.22
29.08,39.47,29.083,45.338,29.08,51.21
29.07,39.46,29.073,45.311,29.07,51.20
29.06,39.44,29.063,45.295,29.06,51.19
29.05,39.43,29.053,45.280,29.05,51.17
29.04,39.42,29.043,45.266,29.04,51.16
29.03,39.41,29.033,45.255,29.03,51.15
29.02,39.40,29.023,45.241,29.02,51.14
29.01,39.38,29.013,45.227,29.01,51.12
29,39.37,29.003,45.216,29.00,51.11
28.99,39.36,28.993,45.201,28.99,51.09
28.98,39.34,28.983,45.185,28.98,51.08
28.97,39.33,28.973,45.170,28.97,51.07
28.96,39.32,28.964,45.160,28.96,51.06
28.95,39.30,28.954,45.142,28.95,51.04
28.94,39.29,28.944,45.125,28.94,51.03
28.93,39.28,28.934,45.108,28.93,51.01
28.92,39.27,28.924,45.096,28.92,51.00
28.91,39.25,28.914,45.082,28.91,50.99
28.9,39.24,28.904,45.070,28.90,50.98
28.89,39.23,28.894,45.059,28.89,50.96
28.88,39.22,28.884,45.045,28.88,50.95
28.87,39.20,28.874,45.033,28.87,50.94
28.86,39.19,28.864,45.019,28.86,50.93
28.86,39.17,28.855,45.003,28.86,50.91
28.85,39.16,28.845,44.990,28.85,50.90
28.84,39.15,28.835,44.976,28.84,50.89
28.83,39.14,28.825,44.961,28.83,50.88
28.82,39.12,28.815,44.944,28.82,50.87
28.81,39.11,28.805,44.929,28.81,50.86
28.8,39.09,28.795,44.913,28.80,50.84
28.79,39.08,28.785,44.900,28.79,50.83
28.78,39.07,28.775,44.884,28.78,50.82
28.77,39.06,28.765,44.869,28.77,50.81
28.76,39.04,28.755,44.856,28.76,50.80
28.75,39.03,28.745,44.839,28.75,50.79
28.74,39.01,28.736,44.823,28.74,50.78
28.73,39.00,28.726,44.810,28.73,50.77
28.72,38.99,28.716,44.796,28.72,50.75
28.71,38.97,28.706,44.778,28.71,50.74
28.7,38.96,28.696,44.766,28.70,50.73
28.69,38.95,28.686,44.746,28.69,50.71
28.68,38.93,28.676,44.733,28.68,50.70
28.67,38.92,28.666,44.722,28.67,50.69
28.66,38.90,28.656,44.709,28.66,50.68
28.65,38.89,28.646,44.695,28.65,50.67
28.64,38.88,28.636,44.680,28.64,50.65
28.63,38.87,28.627,44.670,28.63,50.64
28.62,38.85,28.617,44.652,28.62,50.63
28.61,38.84,28.607,44.638,28.61,50.62
28.6,38.83,28.597,44.619,28.60,50.61
28.59,38.81,28.587,44.605,28.59,50.59
28.58,38.80,28.577,44.593,28.58,50.58
28.57,38.78,28.567,44.576,28.57,50.57
28.56,38.77,28.557,44.565,28.56,50.56
28.55,38.76,28.547,44.548,28.55,50.55
28.54,38.75,28.537,44.535,28.54,50.54
28.53,38.73,28.527,44.522,28.53,50.52
28.52,38.72,28.517,44.509,28.52,50.51
28.51,38.71,28.508,44.497,28.51,50.50
28.5,38.70,28.498,44.485,28.50,50.49
28.49,38.69,28.488,44.473,28.49,50.48
28.48,38.67,28.478,44.454,28.48,50.46
28.47,38.66,28.468,44.440,28.47,50.45
28.46,38.65,28.458,44.426,28.46,50.44
28.45,38.64,28.448,44.409,28.45,50.43
28.44,38.62,28.438,44.393,28.44,50.41
28.43,38.61,28.428,44.380,28.43,50.40
28.42,38.60,28.418,44.367,28.42,50.39
28.41,38.58,28.408,44.353,28.41,50.38
28.4,38.57,28.399,44.341,28.40,50.37
28.39,38.55,28.389,44.328,28.39,50.36
28.38,38.54,28.379,44.313,28.38,50.35
28.37,38.52,28.369,44.297,28.37,50.34
28.36,38.51,28.359,44.282,28.36,50.32
28.35,38.50,28.349,44.267,28.35,50.31
28.34,38.49,28.339,44.254,28.34,50.30
28.33,38.47,28.329,44.240,28.33,50.28
28.32,38.45,28.319,44.228,28.32,50.27
28.31,38.44,28.309,44.212,28.31,50.26
28.3,38.42,28.299,44.196,28.30,50.25
28.29,38.41,28.289,44.184,28.29,50.24
28.28,38.40,28.280,44.170,28.28,50.22
28.27,38.38,28.270,44.157,28.27,50.21
28.26,38.37,28.260,44.134,28.26,50.20
28.25,38.35,28.250,44.121,28.25,50.18
28.24,38.34,28.240,44.109,28.24,50.18
28.23,38.32,28.230,44.097,28.23,50.16
28.22,38.31,28.220,44.084,28.22,50.15
28.21,38.30,28.210,44.070,28.21,50.14
28.2,38.28,28.200,44.055,28.20,50.13
28.19,38.27,28.190,44.039,28.19,50.12
28.18,38.26,28.180,44.028,28.18,50.10
28.17,38.24,28.171,44.015,28.17,50.09
28.16,38.23,28.161,44.002,28.16,50.08
28.15,38.22,28.151,43.985,28.15,50.07
28.14,38.21,28.141,43.970,28.14,50.06
28.13,38.19,28.131,43.957,28.13,50.05
28.12,38.18,28.121,43.942,28.12,50.04
28.11,38.17,28.111,43.927,28.11,50.02
28.1,38.16,28.101,43.911,28.10,50.01
28.09,38.14,28.091,43.898,28.09,50.00
28.08,38.13,28.081,43.886,28.08,49.99
28.07,38.12,28.071,43.871,28.07,49.98
28.06,38.11,28.061,43.856,28.06,49.96
28.05,38.10,28.052,43.842,28.05,49.95
28.04,38.09,28.042,43.831,28.04,49.94
28.03,38.08,28.032,43.817,28.03,49.93
28.02,38.07,28.022,43.804,28.02,49.91
28.01,38.05,28.012,43.785,28.01,49.89
28,38.04,28.002,43.770,28.00,49.88
27.99,38.03,27.992,43.756,27.99,49.87
27.98,38.02,27.982,43.744,27.98,49.86
27.97,38.00,27.972,43.730,27.97,49.85
27.96,37.99,27.962,43.716,27.96,49.84
27.95,37.98,27.952,43.702,27.95,49.82
27.94,37.96,27.943,43.691,27.94,49.81
27.93,37.94,27.933,43.673,27.93,49.80
27.92,37.93,27.923,43.661,27.92,49.79
27.91,37.92,27.913,43.642,27.91,49.77
27.9,37.90,27.903,43.629,27.90,49.76
27.89,37.89,27.893,43.612,27.89,49.75
27.88,37.88,27.883,43.598,27.88,49.74
27.87,37.86,27.873,43.580,27.87,49.73
27.86,37.85,27.863,43.563,27.86,49.71
27.85,37.83,27.853,43.551,27.85,49.70
27.84,37.82,27.843,43.539,27.84,49.69
27.83,37.80,27.833,43.526,27.83,49.68
27.82,37.79,27.824,43.508,27.82,49.66
27.81,37.78,27.814,43.496,27.81,49.65
27.8,37.77,27.804,43.483,27.80,49.64
27.79,37.75,27.794,43.468,27.79,49.63
27.78,37.74,27.784,43.457,27.78,49.62
27.77,37.73,27.774,43.440,27.77,49.60
27.76,37.72,27.764,43.425,27.76,49.59
27.75,37.70,27.754,43.411,27.75,49.58
27.74,37.69,27.744,43.396,27.74,49.57
27.73,37.68,27.734,43.382,27.73,49.55
27.72,37.66,27.724,43.370,27.72,49.54
27.72,37.65,27.715,43.355,27.72,49.53
27.71,37.64,27.705,43.339,27.71,49.52
27.7,37.63,27.695,43.326,27.70,49.51
27.69,37.61,27.685,43.314,27.69,49.49
27.68,37.60,27.675,43.300,27.68,49.48
27.67,37.58,27.665,43.288,27.67,49.47
27.66,37.57,27.655,43.273,27.66,49.46
27.65,37.56,27.645,43.261,27.65,49.45
27.64,37.54,27.635,43.249,27.64,49.44
27.63,37.53,27.625,43.230,27.63,49.42
27.62,37.52,27.615,43.217,27.62,49.41
27.61,37.51,27.605,43.202,27.61,49.40
27.6,37.49,27.596,43.189,27.60,49.39
27.59,37.48,27.586,43.174,27.59,49.38
27.58,37.46,27.576,43.161,27.58,49.37
27.57,37.45,27.566,43.145,27.57,49.35
27.56,37.44,27.556,43.131,27.56,49.34
27.55,37.42,27.546,43.117,27.55,49.33
27.54,37.41,27.536,43.104,27.54,49.31
27.53,37.39,27.526,43.089,27.53,49.30
27.52,37.38,27.516,43.074,27.52,49.29
27.51,37.36,27.506,43.060,27.51,49.28
27.5,37.35,27.496,43.044,27.50,49.26
27.49,37.33,27.487,43.027,27.49,49.25
27.48,37.32,27.477,43.011,27.48,49.24
27.47,37.30,27.467,42.998,27.47,49.23
27.46,37.29,27.457,42.985,27.46,49.22
27.45,37.27,27.447,42.969,27.45,49.21
27.44,37.26,27.437,42.955,27.44,49.19
27.43,37.25,27.427,42.937,27.43,49.18
27.42,37.23,27.417,42.924,27.42,49.17
27.41,37.22,27.407,42.909,27.41,49.16
27.4,37.21,27.397,42.898,27.40,49.14
27.39,37.19,27.387,42.886,27.39,49.13
27.38,37.18,27.377,42.871,27.38,49.12
27.37,37.14,27.368,42.856,27.37,49.11
27.36,37.13,27.358,42.841,27.36,49.10
27.35,37.11,27.348,42.826,27.35,49.09
27.34,37.10,27.338,42.813,27.34,49.08
27.33,37.09,27.328,42.799,27.33,49.06
27.32,37.06,27.318,42.787,27.32,49.05
27.31,37.05,27.308,42.772,27.31,49.03
27.3,37.03,27.298,42.759,27.30,49.02
27.29,37.02,27.288,42.748,27.29,49.01
27.28,37.00,27.278,42.734,27.28,48.99
27.27,36.99,27.268,42.719,27.27,48.98
27.26,36.97,27.259,42.703,27.26,48.97
27.25,36.96,27.249,42.688,27.25,48.95
27.24,36.94,27.239,42.672,27.24,48.94
27.23,36.93,27.229,42.660,27.23,48.93
27.22,36.92,27.219,42.644,27.22,48.92
27.21,36.90,27.209,42.630,27.21,48.91
27.2,36.89,27.199,42.613,27.20,48.90
27.19,36.88,27.189,42.599,27.19,48.89
27.18,36.86,27.179,42.586,27.18,48.87
27.17,36.85,27.169,42.574,27.17,48.86
27.16,36.83,27.159,42.557,27.16,48.85
27.15,36.81,27.149,42.540,27.15,48.84
27.14,36.80,27.140,42.525,27.14,48.83
27.13,36.79,27.130,42.511,27.13,48.81
27.12,36.77,27.120,42.495,27.12,48.80
27.11,36.75,27.110,42.482,27.11,48.79
27.1,36.74,27.100,42.465,27.10,48.78
27.09,36.73,27.090,42.452,27.09,48.77
27.08,36.72,27.080,42.441,27.08,48.76
27.07,36.70,27.070,42.427,27.07,48.75
27.06,36.69,27.060,42.411,27.06,48.73
27.05,36.67,27.050,42.397,27.05,48.72
27.04,36.66,27.040,42.380,27.04,48.71
27.03,36.65,27.031,42.361,27.03,48.70
27.02,36.63,27.021,42.347,27.02,48.68
27.01,36.62,27.011,42.329,27.01,48.67
27,36.60,27.001,42.314,27.00,48.66
26.99,36.59,26.991,42.301,26.99,48.65
26.98,36.57,26.981,42.287,26.98,48.64
26.97,36.56,26.971,42.274,26.97,48.63
26.96,36.54,26.961,42.260,26.96,48.62
26.95,36.52,26.951,42.247,26.95,48.60
26.94,36.51,26.941,42.235,26.94,48.59
26.93,36.50,26.931,42.221,26.93,48.58
26.92,36.48,26.921,42.209,26.92,48.57
26.91,36.46,26.912,42.195,26.91,48.55
26.9,36.45,26.902,42.178,26.90,48.55
26.89,36.44,26.892,42.164,26.89,48.53
26.88,36.42,26.882,42.151,26.88,48.52
26.87,36.41,26.872,42.134,26.87,48.51
26.86,36.40,26.862,42.121,26.86,48.49
26.85,36.39,26.852,42.109,26.85,48.48
26.84,36.37,26.842,42.096,26.84,48.47
26.83,36.36,26.832,42.083,26.83,48.46
26.82,36.35,26.822,42.067,26.82,48.45
26.81,36.33,26.812,42.052,26.81,48.44
26.8,36.32,26.803,42.033,26.80,48.43
26.79,36.30,26.793,42.020,26.79,48.42
26.78,36.29,26.783,42.005,26.78,48.41
26.77,36.28,26.773,41.990,26.77,48.39
26.76,36.26,26.763,41.976,26.76,48.38
26.75,36.24,26.753,41.961,26.75,48.37
26.74,36.23,26.743,41.949,26.74,48.36
26.73,36.21,26.733,41.934,26.73,48.35
26.72,36.20,26.723,41.922,26.72,48.33
26.71,36.19,26.713,41.907,26.71,48.32
26.7,36.17,26.703,41.890,26.70,48.31
26.69,36.15,26.693,41.876,26.69,48.30
26.68,36.14,26.684,41.862,26.68,48.29
26.67,36.12,26.674,41.848,26.67,48.27
26.66,36.11,26.664,41.831,26.66,48.26
26.65,36.09,26.654,41.816,26.65,48.25
26.64,36.08,26.644,41.803,26.64,48.24
26.63,36.07,26.634,41.792,26.63,48.22
26.62,36.05,26.624,41.776,26.62,48.20
26.61,36.04,26.614,41.760,26.61,48.19
26.6,36.02,26.604,41.746,26.60,48.18
26.59,36.01,26.594,41.734,26.59,48.17
26.58,36.00,26.584,41.718,26.58,48.16
26.58,35.98,26.575,41.704,26.58,48.14
26.57,35.97,26.565,41.689,26.57,48.13
26.56,35.96,26.555,41.676,26.56,48.12
26.55,35.94,26.545,41.659,26.55,48.10
26.54,35.92,26.535,41.646,26.54,48.09
26.53,35.91,26.525,41.634,26.53,48.08
26.52,35.89,26.515,41.620,26.52,48.07
26.51,35.88,26.505,41.606,26.51,48.05
26.5,35.87,26.495,41.593,26.50,48.04
26.49,35.85,26.485,41.575,26.49,48.02
26.48,35.83,26.475,41.562,26.48,48.01
26.47,35.82,26.465,41.547,26.47,48.00
26.46,35.80,26.456,41.532,26.46,47.99
26.45,35.78,26.446,41.520,26.45,47.97
26.44,35.77,26.436,41.506,26.44,47.95
26.43,35.76,26.426,41.491,26.43,47.94
26.42,35.74,26.416,41.472,26.42,47.93
26.41,35.73,26.406,41.453,26.41,47.92
26.4,35.71,26.396,41.436,26.40,47.91
26.39,35.69,26.386,41.419,26.39,47.89
26.38,35.68,26.376,41.404,26.38,47.88
26.37,35.67,26.366,41.388,26.37,47.87
26.36,35.65,26.356,41.375,26.36,47.86
26.35,35.64,26.347,41.359,26.35,47.85
26.34,35.63,26.337,41.348,26.34,47.84
26.33,35.61,26.327,41.334,26.33,47.83
26.32,35.60,26.317,41.318,26.32,47.81
26.31,35.59,26.307,41.304,26.31,47.80
26.3,35.57,26.297,41.292,26.30,47.79
26.29,35.56,26.287,41.278,26.29,47.78
26.28,35.54,26.277,41.263,26.28,47.77
26.27,35.53,26.267,41.248,26.27,47.75
26.26,35.52,26.257,41.231,26.26,47.74
26.25,35.50,26.247,41.217,26.25,47.73
26.24,35.49,26.237,41.201,26.24,47.72
26.23,35.47,26.228,41.180,26.23,47.71
26.22,35.46,26.218,41.165,26.22,47.69
26.21,35.44,26.208,41.150,26.21,47.68
26.2,35.42,26.198,41.134,26.20,47.67
26.19,35.41,26.188,41.119,26.19,47.66
26.18,35.39,26.178,41.106,26.18,47.65
26.17,35.37,26.168,41.092,26.17,47.63
26.16,35.36,26.158,41.077,26.16,47.62
26.15,35.34,26.148,41.060,26.15,47.61
26.14,35.33,26.138,41.047,26.14,47.59
26.13,35.31,26.128,41.032,26.13,47.59
26.12,35.29,26.119,41.021,26.12,47.57
26.11,35.28,26.109,41.007,26.11,47.56
26.1,35.27,26.099,40.994,26.10,47.55
26.09,35.25,26.089,40.979,26.09,47.53
26.08,35.24,26.079,40.963,26.08,47.52
26.07,35.23,26.069,40.952,26.07,47.51
26.06,35.22,26.059,40.940,26.06,47.50
26.05,35.19,26.049,40.924,26.05,47.49
26.04,35.18,26.039,40.912,26.04,47.48
26.03,35.17,26.029,40.900,26.03,47.46
26.02,35.15,26.019,40.888,26.02,47.45
26.01,35.14,26.009,40.875,26.01,47.44
26,35.12,26.000,40.859,26.00,47.43
25.99,35.11,25.990,40.846,25.99,47.41
25.98,35.09,25.980,40.832,25.98,47.40
25.97,35.08,25.970,40.815,25.97,47.39
25.96,35.06,25.960,40.802,25.96,47.38
25.95,35.05,25.950,40.788,25.95,47.37
25.94,35.04,25.940,40.773,25.94,47.36
25.93,35.02,25.930,40.758,25.93,47.35
25.92,35.01,25.920,40.744,25.92,47.34
25.91,34.99,25.910,40.732,25.91,47.33
25.9,34.98,25.900,40.712,25.90,47.32
25.89,34.97,25.891,40.699,25.89,47.31
25.88,34.95,25.881,40.685,25.88,47.29
25.87,34.94,25.871,40.670,25.87,47.28
25.86,34.92,25.861,40.654,25.86,47.27
25.85,34.91,25.851,40.638,25.85,47.26
25.84,34.90,25.841,40.624,25.84,47.24
25.83,34.89,25.831,40.610,25.83,47.23
25.82,34.87,25.821,40.593,25.82,47.22
25.81,34.86,25.811,40.577,25.81,47.21
25.8,34.84,25.801,40.562,25.80,47.20
25.79,34.82,25.791,40.549,25.79,47.19
25.78,34.81,25.781,40.531,25.78,47.18
25.77,34.79,25.772,40.516,25.77,47.16
25.76,34.78,25.762,40.501,25.76,47.15
25.75,34.77,25.752,40.488,25.75,47.14
25.74,34.75,25.742,40.472,25.74,47.13
25.73,34.74,25.732,40.459,25.73,47.12
25.72,34.73,25.722,40.444,25.72,47.11
25.71,34.71,25.712,40.428,25.71,47.09
25.7,34.70,25.702,40.415,25.70,47.08
25.69,34.68,25.692,40.403,25.69,47.07
25.68,34.66,25.682,40.390,25.68,47.06
25.67,34.65,25.672,40.375,25.67,47.05
25.66,34.63,25.663,40.359,25.66,47.03
25.65,34.62,25.653,40.346,25.65,47.02
25.64,34.61,25.643,40.332,25.64,47.01
25.63,34.59,25.633,40.316,25.63,47.00
25.62,34.58,25.623,40.303,25.62,46.99
25.61,34.56,25.613,40.287,25.61,46.97
25.6,34.55,25.603,40.267,25.60,46.96
25.59,34.53,25.593,40.255,25.59,46.95
25.58,34.51,25.583,40.240,25.58,46.93
25.57,34.50,25.573,40.223,25.57,46.92
25.56,34.48,25.563,40.209,25.56,46.90
25.55,34.47,25.553,40.193,25.55,46.89
25.54,34.45,25.544,40.174,25.54,46.88
25.53,34.43,25.534,40.159,25.53,46.87
25.52,34.42,25.524,40.144,25.52,46.86
25.51,34.40,25.514,40.130,25.51,46.85
25.5,34.38,25.504,40.116,25.50,46.84
25.49,34.37,25.494,40.098,25.49,46.82
25.48,34.35,25.484,40.083,25.48,46.81
25.47,34.34,25.474,40.070,25.47,46.80
25.46,34.32,25.464,40.054,25.46,46.78
25.45,34.31,25.454,40.040,25.45,46.77
25.44,34.30,25.444,40.024,25.44,46.76
25.44,34.28,25.435,40.010,25.44,46.74
25.43,34.27,25.425,39.996,25.43,46.73
25.42,34.26,25.415,39.980,25.42,46.72
25.41,34.24,25.405,39.966,25.41,46.71
25.4,34.23,25.395,39.950,25.40,46.70
25.39,34.21,25.385,39.935,25.39,46.68
25.38,34.20,25.375,39.918,25.38,46.67
25.37,34.18,25.365,39.901,25.37,46.66
25.36,34.17,25.355,39.888,25.36,46.64
25.35,34.15,25.345,39.872,25.35,46.63
25.34,34.14,25.335,39.855,25.34,46.62
25.33,34.12,25.325,39.838,25.33,46.61
25.32,34.11,25.316,39.825,25.32,46.60
25.31,34.09,25.306,39.813,25.31,46.59
25.3,34.08,25.296,39.798,25.30,46.57
25.29,34.07,25.286,39.786,25.29,46.56
25.28,34.05,25.276,39.773,25.28,46.55
25.27,34.03,25.266,39.759,25.27,46.54
25.26,34.02,25.256,39.741,25.26,46.52
25.25,34.01,25.246,39.725,25.25,46.51
25.24,33.99,25.236,39.705,25.24,46.50
25.23,33.98,25.226,39.692,25.23,46.48
25.22,33.97,25.216,39.679,25.22,46.47
25.21,33.96,25.207,39.659,25.21,46.46
25.2,33.94,25.197,39.645,25.20,46.44
25.19,33.92,25.187,39.630,25.19,46.43
25.18,33.91,25.177,39.614,25.18,46.42
25.17,33.89,25.167,39.597,25.17,46.40
25.16,33.88,25.157,39.583,25.16,46.39
25.15,33.87,25.147,39.568,25.15,46.38
25.14,33.85,25.137,39.549,25.14,46.37
25.13,33.83,25.127,39.533,25.13,46.36
25.12,33.82,25.117,39.518,25.12,46.35
25.11,33.80,25.107,39.503,25.11,46.33
25.1,33.79,25.097,39.489,25.10,46.32
25.09,33.77,25.088,39.469,25.09,46.31
25.08,33.76,25.078,39.455,25.08,46.30
25.07,33.75,25.068,39.443,25.07,46.29
25.06,33.74,25.058,39.430,25.06,46.27
25.05,33.72,25.048,39.416,25.05,46.26
25.04,33.71,25.038,39.396,25.04,46.24
25.03,33.69,25.028,39.382,25.03,46.23
25.02,33.68,25.018,39.368,25.02,46.22
25.01,33.66,25.008,39.356,25.01,46.21
25,33.65,24.998,39.342,25.00,46.19
24.99,33.63,24.988,39.328,24.99,46.18
24.98,33.62,24.979,39.316,24.98,46.17
24.97,33.61,24.969,39.302,24.97,46.16
24.96,33.59,24.959,39.287,24.96,46.15
24.95,33.57,24.949,39.273,24.95,46.13
24.94,33.56,24.939,39.254,24.94,46.12
24.93,33.54,24.929,39.239,24.93,46.11
24.92,33.52,24.919,39.222,24.92,46.10
24.91,33.51,24.909,39.210,24.91,46.08
24.9,33.49,24.899,39.195,24.90,46.07
24.89,33.48,24.889,39.182,24.89,46.06
24.88,33.46,24.879,39.167,24.88,46.05
24.87,33.44,24.869,39.155,24.87,46.03
24.86,33.43,24.860,39.140,24.86,46.02
24.85,33.41,24.850,39.126,24.85,46.01
24.84,33.40,24.840,39.114,24.84,46.00
24.83,33.39,24.830,39.100,24.83,45.98
24.82,33.37,24.820,39.085,24.82,45.97
24.81,33.36,24.810,39.072,24.81,45.96
24.8,33.34,24.800,39.057,24.80,45.95
24.79,33.33,24.790,39.039,24.79,45.94
24.78,33.32,24.780,39.026,24.78,45.92
24.77,33.30,24.770,39.013,24.77,45.91
24.76,33.29,24.760,38.995,24.76,45.90
24.75,33.27,24.751,38.979,24.75,45.89
24.74,33.25,24.741,38.963,24.74,45.88
24.73,33.24,24.731,38.949,24.73,45.87
24.72,33.22,24.721,38.931,24.72,45.86
24.71,33.21,24.711,38.917,24.71,45.85
24.7,33.19,24.701,38.901,24.70,45.84
24.69,33.17,24.691,38.884,24.69,45.82
24.68,33.16,24.681,38.869,24.68,45.81
24.67,33.14,24.671,38.852,24.67,45.79
24.66,33.13,24.661,38.838,24.66,45.78
24.65,33.11,24.651,38.825,24.65,45.77
24.64,33.10,24.641,38.810,24.64,45.75
24.63,33.08,24.632,38.796,24.63,45.74
24.62,33.06,24.622,38.778,24.62,45.73
24.61,33.05,24.612,38.761,24.61,45.71
24.6,33.03,24.602,38.744,24.60,45.70
24.59,33.02,24.592,38.727,24.59,45.69
24.58,33.00,24.582,38.714,24.58,45.68
24.57,32.99,24.572,38.699,24.57,45.67
24.56,32.97,24.562,38.686,24.56,45.66
24.55,32.95,24.552,38.670,24.55,45.64
24.54,32.94,24.542,38.652,24.54,45.63
24.53,32.92,24.532,38.637,24.53,45.62
24.52,32.90,24.523,38.623,24.52,45.61
24.51,32.89,24.513,38.609,24.51,45.60
24.5,32.87,24.503,38.595,24.50,45.59
24.49,32.86,24.493,38.579,24.49,45.58
24.48,32.84,24.483,38.560,24.48,45.57
24.47,32.82,24.473,38.542,24.47,45.55
24.46,32.81,24.463,38.527,24.46,45.54
24.45,32.80,24.453,38.509,24.45,45.53
24.44,32.78,24.443,38.492,24.44,45.51
24.43,32.77,24.433,38.476,24.43,45.50
24.42,32.75,24.423,38.458,24.42,45.49
24.41,32.73,24.413,38.443,24.41,45.48
24.4,32.72,24.404,38.425,24.40,45.46
24.39,32.71,24.394,38.412,24.39,45.44
24.38,32.69,24.384,38.396,24.38,45.43
24.37,32.68,24.374,38.382,24.37,45.42
24.36,32.66,24.364,38.367,24.36,45.41
24.35,32.65,24.354,38.351,24.35,45.40
24.34,32.63,24.344,38.337,24.34,45.38
24.33,32.61,24.334,38.323,24.33,45.37
24.32,32.59,24.324,38.308,24.32,45.35
24.31,32.58,24.314,38.291,24.31,45.34
24.3,32.56,24.304,38.275,24.30,45.33
24.3,32.55,24.295,38.260,24.30,45.32
24.29,32.54,24.285,38.239,24.29,45.30
24.28,32.52,24.275,38.222,24.28,45.29
24.27,32.50,24.265,38.207,24.27,45.28
24.26,32.49,24.255,38.190,24.26,45.26
24.25,32.48,24.245,38.176,24.25,45.25
24.24,32.46,24.235,38.153,24.24,45.24
24.23,32.44,24.225,38.140,24.23,45.22
24.22,32.42,24.215,38.123,24.22,45.21
24.21,32.41,24.205,38.110,24.21,45.20
24.2,32.39,24.195,38.093,24.20,45.18
24.19,32.37,24.185,38.081,24.19,45.17
24.18,32.35,24.176,38.068,24.18,45.15
24.17,32.34,24.166,38.049,24.17,45.14
24.16,32.32,24.156,38.033,24.16,45.13
24.15,32.31,24.146,38.011,24.15,45.12
24.14,32.29,24.136,37.996,24.14,45.11
24.13,32.28,24.126,37.981,24.13,45.10
24.12,32.26,24.116,37.966,24.12,45.09
24.11,32.25,24.106,37.950,24.11,45.07
24.1,32.23,24.096,37.930,24.10,45.06
24.09,32.21,24.086,37.912,24.09,45.05
24.08,32.20,24.076,37.892,24.08,45.04
24.07,32.18,24.067,37.875,24.07,45.03
24.06,32.16,24.057,37.858,24.06,45.02
24.05,32.14,24.047,37.839,24.05,45.01
24.04,32.13,24.037,37.824,24.04,45.00
24.03,32.11,24.027,37.807,24.03,44.98
24.02,32.10,24.017,37.793,24.02,44.97
24.01,32.08,24.007,37.774,24.01,44.96
24,32.07,23.997,37.759,24.00,44.95
23.99,32.06,23.987,37.746,23.99,44.94
23.98,32.04,23.977,37.729,23.98,44.92
23.97,32.02,23.967,37.712,23.97,44.91
23.96,32.00,23.957,37.697,23.96,44.89
23.95,31.99,23.948,37.679,23.95,44.88
23.94,31.97,23.938,37.666,23.94,44.87
23.93,31.95,23.928,37.651,23.93,44.86
23.92,31.94,23.918,37.633,23.92,44.85
23.91,31.92,23.908,37.618,23.91,44.84
23.9,31.91,23.898,37.603,23.90,44.83
23.89,31.89,23.888,37.587,23.89,44.81
23.88,31.87,23.878,37.568,23.88,44.80
23.87,31.86,23.868,37.555,23.87,44.79
23.86,31.84,23.858,37.539,23.86,44.78
23.85,31.82,23.848,37.524,23.85,44.77
23.84,31.81,23.839,37.506,23.84,44.75
23.83,31.80,23.829,37.491,23.83,44.74
23.82,31.78,23.819,37.476,23.82,44.73
23.81,31.76,23.809,37.457,23.81,44.72
23.8,31.75,23.799,37.440,23.80,44.70
23.79,31.73,23.789,37.426,23.79,44.69
23.78,31.72,23.779,37.408,23.78,44.68
23.77,31.71,23.769,37.387,23.77,44.67
23.76,31.69,23.759,37.369,23.76,44.65
23.75,31.67,23.749,37.351,23.75,44.63
23.74,31.66,23.739,37.336,23.74,44.62
23.73,31.64,23.729,37.319,23.73,44.61
23.72,31.62,23.720,37.304,23.72,44.59
23.71,31.60,23.710,37.289,23.71,44.58
23.7,31.59,23.700,37.272,23.70,44.57
23.69,31.57,23.690,37.258,23.69,44.56
23.68,31.56,23.680,37.242,23.68,44.55
23.67,31.54,23.670,37.224,23.67,44.54
23.66,31.52,23.660,37.206,23.66,44.53
23.65,31.51,23.650,37.191,23.65,44.51
23.64,31.49,23.640,37.168,23.64,44.50
23.63,31.48,23.630,37.152,23.63,44.49
23.62,31.46,23.620,37.137,23.62,44.47
23.61,31.44,23.611,37.119,23.61,44.46
23.6,31.43,23.601,37.105,23.60,44.45
23.59,31.41,23.591,37.086,23.59,44.44
23.58,31.39,23.581,37.069,23.58,44.43
23.57,31.38,23.571,37.051,23.57,44.41
23.56,31.37,23.561,37.036,23.56,44.41
23.55,31.35,23.551,37.023,23.55,44.39
23.54,31.34,23.541,37.006,23.54,44.37
23.53,31.32,23.531,36.989,23.53,44.36
23.52,31.31,23.521,36.968,23.52,44.34
23.51,31.29,23.511,36.953,23.51,44.33
23.5,31.28,23.501,36.939,23.50,44.32
23.49,31.26,23.492,36.924,23.49,44.31
23.48,31.24,23.482,36.910,23.48,44.29
23.47,31.23,23.472,36.895,23.47,44.28
23.46,31.21,23.462,36.875,23.46,44.27
23.45,31.19,23.452,36.861,23.45,44.26
23.44,31.17,23.442,36.846,23.44,44.24
23.43,31.16,23.432,36.831,23.43,44.23
23.42,31.13,23.422,36.812,23.42,44.22
23.41,31.11,23.412,36.797,23.41,44.21
23.4,31.10,23.402,36.776,23.40,44.20
23.39,31.08,23.392,36.760,23.39,44.18
23.38,31.06,23.383,36.746,23.38,44.17
23.37,31.04,23.373,36.730,23.37,44.16
23.36,31.02,23.363,36.711,23.36,44.14
23.35,31.00,23.353,36.693,23.35,44.13
23.34,30.98,23.343,36.676,23.34,44.11
23.33,30.96,23.333,36.661,23.33,44.09
23.32,30.95,23.323,36.645,23.32,44.08
23.31,30.93,23.313,36.628,23.31,44.07
23.3,30.91,23.303,36.610,23.30,44.06
23.29,30.89,23.293,36.593,23.29,44.04
23.28,30.87,23.283,36.573,23.28,44.03
23.27,30.86,23.273,36.558,23.27,44.02
23.26,30.85,23.264,36.542,23.26,44.01
23.25,30.83,23.254,36.527,23.25,44.00
23.24,30.82,23.244,36.511,23.24,43.99
23.23,30.81,23.234,36.495,23.23,43.97
23.22,30.78,23.224,36.476,23.22,43.96
23.21,30.77,23.214,36.463,23.21,43.95
23.2,30.75,23.204,36.443,23.20,43.93
23.19,30.73,23.194,36.430,23.19,43.92
23.18,30.71,23.184,36.410,23.18,43.91
23.17,30.70,23.174,36.396,23.17,43.90
23.16,30.68,23.164,36.378,23.16,43.88
23.16,30.67,23.155,36.363,23.16,43.87
23.15,30.65,23.145,36.348,23.15,43.86
23.14,30.64,23.135,36.333,23.14,43.84
23.13,30.62,23.125,36.318,23.13,43.83
23.12,30.60,23.115,36.305,23.12,43.82
23.11,30.59,23.105,36.290,23.11,43.80
23.1,30.57,23.095,36.271,23.10,43.79
23.09,30.56,23.085,36.257,23.09,43.78
23.08,30.54,23.075,36.240,23.08,43.77
23.07,30.52,23.065,36.219,23.07,43.76
23.06,30.50,23.055,36.204,23.06,43.75
23.05,30.49,23.045,36.187,23.05,43.73
23.04,30.48,23.036,36.168,23.04,43.71
23.03,30.46,23.026,36.150,23.03,43.70
23.02,30.44,23.016,36.132,23.02,43.69
23.01,30.43,23.006,36.115,23.01,43.68
23,30.41,22.996,36.096,23.00,43.67
22.99,30.40,22.986,36.079,22.99,43.66
22.98,30.38,22.976,36.059,22.98,43.65
22.97,30.36,22.966,36.041,22.97,43.63
22.96,30.35,22.956,36.025,22.96,43.62
22.95,30.33,22.946,36.008,22.95,43.61
22.94,30.31,22.936,35.993,22.94,43.59
22.93,30.29,22.927,35.972,22.93,43.58
22.92,30.27,22.917,35.958,22.92,43.57
22.91,30.25,22.907,35.940,22.91,43.55
22.9,30.23,22.897,35.921,22.90,43.54
22.89,30.21,22.887,35.907,22.89,43.53
22.88,30.19,22.877,35.890,22.88,43.51
22.87,30.17,22.867,35.873,22.87,43.50
22.86,30.16,22.857,35.859,22.86,43.49
22.85,30.14,22.847,35.843,22.85,43.47
22.84,30.13,22.837,35.825,22.84,43.46
22.83,30.11,22.827,35.807,22.83,43.45
22.82,30.10,22.817,35.785,22.82,43.44
22.81,30.08,22.808,35.769,22.81,43.43
22.8,30.06,22.798,35.752,22.80,43.41
22.79,30.05,22.788,35.737,22.79,43.40
22.78,30.03,22.778,35.719,22.78,43.39
22.77,30.01,22.768,35.704,22.77,43.37
22.76,29.99,22.758,35.688,22.76,43.37
22.75,29.97,22.748,35.671,22.75,43.35
22.74,29.95,22.738,35.653,22.74,43.34
22.73,29.94,22.728,35.638,22.73,43.32
22.72,29.91,22.718,35.617,22.72,43.31
22.71,29.90,22.708,35.598,22.71,43.30
22.7,29.88,22.699,35.582,22.70,43.28
22.69,29.86,22.689,35.567,22.69,43.27
22.68,29.85,22.679,35.551,22.68,43.26
22.67,29.83,22.669,35.534,22.67,43.25
22.66,29.81,22.659,35.517,22.66,43.24
22.65,29.79,22.649,35.498,22.65,43.22
22.64,29.77,22.639,35.478,22.64,43.21
22.63,29.75,22.629,35.459,22.63,43.20
22.62,29.74,22.619,35.441,22.62,43.19
22.61,29.72,22.609,35.425,22.61,43.17
22.6,29.70,22.599,35.410,22.60,43.16
22.59,29.68,22.589,35.392,22.59,43.15
22.58,29.66,22.580,35.377,22.58,43.14
22.57,29.64,22.570,35.354,22.57,43.13
22.56,29.62,22.560,35.339,22.56,43.11
22.55,29.60,22.550,35.321,22.55,43.10
22.54,29.58,22.540,35.305,22.54,43.08
22.53,29.57,22.530,35.275,22.53,43.07
22.52,29.54,22.520,35.259,22.52,43.06
22.51,29.52,22.510,35.241,22.51,43.04
22.5,29.50,22.500,35.223,22.50,43.03
22.49,29.48,22.490,35.205,22.49,43.02
22.48,29.47,22.480,35.188,22.48,43.00
22.47,29.45,22.471,35.174,22.47,42.99
22.46,29.44,22.461,35.157,22.46,42.97
22.45,29.42,22.451,35.138,22.45,42.95
22.44,29.41,22.441,35.121,22.44,42.94
22.43,29.38,22.431,35.104,22.43,42.93
22.42,29.37,22.421,35.085,22.42,42.92
22.41,29.35,22.411,35.069,22.41,42.90
22.4,29.33,22.401,35.050,22.40,42.89
22.39,29.32,22.391,35.032,22.39,42.88
22.38,29.30,22.381,35.016,22.38,42.86
22.37,29.28,22.371,35.001,22.37,42.85
22.36,29.26,22.361,34.987,22.36,42.84
22.35,29.25,22.352,34.970,22.35,42.83
22.34,29.23,22.342,34.956,22.34,42.82
22.33,29.22,22.332,34.937,22.33,42.80
22.32,29.20,22.322,34.921,22.32,42.79
22.31,29.19,22.312,34.907,22.31,42.78
22.3,29.17,22.302,34.891,22.30,42.76
22.29,29.15,22.292,34.874,22.29,42.75
22.28,29.13,22.282,34.858,22.28,42.74
22.27,29.11,22.272,34.843,22.27,42.72
22.26,29.09,22.262,34.825,22.26,42.71
22.25,29.07,22.252,34.811,22.25,42.70
22.24,29.06,22.243,34.797,22.24,42.69
22.23,29.04,22.233,34.777,22.23,42.67
22.22,29.02,22.223,34.762,22.22,42.66
22.21,29.00,22.213,34.741,22.21,42.65
22.2,28.98,22.203,34.721,22.20,42.63
22.19,28.96,22.193,34.702,22.19,42.62
22.18,28.94,22.183,34.686,22.18,42.60
22.17,28.92,22.173,34.665,22.17,42.59
22.16,28.91,22.163,34.649,22.16,42.58
22.15,28.90,22.153,34.634,22.15,42.56
22.14,28.87,22.143,34.617,22.14,42.55
22.13,28.86,22.133,34.602,22.13,42.54
22.12,28.84,22.124,34.582,22.12,42.53
22.11,28.82,22.114,34.564,22.11,42.51
22.1,28.81,22.104,34.545,22.10,42.50
22.09,28.79,22.094,34.528,22.09,42.48
22.08,28.77,22.084,34.509,22.08,42.47
22.07,28.75,22.074,34.492,22.07,42.46
22.06,28.73,22.064,34.475,22.06,42.44
22.05,28.72,22.054,34.455,22.05,42.43
22.04,28.69,22.044,34.437,22.04,42.42
22.03,28.68,22.034,34.421,22.03,42.41
22.02,28.65,22.024,34.403,22.02,42.39
22.02,28.64,22.015,34.386,22.02,42.38
22.01,28.62,22.005,34.370,22.01,42.36
22,28.60,21.995,34.353,22.00,42.35
21.99,28.59,21.985,34.337,21.99,42.34
21.98,28.57,21.975,34.323,21.98,42.33
21.97,28.55,21.965,34.304,21.97,42.31
21.96,28.53,21.955,34.289,21.96,42.30
21.95,28.51,21.945,34.272,21.95,42.29
21.94,28.49,21.935,34.250,21.94,42.28
21.93,28.48,21.925,34.230,21.93,42.26
21.92,28.46,21.915,34.213,21.92,42.25
21.91,28.44,21.905,34.197,21.91,42.23
21.9,28.43,21.896,34.179,21.90,42.22
21.89,28.40,21.886,34.162,21.89,42.21
21.88,28.39,21.876,34.145,21.88,42.19
21.87,28.37,21.866,34.131,21.87,42.18
21.86,28.35,21.856,34.113,21.86,42.17
21.85,28.32,21.846,34.095,21.85,42.15
21.84,28.30,21.836,34.076,21.84,42.15
21.83,28.29,21.826,34.059,21.83,42.13
21.82,28.27,21.816,34.037,21.82,42.12
21.81,28.25,21.806,34.022,21.81,42.11
21.8,28.22,21.796,34.004,21.80,42.09
21.79,28.20,21.787,33.986,21.79,42.07
21.78,28.18,21.777,33.971,21.78,42.06
21.77,28.17,21.767,33.953,21.77,42.05
21.76,28.16,21.757,33.934,21.76,42.03
21.75,28.14,21.747,33.920,21.75,42.01
21.74,28.12,21.737,33.904,21.74,42.00
21.73,28.11,21.727,33.890,21.73,41.98
21.72,28.09,21.717,33.871,21.72,41.97
21.71,28.07,21.707,33.851,21.71,41.96
21.7,28.06,21.697,33.832,21.70,41.94
21.69,28.04,21.687,33.815,21.69,41.93
21.68,28.02,21.678,33.798,21.68,41.92
21.67,28.01,21.668,33.777,21.67,41.91
21.66,27.99,21.658,33.761,21.66,41.89
21.65,27.97,21.648,33.741,21.65,41.87
21.64,27.96,21.638,33.724,21.64,41.86
21.63,27.94,21.628,33.708,21.63,41.84
21.62,27.92,21.618,33.691,21.62,41.83
21.61,27.91,21.608,33.675,21.61,41.81
21.6,27.89,21.598,33.655,21.60,41.80
21.59,27.88,21.588,33.638,21.59,41.78
21.58,27.86,21.578,33.623,21.58,41.77
21.57,27.84,21.568,33.604,21.57,41.76
21.56,27.82,21.559,33.587,21.56,41.74
21.55,27.81,21.549,33.568,21.55,41.73
21.54,27.79,21.539,33.549,21.54,41.72
21.53,27.78,21.529,33.532,21.53,41.70
21.52,27.76,21.519,33.512,21.52,41.69
21.51,27.75,21.509,33.495,21.51,41.68
21.5,27.72,21.499,33.478,21.50,41.66
21.49,27.71,21.489,33.459,21.49,41.65
21.48,27.69,21.479,33.440,21.48,41.64
21.47,27.68,21.469,33.418,21.47,41.62
21.46,27.66,21.459,33.399,21.46,41.61
21.45,27.64,21.450,33.383,21.45,41.60
21.44,27.63,21.440,33.364,21.44,41.58
21.43,27.61,21.430,33.346,21.43,41.57
21.42,27.59,21.420,33.327,21.42,41.56
21.41,27.58,21.410,33.307,21.41,41.54
21.4,27.56,21.400,33.292,21.40,41.53
21.39,27.54,21.390,33.275,21.39,41.51
21.38,27.52,21.380,33.259,21.38,41.50
21.37,27.50,21.370,33.239,21.37,41.49
21.36,27.49,21.360,33.218,21.36,41.48
21.35,27.47,21.350,33.202,21.35,41.46
21.34,27.45,21.340,33.180,21.34,41.45
21.33,27.44,21.331,33.163,21.33,41.43
21.32,27.42,21.321,33.144,21.32,41.42
21.31,27.39,21.311,33.125,21.31,41.41
21.3,27.37,21.301,33.107,21.30,41.40
21.29,27.36,21.291,33.089,21.29,41.38
21.28,27.34,21.281,33.071,21.28,41.37
21.27,27.32,21.271,33.053,21.27,41.35
21.26,27.30,21.261,33.035,21.26,41.34
21.25,27.28,21.251,33.018,21.25,41.32
21.24,27.26,21.241,33.001,21.24,41.31
21.23,27.24,21.231,32.982,21.23,41.30
21.22,27.23,21.222,32.966,21.22,41.28
21.21,27.21,21.212,32.950,21.21,41.27
21.2,27.19,21.202,32.929,21.20,41.25
21.19,27.18,21.192,32.909,21.19,41.24
21.18,27.16,21.182,32.891,21.18,41.23
21.17,27.14,21.172,32.873,21.17,41.21
21.16,27.12,21.162,32.858,21.16,41.20
21.15,27.11,21.152,32.839,21.15,41.18
21.14,27.09,21.142,32.820,21.14,41.17
21.13,27.08,21.132,32.801,21.13,41.15
21.12,27.06,21.122,32.785,21.12,41.14
21.11,27.04,21.112,32.767,21.11,41.13
21.1,27.03,21.103,32.750,21.10,41.12
21.09,27.01,21.093,32.733,21.09,41.10
21.08,26.99,21.083,32.706,21.08,41.09
21.07,26.96,21.073,32.688,21.07,41.08
21.06,26.95,21.063,32.669,21.06,41.06
21.05,26.92,21.053,32.648,21.05,41.05
21.04,26.91,21.043,32.631,21.04,41.03
21.03,26.89,21.033,32.613,21.03,41.02
21.02,26.88,21.023,32.595,21.02,41.00
21.01,26.86,21.013,32.576,21.01,40.99
21,26.84,21.003,32.555,21.00,40.98
20.99,26.82,20.994,32.537,20.99,40.96
20.98,26.80,20.984,32.517,20.98,40.95
20.97,26.78,20.974,32.496,20.97,40.93
20.96,26.77,20.964,32.477,20.96,40.92
20.95,26.74,20.954,32.457,20.95,40.90
20.94,26.73,20.944,32.441,20.94,40.89
20.93,26.71,20.934,32.424,20.93,40.88
20.92,26.69,20.924,32.403,20.92,40.87
20.91,26.68,20.914,32.386,20.91,40.85
20.9,26.66,20.904,32.370,20.90,40.84
20.89,26.64,20.894,32.353,20.89,40.82
20.88,26.61,20.884,32.336,20.88,40.81
20.88,26.60,20.875,32.319,20.88,40.80
20.87,26.58,20.865,32.298,20.87,40.78
20.86,26.56,20.855,32.277,20.86,40.77
20.85,26.54,20.845,32.257,20.85,40.76
20.84,26.53,20.835,32.238,20.84,40.75
20.83,26.50,20.825,32.220,20.83,40.73
20.82,26.48,20.815,32.200,20.82,40.72
20.81,26.47,20.805,32.180,20.81,40.70
20.8,26.45,20.795,32.162,20.80,40.69
20.79,26.43,20.785,32.142,20.79,40.68
20.78,26.42,20.775,32.121,20.78,40.67
20.77,26.40,20.766,32.103,20.77,40.65
20.76,26.38,20.756,32.084,20.76,40.64
20.75,26.35,20.746,32.065,20.75,40.63
20.74,26.33,20.736,32.047,20.74,40.61
20.73,26.31,20.726,32.029,20.73,40.60
20.72,26.30,20.716,32.010,20.72,40.59
20.71,26.29,20.706,31.988,20.71,40.58
20.7,26.27,20.696,31.967,20.70,40.57
20.69,26.25,20.686,31.948,20.69,40.55
20.68,26.22,20.676,31.925,20.68,40.53
20.67,26.21,20.666,31.905,20.67,40.52
20.66,26.19,20.656,31.889,20.66,40.50
20.65,26.17,20.647,31.866,20.65,40.49
20.64,26.15,20.637,31.847,20.64,40.48
20.63,26.14,20.627,31.825,20.63,40.47
20.62,26.12,20.617,31.808,20.62,40.46
20.61,26.10,20.607,31.791,20.61,40.44
20.6,26.08,20.597,31.774,20.60,40.42
20.59,26.07,20.587,31.755,20.59,40.41
20.58,26.05,20.577,31.736,20.58,40.40
20.57,26.04,20.567,31.717,20.57,40.38
20.56,26.02,20.557,31.699,20.56,40.37
20.55,26.01,20.547,31.680,20.55,40.35
20.54,25.99,20.538,31.660,20.54,40.34
20.53,25.97,20.528,31.640,20.53,40.32
20.52,25.95,20.518,31.622,20.52,40.31
20.51,25.93,20.508,31.598,20.51,40.29
20.5,25.92,20.498,31.578,20.50,40.28
20.49,25.90,20.488,31.557,20.49,40.27
20.48,25.88,20.478,31.541,20.48,40.26
20.47,25.87,20.468,31.524,20.47,40.24
20.46,25.85,20.458,31.505,20.46,40.23
20.45,25.83,20.448,31.484,20.45,40.22
20.44,25.82,20.438,31.466,20.44,40.20
20.43,25.80,20.428,31.445,20.43,40.19
20.42,25.78,20.419,31.427,20.42,40.17
20.41,25.76,20.409,31.408,20.41,40.16
20.4,25.75,20.399,31.383,20.40,40.15
20.39,25.73,20.389,31.362,20.39,40.14
20.38,25.70,20.379,31.342,20.38,40.12
20.37,25.68,20.369,31.323,20.37,40.11
20.36,25.66,20.359,31.305,20.36,40.09
20.35,25.65,20.349,31.287,20.35,40.08
20.34,25.63,20.339,31.266,20.34,40.06
20.33,25.61,20.329,31.249,20.33,40.05
20.32,25.59,20.319,31.226,20.32,40.03
20.31,25.57,20.310,31.203,20.31,40.02
20.3,25.55,20.300,31.183,20.30,40.01
20.29,25.54,20.290,31.163,20.29,39.99
20.28,25.52,20.280,31.142,20.28,39.97
20.27,25.51,20.270,31.122,20.27,39.96
20.26,25.49,20.260,31.105,20.26,39.95
20.25,25.47,20.250,31.086,20.25,39.93
20.24,25.45,20.240,31.064,20.24,39.92
20.23,25.43,20.230,31.047,20.23,39.91
20.22,25.41,20.220,31.026,20.22,39.89
20.21,25.39,20.210,31.006,20.21,39.88
20.2,25.38,20.200,30.987,20.20,39.86
20.19,25.36,20.191,30.968,20.19,39.85
20.18,25.34,20.181,30.950,20.18,39.83
20.17,25.32,20.171,30.928,20.17,39.82
20.16,25.31,20.161,30.908,20.16,39.81
20.15,25.30,20.151,30.888,20.15,39.80
20.14,25.28,20.141,30.864,20.14,39.79
20.13,25.26,20.131,30.845,20.13,39.78
20.12,25.24,20.121,30.824,20.12,39.77
20.11,25.22,20.111,30.804,20.11,39.75
20.1,25.21,20.101,30.784,20.10,39.74
20.09,25.18,20.091,30.763,20.09,39.72
20.08,25.16,20.082,30.740,20.08,39.71
20.07,25.15,20.072,30.721,20.07,39.70
20.06,25.12,20.062,30.701,20.06,39.68
20.05,25.11,20.052,30.682,20.05,39.67
20.04,25.09,20.042,30.664,20.04,39.65
20.03,25.07,20.032,30.647,20.03,39.64
20.02,25.05,20.022,30.626,20.02,39.63
20.01,25.03,20.012,30.607,20.01,39.62
20,25.01,20.002,30.588,20.00,39.60
19.99,24.99,19.992,30.570,19.99,39.59
19.98,24.98,19.982,30.551,19.98,39.58
19.97,24.95,19.972,30.531,19.97,39.57
19.96,24.93,19.963,30.512,19.96,39.55
19.95,24.91,19.953,30.492,19.95,39.54
19.94,24.90,19.943,30.473,19.94,39.53
19.93,24.88,19.933,30.451,19.93,39.51
19.92,24.86,19.923,30.433,19.92,39.50
19.91,24.84,19.913,30.412,19.91,39.48
19.9,24.83,19.903,30.394,19.90,39.47
19.89,24.81,19.893,30.373,19.89,39.45
19.88,24.79,19.883,30.355,19.88,39.43
19.87,24.77,19.873,30.335,19.87,39.42
19.86,24.75,19.863,30.315,19.86,39.41
19.85,24.73,19.854,30.295,19.85,39.39
19.84,24.72,19.844,30.273,19.84,39.37
19.83,24.70,19.834,30.252,19.83,39.36
19.82,24.68,19.824,30.232,19.82,39.35
19.81,24.66,19.814,30.212,19.81,39.33
19.8,24.64,19.804,30.194,19.80,39.32
19.79,24.62,19.794,30.173,19.79,39.31
19.78,24.60,19.784,30.155,19.78,39.30
19.77,24.58,19.774,30.130,19.77,39.28
19.76,24.56,19.764,30.107,19.76,39.27
19.75,24.54,19.754,30.085,19.75,39.26
19.74,24.53,19.744,30.068,19.74,39.24
19.74,24.51,19.735,30.045,19.74,39.23
19.73,24.50,19.725,30.023,19.73,39.22
19.72,24.48,19.715,30.005,19.72,39.20
19.71,24.46,19.705,29.988,19.71,39.19
19.7,24.44,19.695,29.971,19.70,39.17
19.69,24.42,19.685,29.937,19.69,39.16
19.68,24.40,19.675,29.918,19.68,39.15
19.67,24.38,19.665,29.897,19.67,39.14
19.66,24.37,19.655,29.877,19.66,39.12
19.65,24.35,19.645,29.853,19.65,39.11
19.64,24.34,19.635,29.834,19.64,39.10
19.63,24.32,19.626,29.814,19.63,39.09
19.62,24.29,19.616,29.795,19.62,39.07
19.61,24.28,19.606,29.776,19.61,39.05
19.6,24.26,19.596,29.757,19.60,39.04
19.59,24.23,19.586,29.731,19.59,39.02
19.58,24.21,19.576,29.713,19.58,39.01
19.57,24.20,19.566,29.689,19.57,39.00
19.56,24.18,19.556,29.668,19.56,38.98
19.55,24.16,19.546,29.648,19.55,38.97
19.54,24.15,19.536,29.627,19.54,38.96
19.53,24.13,19.526,29.605,19.53,38.94
19.52,24.11,19.516,29.583,19.52,38.93
19.51,24.09,19.507,29.565,19.51,38.91
19.5,24.07,19.497,29.542,19.50,38.90
19.49,24.05,19.487,29.523,19.49,38.89
19.48,24.04,19.477,29.498,19.48,38.87
19.47,24.02,19.467,29.477,19.47,38.86
19.46,23.99,19.457,29.458,19.46,38.85
19.45,23.98,19.447,29.436,19.45,38.83
19.44,23.96,19.437,29.416,19.44,38.82
19.43,23.95,19.427,29.396,19.43,38.81
19.42,23.93,19.417,29.373,19.42,38.79
19.41,23.91,19.407,29.351,19.41,38.78
19.4,23.88,19.398,29.327,19.40,38.77
19.39,23.86,19.388,29.308,19.39,38.75
19.38,23.84,19.378,29.287,19.38,38.74
19.37,23.83,19.368,29.264,19.37,38.73
19.36,23.81,19.358,29.240,19.36,38.72
19.35,23.78,19.348,29.220,19.35,38.71
19.34,23.76,19.338,29.200,19.34,38.69
19.33,23.74,19.328,29.177,19.33,38.67
19.32,23.73,19.318,29.155,19.32,38.66
19.31,23.71,19.308,29.133,19.31,38.64
19.3,23.69,19.298,29.113,19.30,38.63
19.29,23.67,19.288,29.095,19.29,38.62
19.28,23.65,19.279,29.074,19.28,38.60
19.27,23.63,19.269,29.053,19.27,38.58
19.26,23.62,19.259,29.033,19.26,38.57
19.25,23.60,19.249,29.011,19.25,38.55
19.24,23.57,19.239,28.988,19.24,38.54
19.23,23.54,19.229,28.963,19.23,38.53
19.22,23.52,19.219,28.943,19.22,38.52
19.21,23.50,19.209,28.920,19.21,38.50
19.2,23.48,19.199,28.901,19.20,38.49
19.19,23.46,19.189,28.879,19.19,38.48
19.18,23.44,19.179,28.859,19.18,38.47
19.17,23.43,19.170,28.834,19.17,38.46
19.16,23.41,19.160,28.814,19.16,38.44
19.15,23.39,19.150,28.791,19.15,38.43
19.14,23.37,19.140,28.769,19.14,38.41
19.13,23.35,19.130,28.747,19.13,38.40
19.12,23.33,19.120,28.727,19.12,38.39
19.11,23.30,19.110,28.700,19.11,38.37
19.1,23.29,19.100,28.675,19.10,38.36
19.09,23.27,19.090,28.652,19.09,38.35
19.08,23.25,19.080,28.630,19.08,38.34
19.07,23.23,19.070,28.606,19.07,38.32
19.06,23.22,19.060,28.585,19.06,38.31
19.05,23.20,19.051,28.564,19.05,38.30
19.04,23.17,19.041,28.543,19.04,38.28
19.03,23.15,19.031,28.522,19.03,38.27
19.02,23.11,19.021,28.499,19.02,38.26
19.01,23.09,19.011,28.477,19.01,38.25
19,23.07,19.001,28.457,19.00,38.23
18.99,23.05,18.991,28.437,18.99,38.22
18.98,23.03,18.981,28.417,18.98,38.20
18.97,23.01,18.971,28.397,18.97,38.19
18.96,23.00,18.961,28.376,18.96,38.17
18.95,22.96,18.951,28.355,18.95,38.16
18.94,22.95,18.942,28.330,18.94,38.15
18.93,22.93,18.932,28.311,18.93,38.14
18.92,22.91,18.922,28.286,18.92,38.12
18.91,22.89,18.912,28.261,18.91,38.10
18.9,22.88,18.902,28.239,18.90,38.09
18.89,22.86,18.892,28.220,18.89,38.08
18.88,22.84,18.882,28.193,18.88,38.07
18.87,22.82,18.872,28.169,18.87,38.05
18.86,22.80,18.862,28.149,18.86,38.04
18.85,22.77,18.852,28.128,18.85,38.03
18.84,22.75,18.842,28.104,18.84,38.01
18.83,22.74,18.832,28.080,18.83,38.00
18.82,22.72,18.823,28.057,18.82,37.99
18.81,22.69,18.813,28.034,18.81,37.98
18.8,22.67,18.803,28.014,18.80,37.96
18.79,22.64,18.793,27.989,18.79,37.95
18.78,22.63,18.783,27.965,18.78,37.94
18.77,22.61,18.773,27.941,18.77,37.93
18.76,22.59,18.763,27.919,18.76,37.91
18.75,22.57,18.753,27.896,18.75,37.90
18.74,22.54,18.743,27.872,18.74,37.88
18.73,22.52,18.733,27.850,18.73,37.87
18.72,22.50,18.723,27.824,18.72,37.85
18.71,22.48,18.714,27.803,18.71,37.84
18.7,22.46,18.704,27.780,18.70,37.82
18.69,22.45,18.694,27.759,18.69,37.81
18.68,22.43,18.684,27.736,18.68,37.79
18.67,22.40,18.674,27.715,18.67,37.77
18.66,22.38,18.664,27.690,18.66,37.76
18.65,22.35,18.654,27.669,18.65,37.74
18.64,22.33,18.644,27.645,18.64,37.73
18.63,22.31,18.634,27.625,18.63,37.72
18.62,22.29,18.624,27.603,18.62,37.70
18.61,22.27,18.614,27.574,18.61,37.69
18.6,22.24,18.604,27.553,18.60,37.68
18.6,22.23,18.595,27.524,18.60,37.66
18.59,22.21,18.585,27.502,18.59,37.64
18.58,22.18,18.575,27.482,18.58,37.63
18.57,22.16,18.565,27.457,18.57,37.61
18.56,22.14,18.555,27.431,18.56,37.60
18.55,22.12,18.545,27.409,18.55,37.59
18.54,22.10,18.535,27.387,18.54,37.58
18.53,22.08,18.525,27.362,18.53,37.57
18.52,22.05,18.515,27.340,18.52,37.55
18.51,22.04,18.505,27.319,18.51,37.54
18.5,22.01,18.495,27.295,18.50,37.53
18.49,21.98,18.486,27.272,18.49,37.51
18.48,21.96,18.476,27.248,18.48,37.50
18.47,21.94,18.466,27.225,18.47,37.48
18.46,21.92,18.456,27.201,18.46,37.47
18.45,21.90,18.446,27.176,18.45,37.46
18.44,21.88,18.436,27.152,18.44,37.45
18.43,21.85,18.426,27.131,18.43,37.43
18.42,21.83,18.416,27.108,18.42,37.42
18.41,21.80,18.406,27.086,18.41,37.40
18.4,21.78,18.396,27.060,18.40,37.39
18.39,21.77,18.386,27.035,18.39,37.38
18.38,21.75,18.376,27.010,18.38,37.36
18.37,21.73,18.367,26.988,18.37,37.34
18.36,21.71,18.357,26.968,18.36,37.33
18.35,21.69,18.347,26.948,18.35,37.32
18.34,21.67,18.337,26.922,18.34,37.30
18.33,21.65,18.327,26.899,18.33,37.29
18.32,21.63,18.317,26.873,18.32,37.28
18.31,21.61,18.307,26.846,18.31,37.26
18.3,21.59,18.297,26.819,18.30,37.24
18.29,21.57,18.287,26.793,18.29,37.23
18.28,21.56,18.277,26.766,18.28,37.22
18.27,21.54,18.267,26.742,18.27,37.21
18.26,21.51,18.258,26.715,18.26,37.20
18.25,21.49,18.248,26.693,18.25,37.18
18.24,21.47,18.238,26.667,18.24,37.17
18.23,21.44,18.228,26.643,18.23,37.15
18.22,21.42,18.218,26.614,18.22,37.14
18.21,21.40,18.208,26.592,18.21,37.12
18.2,21.38,18.198,26.564,18.20,37.11
18.19,21.36,18.188,26.540,18.19,37.10
18.18,21.34,18.178,26.515,18.18,37.08
18.17,21.32,18.168,26.491,18.17,37.07
18.16,21.30,18.158,26.461,18.16,37.06
18.15,21.28,18.148,26.438,18.15,37.04
18.14,21.26,18.139,26.416,18.14,37.03
18.13,21.24,18.129,26.394,18.13,37.01
18.12,21.23,18.119,26.372,18.12,37.00
18.11,21.20,18.109,26.347,18.11,36.98
18.1,21.19,18.099,26.326,18.10,36.97
18.09,21.17,18.089,26.301,18.09,36.96
18.08,21.14,18.079,26.278,18.08,36.94
18.07,21.12,18.069,26.256,18.07,36.93
18.06,21.10,18.059,26.232,18.06,36.91
18.05,21.07,18.049,26.210,18.05,36.90
18.04,21.05,18.039,26.184,18.04,36.89
18.03,21.03,18.030,26.160,18.03,36.88
18.02,20.99,18.020,26.135,18.02,36.86
18.01,20.97,18.010,26.110,18.01,36.85
18,20.95,18.000,26.085,18.00,36.84
17.99,20.92,17.990,26.058,17.99,36.82
17.98,20.90,17.980,26.032,17.98,36.81
17.97,20.87,17.970,26.006,17.97,36.80
17.96,20.84,17.960,25.984,17.96,36.79
17.95,20.82,17.950,25.958,17.95,36.77
17.94,20.79,17.940,25.931,17.94,36.76
17.93,20.76,17.930,25.903,17.93,36.74
17.92,20.74,17.920,25.878,17.92,36.73
17.91,20.72,17.911,25.852,17.91,36.72
17.9,20.69,17.901,25.827,17.90,36.70
17.89,20.67,17.891,25.804,17.89,36.69
17.88,20.65,17.881,25.781,17.88,36.68
17.87,20.62,17.871,25.755,17.87,36.66
17.86,20.61,17.861,25.731,17.86,36.65
17.85,20.58,17.851,25.706,17.85,36.64
17.84,20.56,17.841,25.679,17.84,36.62
17.83,20.53,17.831,25.658,17.83,36.61
17.82,20.51,17.821,25.631,17.82,36.60
17.81,20.49,17.811,25.608,17.81,36.59
17.8,20.47,17.802,25.585,17.80,36.57
17.79,20.44,17.792,25.558,17.79,36.56
17.78,20.42,17.782,25.525,17.78,36.54
17.77,20.40,17.772,25.500,17.77,36.53
17.76,20.37,17.762,25.473,17.76,36.51
17.75,20.33,17.752,25.448,17.75,36.50
17.74,20.31,17.742,25.419,17.74,36.49
17.73,20.29,17.732,25.394,17.73,36.47
17.72,20.27,17.722,25.370,17.72,36.46
17.71,20.25,17.712,25.342,17.71,36.45
17.7,20.23,17.702,25.319,17.70,36.43
17.69,20.21,17.692,25.294,17.69,36.42
17.68,20.19,17.683,25.270,17.68,36.41
17.67,20.16,17.673,25.231,17.67,36.40
17.66,20.14,17.663,25.207,17.66,36.39
17.65,20.12,17.653,25.185,17.65,36.37
17.64,20.08,17.643,25.162,17.64,36.36
17.63,20.06,17.633,25.134,17.63,36.35
17.62,20.04,17.623,25.109,17.62,36.34
17.61,20.01,17.613,25.082,17.61,36.32
17.6,19.99,17.603,25.059,17.60,36.31
17.59,19.97,17.593,25.035,17.59,36.30
17.58,19.94,17.583,25.011,17.58,36.28
17.57,19.92,17.574,24.986,17.57,36.27
17.56,19.89,17.564,24.962,17.56,36.26
17.55,19.87,17.554,24.933,17.55,36.25
17.54,19.85,17.544,24.908,17.54,36.23
17.53,19.82,17.534,24.879,17.53,36.22
17.52,19.80,17.524,24.849,17.52,36.21
17.51,19.78,17.514,24.824,17.51,36.20
17.5,19.75,17.504,24.800,17.50,36.18
17.49,19.72,17.494,24.775,17.49,36.17
17.48,19.69,17.484,24.750,17.48,36.16
17.47,19.67,17.474,24.723,17.47,36.14
17.46,19.64,17.464,24.698,17.46,36.13
17.46,19.62,17.455,24.670,17.46,36.11
17.45,19.60,17.445,24.635,17.45,36.10
17.44,19.56,17.435,24.609,17.44,36.09
17.43,19.54,17.425,24.583,17.43,36.07
17.42,19.51,17.415,24.552,17.42,36.06
17.41,19.49,17.405,24.525,17.41,36.04
17.4,19.47,17.395,24.496,17.40,36.03
17.39,19.44,17.385,24.471,17.39,36.01
17.38,19.42,17.375,24.443,17.38,36.00
17.37,19.39,17.365,24.418,17.37,35.99
17.36,19.36,17.355,24.387,17.36,35.97
17.35,19.33,17.346,24.363,17.35,35.96
17.34,19.31,17.336,24.337,17.34,35.94
17.33,19.29,17.326,24.308,17.33,35.93
17.32,19.27,17.316,24.280,17.32,35.92
17.31,19.24,17.306,24.251,17.31,35.91
17.3,19.22,17.296,24.225,17.30,35.89
17.29,19.19,17.286,24.201,17.29,35.88
17.28,19.17,17.276,24.173,17.28,35.87
17.27,19.14,17.266,24.147,17.27,35.85
17.26,19.12,17.256,24.122,17.26,35.84
17.25,19.09,17.246,24.096,17.25,35.83
17.24,19.07,17.236,24.065,17.24,35.82
17.23,19.04,17.227,24.039,17.23,35.80
17.22,19.00,17.217,24.014,17.22,35.79
17.21,18.97,17.207,23.990,17.21,35.78
17.2,18.95,17.197,23.965,17.20,35.76
17.19,18.92,17.187,23.941,17.19,35.75
17.18,18.89,17.177,23.906,17.18,35.73
17.17,18.86,17.167,23.870,17.17,35.72
17.16,18.84,17.157,23.843,17.16,35.70
17.15,18.81,17.147,23.815,17.15,35.69
17.14,18.78,17.137,23.790,17.14,35.67
17.13,18.76,17.127,23.759,17.13,35.66
17.12,18.73,17.118,23.735,17.12,35.64
17.11,18.71,17.108,23.707,17.11,35.63
17.1,18.67,17.098,23.682,17.10,35.62
17.09,18.64,17.088,23.657,17.09,35.61
17.08,18.61,17.078,23.631,17.08,35.59
17.07,18.59,17.068,23.604,17.07,35.58
17.06,18.56,17.058,23.575,17.06,35.56
17.05,18.54,17.048,23.547,17.05,35.55
17.04,18.51,17.038,23.521,17.04,35.54
17.03,18.48,17.028,23.496,17.03,35.52
17.02,18.45,17.018,23.466,17.02,35.51
17.01,18.41,17.008,23.434,17.01,35.50
17,18.38,16.999,23.406,17.00,35.49
16.99,18.36,16.989,23.382,16.99,35.47
16.98,18.33,16.979,23.356,16.98,35.45
16.97,18.31,16.969,23.324,16.97,35.44
16.96,18.28,16.959,23.295,16.96,35.43
16.95,18.25,16.949,23.270,16.95,35.42
16.94,18.22,16.939,23.243,16.94,35.40
16.93,18.19,16.929,23.216,16.93,35.39
16.92,18.16,16.919,23.190,16.92,35.38
16.91,18.13,16.909,23.161,16.91,35.37
16.9,18.11,16.899,23.136,16.90,35.35
16.89,18.08,16.890,23.105,16.89,35.34
16.88,18.05,16.880,23.074,16.88,35.33
16.87,18.01,16.870,23.049,16.87,35.31
16.86,17.99,16.860,23.020,16.86,35.30
16.85,17.96,16.850,22.991,16.85,35.28
16.84,17.93,16.840,22.960,16.84,35.27
16.83,17.91,16.830,22.934,16.83,35.26
16.82,17.88,16.820,22.908,16.82,35.24
16.81,17.85,16.810,22.874,16.81,35.23
16.8,17.83,16.800,22.844,16.80,35.21
16.79,17.80,16.790,22.815,16.79,35.20
16.78,17.77,16.780,22.784,16.78,35.19
16.77,17.73,16.771,22.757,16.77,35.18
16.76,17.71,16.761,22.733,16.76,35.16
16.75,17.69,16.751,22.708,16.75,35.15
16.74,17.66,16.741,22.680,16.74,35.14
16.73,17.65,16.731,22.650,16.73,35.12
16.72,17.62,16.721,22.620,16.72,35.11
16.71,17.59,16.711,22.591,16.71,35.09
16.7,17.57,16.701,22.554,16.70,35.08
16.69,17.53,16.691,22.525,16.69,35.06
16.68,17.51,16.681,22.499,16.68,35.05
16.67,17.48,16.671,22.470,16.67,35.04
16.66,17.46,16.662,22.441,16.66,35.02
16.65,17.44,16.652,22.413,16.65,35.01
16.64,17.41,16.642,22.388,16.64,34.99
16.63,17.39,16.632,22.356,16.63,34.98
16.62,17.36,16.622,22.325,16.62,34.97
16.61,17.33,16.612,22.298,16.61,34.95
16.6,17.30,16.602,22.269,16.60,34.93
16.59,17.27,16.592,22.236,16.59,34.91
16.58,17.25,16.582,22.209,16.58,34.90
16.57,17.23,16.572,22.184,16.57,34.89
16.56,17.20,16.562,22.155,16.56,34.88
16.55,17.18,16.552,22.125,16.55,34.86
16.54,17.15,16.543,22.092,16.54,34.84
16.53,17.12,16.533,22.060,16.53,34.83
16.52,17.08,16.523,22.029,16.52,34.81
16.51,17.06,16.513,21.996,16.51,34.80
16.5,17.03,16.503,21.965,16.50,34.79
16.49,17.01,16.493,21.936,16.49,34.78
16.48,16.98,16.483,21.906,16.48,34.76
16.47,16.95,16.473,21.879,16.47,34.75
16.46,16.92,16.463,21.850,16.46,34.73
16.45,16.90,16.453,21.823,16.45,34.72
16.44,16.87,16.443,21.792,16.44,34.71
16.43,16.85,16.434,21.762,16.43,34.69
16.42,16.83,16.424,21.735,16.42,34.68
16.41,16.80,16.414,21.699,16.41,34.66
16.4,16.77,16.404,21.666,16.40,34.65
16.39,16.73,16.394,21.637,16.39,34.64
16.38,16.70,16.384,21.608,16.38,34.63
16.37,16.68,16.374,21.577,16.37,34.61
16.36,16.64,16.364,21.549,16.36,34.60
16.35,16.62,16.354,21.520,16.35,34.59
16.34,16.60,16.344,21.489,16.34,34.58
16.33,16.55,16.334,21.458,16.33,34.56
16.32,16.53,16.324,21.428,16.32,34.55
16.32,16.49,16.315,21.396,16.32,34.54
16.31,16.47,16.305,21.365,16.31,34.53
16.3,16.43,16.295,21.331,16.30,34.51
16.29,16.39,16.285,21.300,16.29,34.50
16.28,16.36,16.275,21.271,16.28,34.49
16.27,16.32,16.265,21.238,16.27,34.47
16.26,16.29,16.255,21.210,16.26,34.46
16.25,16.26,16.245,21.180,16.25,34.45
16.24,16.23,16.235,21.151,16.24,34.44
16.23,16.19,16.225,21.122,16.23,34.42
16.22,16.16,16.215,21.088,16.22,34.41
16.21,16.12,16.206,21.048,16.21,34.40
16.2,16.10,16.196,21.018,16.20,34.38
16.19,16.06,16.186,20.987,16.19,34.37
16.18,16.03,16.176,20.957,16.18,34.35
16.17,16.01,16.166,20.923,16.17,34.33
16.16,15.98,16.156,20.894,16.16,34.32
16.15,15.93,16.146,20.866,16.15,34.30
16.14,15.91,16.136,20.837,16.14,34.29
16.13,15.87,16.126,20.806,16.13,34.28
16.12,15.84,16.116,20.774,16.12,34.27
16.11,15.81,16.106,20.742,16.11,34.25
16.1,15.78,16.096,20.710,16.10,34.24
16.09,15.75,16.087,20.680,16.09,34.22
16.08,15.73,16.077,20.648,16.08,34.20
16.07,15.69,16.067,20.619,16.07,34.19
16.06,15.65,16.057,20.589,16.06,34.18
16.05,15.62,16.047,20.559,16.05,34.16
16.04,15.58,16.037,20.521,16.04,34.15
16.03,15.53,16.027,20.474,16.03,34.14
16.02,15.50,16.017,20.441,16.02,34.13
16.01,15.45,16.007,20.410,16.01,34.11
16,15.41,15.997,20.379,16.00,34.10
15.99,15.35,15.987,20.350,15.99,34.09
15.98,15.30,15.978,20.313,15.98,34.07
15.97,15.26,15.968,20.283,15.97,34.06
15.96,15.21,15.958,20.254,15.96,34.05
15.95,15.16,15.948,20.223,15.95,34.03
15.94,15.11,15.938,20.174,15.94,34.02
15.93,15.06,15.928,20.142,15.93,34.01
15.92,15.01,15.918,20.104,15.92,33.99
15.91,14.96,15.908,20.069,15.91,33.98
15.9,14.91,15.898,20.037,15.90,33.96
15.89,14.87,15.888,20.004,15.89,33.95
15.88,14.80,15.878,19.974,15.88,33.94
15.87,14.74,15.868,19.945,15.87,33.93
15.86,14.68,15.859,19.917,15.86,33.91
15.85,14.64,15.849,19.885,15.85,33.90
15.84,14.59,15.839,19.856,15.84,33.88
15.83,14.54,15.829,19.821,15.83,33.87
15.82,14.50,15.819,19.792,15.82,33.85
15.81,14.42,15.809,19.759,15.81,33.84
15.8,14.32,15.799,19.724,15.80,33.83
15.79,14.25,15.789,19.695,15.79,33.82
15.78,14.16,15.779,19.663,15.78,33.81
15.77,14.09,15.769,19.632,15.77,33.79
15.76,13.97,15.759,19.596,15.76,33.77
15.75,13.79,15.750,19.560,15.75,33.75
15.74,13.79,15.740,19.530,15.74,33.74
15.73,13.79,15.730,19.498,15.73,33.72
15.72,13.79,15.720,19.468,15.72,33.71
15.71,13.79,15.710,19.436,15.71,33.70
15.7,13.79,15.700,19.403,15.70,33.68
15.69,13.79,15.690,19.364,15.69,33.67
15.68,13.79,15.680,19.331,15.68,33.65
15.67,13.79,15.670,19.299,15.67,33.64
15.66,13.79,15.660,19.263,15.66,33.63
15.65,13.79,15.650,19.230,15.65,33.61
15.64,13.79,15.640,19.195,15.64,33.60
15.63,13.79,15.631,19.160,15.63,33.58
15.62,13.79,15.621,19.128,15.62,33.57
15.61,13.79,15.611,19.095,15.61,33.56
15.6,13.79,15.601,19.057,15.60,33.54
15.59,13.79,15.591,19.024,15.59,33.53
15.58,13.79,15.581,18.993,15.58,33.52
15.57,13.79,15.571,18.958,15.57,33.50
15.56,13.79,15.561,18.919,15.56,33.49
15.55,13.79,15.551,18.885,15.55,33.47
15.54,13.79,15.541,18.846,15.54,33.46
15.53,13.79,15.531,18.809,15.53,33.45
15.52,13.79,15.522,18.775,15.52,33.43
15.51,13.79,15.512,18.742,15.51,33.41
15.5,13.79,15.502,18.707,15.50,33.40
15.49,13.79,15.492,18.674,15.49,33.38
15.48,13.79,15.482,18.636,15.48,33.36
15.47,13.79,15.472,18.607,15.47,33.35
15.46,13.79,15.462,18.569,15.46,33.34
15.45,13.79,15.452,18.539,15.45,33.33
15.44,13.79,15.442,18.505,15.44,33.31
15.43,13.79,15.432,18.464,15.43,33.30
15.42,13.79,15.422,18.433,15.42,33.28
15.41,13.79,15.412,18.402,15.41,33.27
15.4,13.79,15.403,18.366,15.40,33.26
15.39,13.79,15.393,18.332,15.39,33.24
15.38,13.79,15.383,18.301,15.38,33.23
15.37,13.79,15.373,18.269,15.37,33.21
15.36,13.79,15.363,18.236,15.36,33.20
15.35,13.79,15.353,18.203,15.35,33.18
15.34,13.79,15.343,18.167,15.34,33.17
15.33,13.79,15.333,18.128,15.33,33.16
15.32,13.79,15.323,18.095,15.32,33.15
15.31,13.79,15.313,18.061,15.31,33.13
15.3,13.79,15.303,18.028,15.30,33.12
15.29,13.79,15.294,17.996,15.29,33.10
15.28,13.79,15.284,17.958,15.28,33.09
15.27,13.79,15.274,17.925,15.27,33.07
15.26,13.79,15.264,17.887,15.26,33.06
15.25,13.79,15.254,17.840,15.25,33.05
15.24,13.79,15.244,17.805,15.24,33.02
15.23,13.79,15.234,17.771,15.23,33.01
15.22,13.79,15.224,17.739,15.22,32.99
15.21,13.79,15.214,17.703,15.21,32.98
15.2,13.79,15.204,17.662,15.20,32.96
15.19,13.79,15.194,17.625,15.19,32.95
15.18,13.79,15.184,17.593,15.18,32.93
15.18,13.79,15.175,17.555,15.18,32.91
15.17,13.79,15.165,17.524,15.17,32.89
15.16,13.79,15.155,17.479,15.16,32.87
15.15,13.79,15.145,17.436,15.15,32.86
15.14,13.79,15.135,17.394,15.14,32.85
15.13,13.79,15.125,17.353,15.13,32.84
15.12,13.79,15.115,17.320,15.12,32.82
15.11,13.79,15.105,17.279,15.11,32.80
15.1,13.79,15.095,17.237,15.10,32.79
15.09,13.79,15.085,17.195,15.09,32.77
15.08,13.79,15.075,17.160,15.08,32.76
15.07,13.79,15.066,17.120,15.07,32.74
15.06,13.79,15.056,17.079,15.06,32.73
15.05,13.79,15.046,17.044,15.05,32.71
15.04,13.79,15.036,17.005,15.04,32.70
15.03,13.79,15.026,16.958,15.03,32.68
15.02,13.79,15.016,16.920,15.02,32.67
15.01,13.79,15.006,16.858,15.01,32.66
15,13.79,14.996,16.826,15.00,32.65
14.99,13.79,14.986,16.782,14.99,32.63
14.98,13.79,14.976,16.747,14.98,32.62
14.97,13.79,14.966,16.711,14.97,32.60
14.96,13.79,14.956,16.641,14.96,32.58
14.95,13.79,14.947,16.603,14.95,32.57
14.94,13.79,14.937,16.566,14.94,32.56
14.93,13.79,14.927,16.526,14.93,32.54
14.92,13.79,14.917,16.481,14.92,32.53
14.91,13.79,14.907,16.440,14.91,32.51
14.9,13.79,14.897,16.403,14.90,32.50
14.89,13.78,14.887,16.347,14.89,32.48
14.88,13.78,14.877,16.311,14.88,32.46
14.87,13.78,14.867,16.267,14.87,32.45
14.86,13.78,14.857,16.222,14.86,32.44
14.85,13.77,14.847,16.174,14.85,32.43
14.84,13.77,14.838,16.127,14.84,32.41
14.83,13.77,14.828,16.082,14.83,32.40
14.82,13.77,14.818,16.038,14.82,32.38
14.81,13.76,14.808,15.996,14.81,32.37
14.8,13.76,14.798,15.955,14.80,32.35
14.79,13.75,14.788,15.908,14.79,32.34
14.78,13.75,14.778,15.857,14.78,32.33
14.77,13.75,14.768,15.812,14.77,32.31
14.76,13.74,14.758,15.758,14.76,32.30
14.75,13.74,14.748,15.712,14.75,32.28
14.74,13.74,14.738,15.657,14.74,32.27
14.73,13.73,14.728,15.606,14.73,32.25
14.72,13.73,14.719,15.561,14.72,32.24
14.71,13.72,14.709,15.513,14.71,32.23
14.7,13.72,14.699,15.460,14.70,32.21
14.69,13.72,14.689,15.407,14.69,32.20
14.68,13.71,14.679,15.358,14.68,32.18
14.67,13.71,14.669,15.300,14.67,32.17
14.66,13.71,14.659,15.245,14.66,32.15
14.65,13.70,14.649,15.185,14.65,32.14
14.64,13.70,14.639,15.133,14.64,32.12
14.63,13.69,14.629,15.069,14.63,32.11
14.62,13.69,14.619,15.001,14.62,32.09
14.61,13.69,14.610,14.933,14.61,32.08
14.6,13.68,14.600,14.821,14.60,32.07
14.59,13.68,14.590,14.738,14.59,32.06
14.58,13.67,14.580,14.633,14.58,32.04
14.57,13.67,14.570,14.406,14.57,32.03
14.56,13.66,14.560,14.155,14.56,32.02
14.55,13.66,14.550,13.669,14.55,32.00
14.54,13.65,14.540,13.669,14.54,31.99
14.53,13.65,14.530,13.669,14.53,31.98
14.52,13.64,14.520,13.669,14.52,31.96
14.51,13.64,14.510,13.669,14.51,31.94
14.5,13.63,14.500,13.669,14.50,31.93
14.49,13.63,14.491,13.669,14.49,31.92
14.48,13.62,14.481,13.669,14.48,31.89
14.47,13.62,14.471,13.669,14.47,31.88
14.46,13.61,14.461,13.669,14.46,31.86
14.45,13.61,14.451,13.669,14.45,31.85
14.44,13.60,14.441,13.669,14.44,31.83
14.43,13.59,14.431,13.669,14.43,31.81
14.42,13.59,14.421,13.669,14.42,31.80
14.41,13.58,14.411,13.669,14.41,31.79
14.4,13.58,14.401,13.669,14.40,31.77
14.39,13.57,14.391,13.669,14.39,31.75
14.38,13.56,14.382,13.669,14.38,31.74
14.37,13.56,14.372,13.669,14.37,31.73
14.36,13.55,14.362,13.669,14.36,31.71
14.35,13.54,14.352,13.669,14.35,31.70
14.34,13.54,14.342,13.669,14.34,31.68
14.33,13.53,14.332,13.669,14.33,31.67
14.32,13.52,14.322,13.669,14.32,31.66
14.31,13.51,14.312,13.669,14.31,31.64
14.3,13.51,14.302,13.669,14.30,31.62
14.29,13.50,14.292,13.669,14.29,31.61
14.28,13.49,14.282,13.669,14.28,31.59
14.27,13.49,14.272,13.669,14.27,31.58
14.26,13.48,14.263,13.669,14.26,31.57
14.25,13.47,14.253,13.669,14.25,31.55
14.24,13.46,14.243,13.669,14.24,31.54
14.23,13.46,14.233,13.669,14.23,31.52
14.22,13.45,14.223,13.669,14.22,31.50
14.21,13.44,14.213,13.669,14.21,31.49
14.2,13.43,14.203,13.669,14.20,31.48
14.19,13.43,14.193,13.669,14.19,31.46
14.18,13.42,14.183,13.669,14.18,31.45
14.17,13.41,14.173,13.669,14.17,31.43
14.16,13.40,14.163,13.669,14.16,31.42
14.15,13.39,14.154,13.669,14.15,31.40
14.14,13.38,14.144,13.669,14.14,31.39
14.13,13.37,14.134,13.669,14.13,31.37
14.12,13.36,14.124,13.669,14.12,31.35
14.11,13.36,14.114,13.669,14.11,31.34
14.1,13.35,14.104,13.669,14.10,31.33
14.09,13.34,14.094,13.669,14.09,31.31
14.08,13.33,14.084,13.669,14.08,31.30
14.07,13.32,14.074,13.669,14.07,31.29
14.06,13.31,14.064,13.669,14.06,31.27
14.05,13.30,14.054,13.669,14.05,31.26
14.04,13.30,14.044,13.669,14.04,31.24
14.04,13.29,14.035,13.669,14.04,31.23
14.03,13.28,14.025,13.669,14.03,31.22
14.02,13.27,14.015,13.669,14.02,31.20
14.01,13.27,14.005,13.669,14.01,31.18
14,13.26,13.995,13.669,14.00,31.17
13.99,13.25,13.985,13.669,13.99,31.16
13.98,13.23,13.975,13.669,13.98,31.14
13.97,13.22,13.965,13.669,13.97,31.12
13.96,13.21,13.955,13.669,13.96,31.11
13.95,13.20,13.945,13.669,13.95,31.09
13.94,13.19,13.935,13.669,13.94,31.08
13.93,13.17,13.926,13.669,13.93,31.06
13.92,13.16,13.916,13.669,13.92,31.05
13.91,13.14,13.906,13.669,13.91,31.03
13.9,13.13,13.896,13.669,13.90,31.02
13.89,13.11,13.886,13.669,13.89,31.00
13.88,13.10,13.876,13.669,13.88,30.99
13.87,13.09,13.866,13.669,13.87,30.97
13.86,13.07,13.856,13.669,13.86,30.95
13.85,13.06,13.846,13.669,13.85,30.94
13.84,13.04,13.836,13.669,13.84,30.93
13.83,13.02,13.826,13.669,13.83,30.91
13.82,13.01,13.816,13.669,13.82,30.89
13.81,13.00,13.807,13.669,13.81,30.88
13.8,12.98,13.797,13.669,13.80,30.87
13.79,12.97,13.787,13.669,13.79,30.85
13.78,12.96,13.777,13.669,13.78,30.83
13.77,12.94,13.767,13.669,13.77,30.81
13.76,12.92,13.757,13.669,13.76,30.80
13.75,12.89,13.747,13.669,13.75,30.79
13.74,12.86,13.737,13.669,13.74,30.77
13.73,12.82,13.727,13.669,13.73,30.76
13.72,12.79,13.717,13.667,13.72,30.75
13.71,12.75,13.707,13.662,13.71,30.73
13.7,12.71,13.698,13.653,13.70,30.71
13.69,12.67,13.688,13.601,13.69,30.70
13.68,12.67,13.678,13.601,13.68,30.68
13.67,12.67,13.668,13.601,13.67,30.66
13.66,12.67,13.658,13.601,13.66,30.64
13.65,12.67,13.648,13.601,13.65,30.63
13.64,12.67,13.638,13.601,13.64,30.62
13.63,12.67,13.628,13.601,13.63,30.61
13.62,12.67,13.618,13.601,13.62,30.59
13.61,12.67,13.608,13.601,13.61,30.57
13.6,12.67,13.598,13.601,13.60,30.56
13.59,12.67,13.589,13.600,13.59,30.54
13.58,12.67,13.579,13.600,13.58,30.52
13.57,12.67,13.569,13.600,13.57,30.51
13.56,12.67,13.559,13.600,13.56,30.49
13.55,12.67,13.549,13.600,13.55,30.48
13.54,12.67,13.539,13.600,13.54,30.46
13.53,12.67,13.529,13.600,13.53,30.44
13.52,12.67,13.519,13.600,13.52,30.43
13.51,12.67,13.509,13.600,13.51,30.42
13.5,12.67,13.499,13.600,13.50,30.40
13.49,12.67,13.489,13.600,13.49,30.38
13.48,12.67,13.479,13.600,13.48,30.36
13.47,12.67,13.470,13.600,13.47,30.35
13.46,12.67,13.460,13.600,13.46,30.34
13.45,12.67,13.450,13.600,13.45,30.32
13.44,12.67,13.440,13.600,13.44,30.30
13.43,12.67,13.430,13.600,13.43,30.29
13.42,12.67,13.420,13.600,13.42,30.27
13.41,12.67,13.410,13.600,13.41,30.26
13.4,12.67,13.400,13.600,13.40,30.24
13.39,12.67,13.390,13.600,13.39,30.22
13.38,12.67,13.380,13.600,13.38,30.21
13.37,12.67,13.370,13.600,13.37,30.19
13.36,12.67,13.361,13.600,13.36,30.18
13.35,12.67,13.351,13.600,13.35,30.16
13.34,12.67,13.341,13.600,13.34,30.14
13.33,12.67,13.331,13.600,13.33,30.13
13.32,12.67,13.321,13.600,13.32,30.11
13.31,12.67,13.311,13.600,13.31,30.10
13.3,12.67,13.301,13.600,13.30,30.09
13.29,12.67,13.291,13.600,13.29,30.07
13.28,12.67,13.281,13.600,13.28,30.06
13.27,12.67,13.271,13.600,13.27,30.04
13.26,12.67,13.261,13.600,13.26,30.02
13.25,12.67,13.251,13.599,13.25,30.01
13.24,12.67,13.242,13.599,13.24,29.99
13.23,12.67,13.232,13.599,13.23,29.98
13.22,12.67,13.222,13.599,13.22,29.96
13.21,12.67,13.212,13.599,13.21,29.95
13.2,12.67,13.202,13.598,13.20,29.93
13.19,12.67,13.192,13.598,13.19,29.92
13.18,12.67,13.182,13.597,13.18,29.90
13.17,12.67,13.172,13.597,13.17,29.89
13.16,12.67,13.162,13.596,13.16,29.87
13.15,12.66,13.152,13.595,13.15,29.86
13.14,12.66,13.142,13.594,13.14,29.85
13.13,12.66,13.133,13.593,13.13,29.83
13.12,12.66,13.123,13.591,13.12,29.82
13.11,12.66,13.113,13.590,13.11,29.80
13.1,12.66,13.103,13.589,13.10,29.78
13.09,12.66,13.093,13.587,13.09,29.76
13.08,12.66,13.083,13.586,13.08,29.75
13.07,12.65,13.073,13.584,13.07,29.74
13.06,12.65,13.063,13.583,13.06,29.72
13.05,12.65,13.053,13.581,13.05,29.70
13.04,12.65,13.043,13.580,13.04,29.69
13.03,12.65,13.033,13.578,13.03,29.67
13.02,12.65,13.023,13.576,13.02,29.66
13.01,12.64,13.014,13.574,13.01,29.64
13,12.64,13.004,13.573,13.00,29.63
12.99,12.64,12.994,13.570,12.99,29.61
12.98,12.64,12.984,13.568,12.98,29.59
12.97,12.64,12.974,13.566,12.97,29.57
12.96,12.63,12.964,13.564,12.96,29.55
12.95,12.63,12.954,13.562,12.95,29.54
12.94,12.63,12.944,13.559,12.94,29.52
12.93,12.63,12.934,13.557,12.93,29.51
12.92,12.63,12.924,13.555,12.92,29.50
12.91,12.62,12.914,13.552,12.91,29.48
12.91,12.62,12.905,13.550,12.91,29.47
12.9,12.62,12.895,13.547,12.90,29.45
12.89,12.62,12.885,13.545,12.89,29.44
12.88,12.61,12.875,13.542,12.88,29.42
12.87,12.61,12.865,13.540,12.87,29.41
12.86,12.61,12.855,13.538,12.86,29.39
12.85,12.61,12.845,13.536,12.85,29.38
12.84,12.60,12.835,13.534,12.84,29.36
12.83,12.60,12.825,13.531,12.83,29.35
12.82,12.60,12.815,13.529,12.82,29.33
12.81,12.60,12.805,13.527,12.81,29.31
12.8,12.59,12.795,13.524,12.80,29.30
12.79,12.59,12.786,13.522,12.79,29.29
12.78,12.59,12.776,13.520,12.78,29.27
12.77,12.58,12.766,13.517,12.77,29.25
12.76,12.58,12.756,13.515,12.76,29.23
12.75,12.58,12.746,13.512,12.75,29.22
12.74,12.58,12.736,13.510,12.74,29.20
12.73,12.57,12.726,13.508,12.73,29.19
12.72,12.57,12.716,13.505,12.72,29.17
12.71,12.57,12.706,13.503,12.71,29.15
12.7,12.56,12.696,13.500,12.70,29.13
12.69,12.56,12.686,13.497,12.69,29.12
12.68,12.56,12.677,13.495,12.68,29.10
12.67,12.56,12.667,13.492,12.67,29.08
12.66,12.55,12.657,13.489,12.66,29.07
12.65,12.55,12.647,13.487,12.65,29.05
12.64,12.55,12.637,13.484,12.64,29.04
12.63,12.54,12.627,13.481,12.63,29.02
12.62,12.54,12.617,13.479,12.62,29.01
12.61,12.54,12.607,13.476,12.61,28.99
12.6,12.54,12.597,13.473,12.60,28.98
12.59,12.53,12.587,13.470,12.59,28.96
12.58,12.53,12.577,13.467,12.58,28.95
12.57,12.53,12.567,13.464,12.57,28.93
12.56,12.52,12.558,13.462,12.56,28.92
12.55,12.52,12.548,13.459,12.55,28.91
12.54,12.52,12.538,13.456,12.54,28.89
12.53,12.51,12.528,13.453,12.53,28.87
12.52,12.51,12.518,13.451,12.52,28.86
12.51,12.51,12.508,13.448,12.51,28.84
12.5,12.50,12.498,13.445,12.50,28.83
12.49,12.50,12.488,13.442,12.49,28.81
12.48,12.50,12.478,13.439,12.48,28.79
12.47,12.49,12.468,13.436,12.47,28.77
12.46,12.49,12.458,13.433,12.46,28.76
12.45,12.49,12.449,13.430,12.45,28.74
12.44,12.48,12.439,13.426,12.44,28.73
12.43,12.48,12.429,13.423,12.43,28.71
12.42,12.48,12.419,13.420,12.42,28.69
12.41,12.47,12.409,13.417,12.41,28.68
12.4,12.47,12.399,13.413,12.40,28.66
12.39,12.46,12.389,13.410,12.39,28.65
12.38,12.46,12.379,13.407,12.38,28.63
12.37,12.46,12.369,13.403,12.37,28.61
12.36,12.45,12.359,13.400,12.36,28.59
12.35,12.45,12.349,13.396,12.35,28.58
12.34,12.45,12.339,13.393,12.34,28.56
12.33,12.44,12.330,13.390,12.33,28.54
12.32,12.44,12.320,13.387,12.32,28.53
12.31,12.44,12.310,13.383,12.31,28.52
12.3,12.43,12.300,13.380,12.30,28.50
12.29,12.43,12.290,13.377,12.29,28.48
12.28,12.42,12.280,13.374,12.28,28.46
12.27,12.42,12.270,13.371,12.27,28.45
12.26,12.42,12.260,13.367,12.26,28.43
12.25,12.41,12.250,13.364,12.25,28.41
12.24,12.41,12.240,13.361,12.24,28.39
12.23,12.41,12.230,13.358,12.23,28.37
12.22,12.40,12.221,13.354,12.22,28.36
12.21,12.40,12.211,13.351,12.21,28.34
12.2,12.39,12.201,13.347,12.20,28.33
12.19,12.39,12.191,13.344,12.19,28.31
12.18,12.39,12.181,13.340,12.18,28.29
12.17,12.38,12.171,13.336,12.17,28.27
12.16,12.38,12.161,13.332,12.16,28.26
12.15,12.37,12.151,13.329,12.15,28.24
12.14,12.37,12.141,13.325,12.14,28.23
12.13,12.37,12.131,13.321,12.13,28.21
12.12,12.36,12.121,13.318,12.12,28.20
12.11,12.36,12.111,13.314,12.11,28.18
12.1,12.35,12.102,13.310,12.10,28.16
12.09,12.35,12.092,13.306,12.09,28.15
12.08,12.35,12.082,13.303,12.08,28.13
12.07,12.34,12.072,13.298,12.07,28.12
12.06,12.34,12.062,13.294,12.06,28.10
12.05,12.34,12.052,13.291,12.05,28.08
12.04,12.33,12.042,13.287,12.04,28.06
12.03,12.33,12.032,13.284,12.03,28.05
12.02,12.32,12.022,13.280,12.02,28.03
12.01,12.32,12.012,13.277,12.01,28.02
12,12.31,12.002,13.273,12.00,28.00
11.99,12.31,11.993,13.270,11.99,27.98
11.98,12.31,11.983,13.266,11.98,27.96
11.97,12.30,11.973,13.262,11.97,27.94
11.96,12.30,11.963,13.258,11.96,27.93
11.95,12.29,11.953,13.255,11.95,27.92
11.94,12.29,11.943,13.251,11.94,27.90
11.93,12.29,11.933,13.247,11.93,27.88
11.92,12.28,11.923,13.244,11.92,27.86
11.91,12.28,11.913,13.240,11.91,27.84
11.9,12.27,11.903,13.237,11.90,27.83
11.89,12.27,11.893,13.233,11.89,27.81
11.88,12.26,11.883,13.229,11.88,27.80
11.87,12.26,11.874,13.225,11.87,27.78
11.86,12.26,11.864,13.221,11.86,27.77
11.85,12.25,11.854,13.216,11.85,27.75
11.84,12.25,11.844,13.212,11.84,27.73
11.83,12.24,11.834,13.208,11.83,27.72
11.82,12.24,11.824,13.204,11.82,27.70
11.81,12.23,11.814,13.201,11.81,27.69
11.8,12.23,11.804,13.196,11.80,27.67
11.79,12.23,11.794,13.192,11.79,27.65
11.78,12.22,11.784,13.188,11.78,27.64
11.77,12.22,11.774,13.184,11.77,27.62
11.77,12.21,11.765,13.180,11.77,27.60
11.76,12.21,11.755,13.177,11.76,27.59
11.75,12.20,11.745,13.173,11.75,27.57
11.74,12.20,11.735,13.169,11.74,27.56
11.73,12.19,11.725,13.165,11.73,27.54
11.72,12.19,11.715,13.161,11.72,27.52
11.71,12.19,11.705,13.157,11.71,27.51
11.7,12.18,11.695,13.153,11.70,27.49
11.69,12.18,11.685,13.149,11.69,27.48
11.68,12.17,11.675,13.145,11.68,27.46
11.67,12.17,11.665,13.141,11.67,27.44
11.66,12.16,11.655,13.137,11.66,27.43
11.65,12.16,11.646,13.132,11.65,27.41
11.64,12.15,11.636,13.128,11.64,27.40
11.63,12.15,11.626,13.124,11.63,27.39
11.62,12.14,11.616,13.120,11.62,27.37
11.61,12.14,11.606,13.116,11.61,27.35
11.6,12.13,11.596,13.112,11.60,27.34
11.59,12.13,11.586,13.108,11.59,27.32
11.58,12.12,11.576,13.104,11.58,27.30
11.57,12.12,11.566,13.099,11.57,27.28
11.56,12.11,11.556,13.095,11.56,27.26
11.55,12.11,11.546,13.091,11.55,27.25
11.54,12.10,11.537,13.087,11.54,27.23
11.53,12.10,11.527,13.083,11.53,27.22
11.52,12.09,11.517,13.078,11.52,27.20
11.51,12.09,11.507,13.074,11.51,27.19
11.5,12.08,11.497,13.070,11.50,27.17
11.49,12.08,11.487,13.066,11.49,27.16
11.48,12.07,11.477,13.062,11.48,27.14
11.47,12.07,11.467,13.057,11.47,27.12
11.46,12.06,11.457,13.053,11.46,27.11
11.45,12.06,11.447,13.049,11.45,27.09
11.44,12.05,11.437,13.044,11.44,27.07
11.43,12.05,11.427,13.040,11.43,27.06
11.42,12.04,11.418,13.035,11.42,27.04
11.41,12.04,11.408,13.031,11.41,27.02
11.4,12.03,11.398,13.026,11.40,27.00
11.39,12.03,11.388,13.022,11.39,26.98
11.38,12.02,11.378,13.018,11.38,26.97
11.37,12.02,11.368,13.014,11.37,26.96
11.36,12.01,11.358,13.009,11.36,26.94
11.35,12.01,11.348,13.005,11.35,26.92
11.34,12.00,11.338,13.000,11.34,26.91
11.33,11.99,11.328,12.996,11.33,26.90
11.32,11.99,11.318,12.991,11.32,26.88
11.31,11.98,11.309,12.987,11.31,26.87
11.3,11.98,11.299,12.982,11.30,26.85
11.29,11.97,11.289,12.978,11.29,26.83
11.28,11.97,11.279,12.974,11.28,26.82
11.27,11.96,11.269,12.969,11.27,26.81
11.26,11.96,11.259,12.965,11.26,26.79
11.25,11.95,11.249,12.960,11.25,26.77
11.24,11.94,11.239,12.956,11.24,26.76
11.23,11.94,11.229,12.951,11.23,26.74
11.22,11.93,11.219,12.947,11.22,26.73
11.21,11.93,11.209,12.942,11.21,26.71
11.2,11.92,11.199,12.937,11.20,26.69
11.19,11.92,11.190,12.933,11.19,26.67
11.18,11.91,11.180,12.929,11.18,26.66
11.17,11.91,11.170,12.925,11.17,26.64
11.16,11.90,11.160,12.921,11.16,26.63
11.15,11.89,11.150,12.917,11.15,26.61
11.14,11.89,11.140,12.912,11.14,26.59
11.13,11.88,11.130,12.908,11.13,26.57
11.12,11.88,11.120,12.903,11.12,26.55
11.11,11.87,11.110,12.899,11.11,26.54
11.1,11.87,11.100,12.895,11.10,26.52
11.09,11.86,11.090,12.890,11.09,26.50
11.08,11.85,11.081,12.885,11.08,26.48
11.07,11.85,11.071,12.881,11.07,26.46
11.06,11.84,11.061,12.877,11.06,26.45
11.05,11.84,11.051,12.873,11.05,26.43
11.04,11.83,11.041,12.868,11.04,26.41
11.03,11.82,11.031,12.864,11.03,26.39
11.02,11.82,11.021,12.859,11.02,26.38
11.01,11.81,11.011,12.855,11.01,26.36
11,11.81,11.001,12.850,11.00,26.35
10.99,11.80,10.991,12.846,10.99,26.33
10.98,11.80,10.981,12.841,10.98,26.32
10.97,11.79,10.971,12.836,10.97,26.30
10.96,11.78,10.962,12.831,10.96,26.28
10.95,11.78,10.952,12.827,10.95,26.27
10.94,11.77,10.942,12.823,10.94,26.25
10.93,11.77,10.932,12.819,10.93,26.23
10.92,11.76,10.922,12.814,10.92,26.21
10.91,11.75,10.912,12.810,10.91,26.20
10.9,11.75,10.902,12.805,10.90,26.18
10.89,11.74,10.892,12.801,10.89,26.16
10.88,11.73,10.882,12.797,10.88,26.15
10.87,11.73,10.872,12.792,10.87,26.14
10.86,11.72,10.862,12.787,10.86,26.12
10.85,11.71,10.853,12.782,10.85,26.10
10.84,11.71,10.843,12.779,10.84,26.08
10.83,11.70,10.833,12.774,10.83,26.07
10.82,11.70,10.823,12.769,10.82,26.04
10.81,11.69,10.813,12.764,10.81,26.03
10.8,11.68,10.803,12.759,10.80,26.01
10.79,11.68,10.793,12.753,10.79,26.00
10.78,11.67,10.783,12.749,10.78,25.98
10.77,11.66,10.773,12.745,10.77,25.96
10.76,11.66,10.763,12.740,10.76,25.94
10.75,11.65,10.753,12.735,10.75,25.93
10.74,11.64,10.743,12.731,10.74,25.91
10.73,11.64,10.734,12.726,10.73,25.90
10.72,11.63,10.724,12.721,10.72,25.88
10.71,11.62,10.714,12.717,10.71,25.86
10.7,11.62,10.704,12.712,10.70,25.84
10.69,11.61,10.694,12.707,10.69,25.82
10.68,11.60,10.684,12.702,10.68,25.81
10.67,11.60,10.674,12.698,10.67,25.79
10.66,11.59,10.664,12.695,10.66,25.77
10.65,11.58,10.654,12.690,10.65,25.76
10.64,11.58,10.644,12.685,10.64,25.74
10.63,11.57,10.634,12.680,10.63,25.72
10.63,11.56,10.625,12.674,10.63,25.70
10.62,11.56,10.615,12.670,10.62,25.68
10.61,11.55,10.605,12.665,10.61,25.67
10.6,11.54,10.595,12.660,10.60,25.65
10.59,11.54,10.585,12.655,10.59,25.63
10.58,11.53,10.575,12.650,10.58,25.62
10.57,11.52,10.565,12.645,10.57,25.60
10.56,11.51,10.555,12.640,10.56,25.59
10.55,11.51,10.545,12.635,10.55,25.57
10.54,11.50,10.535,12.630,10.54,25.56
10.53,11.49,10.525,12.625,10.53,25.54
10.52,11.49,10.515,12.621,10.52,25.52
10.51,11.48,10.506,12.616,10.51,25.50
10.5,11.47,10.496,12.612,10.50,25.48
10.49,11.47,10.486,12.607,10.49,25.47
10.48,11.46,10.476,12.601,10.48,25.45
10.47,11.45,10.466,12.597,10.47,25.43
10.46,11.45,10.456,12.592,10.46,25.41
10.45,11.44,10.446,12.587,10.45,25.40
10.44,11.43,10.436,12.582,10.44,25.38
10.43,11.42,10.426,12.577,10.43,25.36
10.42,11.41,10.416,12.572,10.42,25.35
10.41,11.40,10.406,12.568,10.41,25.33
10.4,11.39,10.397,12.563,10.40,25.31
10.39,11.39,10.387,12.559,10.39,25.30
10.38,11.38,10.377,12.554,10.38,25.28
10.37,11.37,10.367,12.549,10.37,25.26
10.36,11.37,10.357,12.544,10.36,25.24
10.35,11.36,10.347,12.539,10.35,25.22
10.34,11.35,10.337,12.534,10.34,25.21
10.33,11.34,10.327,12.529,10.33,25.19
10.32,11.34,10.317,12.525,10.32,25.17
10.31,11.33,10.307,12.520,10.31,25.16
10.3,11.32,10.297,12.514,10.30,25.14
10.29,11.31,10.287,12.510,10.29,25.12
10.28,11.30,10.278,12.505,10.28,25.11
10.27,11.30,10.268,12.500,10.27,25.09
10.26,11.29,10.258,12.496,10.26,25.07
10.25,11.28,10.248,12.491,10.25,25.05
10.24,11.28,10.238,12.486,10.24,25.04
10.23,11.27,10.228,12.481,10.23,25.02
10.22,11.26,10.218,12.476,10.22,25.00
10.21,11.26,10.208,12.471,10.21,24.98
10.2,11.25,10.198,12.467,10.20,24.96
10.19,11.24,10.188,12.462,10.19,24.95
10.18,11.23,10.178,12.457,10.18,24.93
10.17,11.22,10.169,12.454,10.17,24.92
10.16,11.22,10.159,12.449,10.16,24.90
10.15,11.21,10.149,12.444,10.15,24.88
10.14,11.20,10.139,12.439,10.14,24.87
10.13,11.20,10.129,12.434,10.13,24.85
10.12,11.19,10.119,12.429,10.12,24.83
10.11,11.18,10.109,12.425,10.11,24.81
10.1,11.17,10.099,12.419,10.10,24.80
10.09,11.17,10.089,12.414,10.09,24.77
10.08,11.16,10.079,12.410,10.08,24.76
10.07,11.15,10.069,12.406,10.07,24.74
10.06,11.15,10.059,12.401,10.06,24.72
10.05,11.14,10.050,12.395,10.05,24.70
10.04,11.13,10.040,12.390,10.04,24.69
10.03,11.13,10.030,12.385,10.03,24.67
10.02,11.12,10.020,12.380,10.02,24.65
10.01,11.11,10.010,12.375,10.01,24.63
10,11.10,10.000,12.370,10.00,24.61
9.99,11.09,9.990,12.365,9.99,24.59
9.98,11.08,9.980,12.359,9.98,24.58
9.97,11.08,9.970,12.354,9.97,24.56
9.96,11.07,9.960,12.349,9.96,24.54
9.95,11.06,9.950,12.344,9.95,24.52
9.94,11.06,9.941,12.338,9.94,24.50
9.93,11.05,9.931,12.333,9.93,24.48
9.92,11.04,9.921,12.328,9.92,24.47
9.91,11.03,9.911,12.323,9.91,24.45
9.9,11.02,9.901,12.318,9.90,24.43
9.89,11.02,9.891,12.313,9.89,24.41
9.88,11.01,9.881,12.308,9.88,24.39
9.87,11.00,9.871,12.304,9.87,24.37
9.86,10.99,9.861,12.299,9.86,24.35
9.85,10.98,9.851,12.295,9.85,24.33
9.84,10.97,9.841,12.291,9.84,24.32
9.83,10.97,9.831,12.286,9.83,24.30
9.82,10.96,9.822,12.281,9.82,24.28
9.81,10.95,9.812,12.276,9.81,24.26
9.8,10.94,9.802,12.271,9.80,24.24
9.79,10.93,9.792,12.266,9.79,24.23
9.78,10.93,9.782,12.262,9.78,24.21
9.77,10.92,9.772,12.257,9.77,24.19
9.76,10.91,9.762,12.252,9.76,24.17
9.75,10.90,9.752,12.247,9.75,24.16
9.74,10.89,9.742,12.242,9.74,24.14
9.73,10.88,9.732,12.236,9.73,24.12
9.72,10.88,9.722,12.231,9.72,24.10
9.71,10.87,9.713,12.227,9.71,24.08
9.7,10.86,9.703,12.222,9.70,24.06
9.69,10.85,9.693,12.217,9.69,24.05
9.68,10.85,9.683,12.212,9.68,24.03
9.67,10.84,9.673,12.207,9.67,24.01
9.66,10.83,9.663,12.203,9.66,23.99
9.65,10.82,9.653,12.199,9.65,23.97
9.64,10.81,9.643,12.194,9.64,23.95
9.63,10.80,9.633,12.190,9.63,23.94
9.62,10.79,9.623,12.184,9.62,23.91
9.61,10.78,9.613,12.179,9.61,23.90
9.6,10.77,9.603,12.174,9.60,23.88
9.59,10.77,9.594,12.168,9.59,23.87
9.58,10.76,9.584,12.163,9.58,23.85
9.57,10.75,9.574,12.157,9.57,23.83
9.56,10.74,9.564,12.152,9.56,23.81
9.55,10.73,9.554,12.147,9.55,23.79
9.54,10.73,9.544,12.143,9.54,23.77
9.53,10.72,9.534,12.136,9.53,23.75
9.52,10.71,9.524,12.131,9.52,23.73
9.51,10.70,9.514,12.126,9.51,23.71
9.5,10.69,9.504,12.120,9.50,23.69
9.49,10.68,9.494,12.116,9.49,23.68
9.49,10.67,9.485,12.109,9.49,23.66
9.48,10.67,9.475,12.104,9.48,23.64
9.47,10.66,9.465,12.099,9.47,23.63
9.46,10.65,9.455,12.094,9.46,23.61
9.45,10.64,9.445,12.089,9.45,23.59
9.44,10.63,9.435,12.084,9.44,23.57
9.42,10.62,9.425,12.078,9.42,23.55
9.42,10.61,9.415,12.072,9.42,23.53
9.41,10.61,9.405,12.067,9.41,23.51
9.4,10.60,9.395,12.062,9.40,23.49
9.39,10.59,9.385,12.057,9.39,23.48
9.38,10.58,9.375,12.051,9.38,23.46
9.37,10.57,9.366,12.046,9.37,23.44
9.36,10.56,9.356,12.042,9.36,23.42
9.35,10.55,9.346,12.037,9.35,23.40
9.34,10.54,9.336,12.031,9.34,23.38
9.33,10.53,9.326,12.027,9.33,23.36
9.32,10.53,9.316,12.021,9.32,23.34
9.31,10.52,9.306,12.017,9.31,23.32
9.3,10.51,9.296,12.012,9.30,23.30
9.29,10.50,9.286,12.007,9.29,23.29
9.28,10.49,9.276,12.003,9.28,23.27
9.27,10.49,9.266,11.997,9.27,23.25
9.26,10.48,9.257,11.992,9.26,23.24
9.25,10.47,9.247,11.986,9.25,23.22
9.24,10.46,9.237,11.980,9.24,23.20
9.23,10.45,9.227,11.974,9.23,23.18
9.22,10.45,9.217,11.970,9.22,23.16
9.21,10.44,9.207,11.964,9.21,23.14
9.2,10.43,9.197,11.959,9.20,23.12
9.19,10.42,9.187,11.952,9.19,23.10
9.18,10.41,9.177,11.946,9.18,23.08
9.17,10.41,9.167,11.940,9.17,23.06
9.16,10.40,9.157,11.935,9.16,23.05
9.15,10.39,9.147,11.929,9.15,23.02
9.14,10.38,9.138,11.923,9.14,23.01
9.13,10.37,9.128,11.917,9.13,22.99
9.12,10.36,9.118,11.912,9.12,22.97
9.11,10.35,9.108,11.907,9.11,22.95
9.1,10.35,9.098,11.901,9.10,22.93
9.09,10.34,9.088,11.896,9.09,22.91
9.08,10.33,9.078,11.891,9.08,22.89
9.07,10.32,9.068,11.885,9.07,22.88
9.06,10.31,9.058,11.879,9.06,22.86
9.05,10.30,9.048,11.874,9.05,22.84
9.04,10.29,9.038,11.870,9.04,22.82
9.03,10.29,9.029,11.865,9.03,22.80
9.02,10.28,9.019,11.859,9.02,22.78
9.01,10.27,9.009,11.854,9.01,22.76
9,10.27,8.999,11.849,9.00,22.75
8.99,10.25,8.989,11.843,8.99,22.72
8.98,10.25,8.979,11.837,8.98,22.71
8.97,10.24,8.969,11.831,8.97,22.69
8.96,10.24,8.959,11.826,8.96,22.67
8.95,10.23,8.949,11.821,8.95,22.65
8.94,10.21,8.939,11.815,8.94,22.63
8.93,10.20,8.929,11.810,8.93,22.62
8.92,10.20,8.919,11.805,8.92,22.60
8.91,10.19,8.910,11.799,8.91,22.58
8.9,10.19,8.900,11.794,8.90,22.56
8.89,10.18,8.890,11.790,8.89,22.55
8.88,10.17,8.880,11.784,8.88,22.53
8.87,10.16,8.870,11.778,8.87,22.51
8.86,10.15,8.860,11.773,8.86,22.49
8.85,10.14,8.850,11.769,8.85,22.47
8.84,10.13,8.840,11.763,8.84,22.45
8.83,10.13,8.830,11.759,8.83,22.43
8.82,10.12,8.820,11.753,8.82,22.41
8.81,10.11,8.810,11.746,8.81,22.39
8.8,10.10,8.801,11.741,8.80,22.37
8.79,10.09,8.791,11.737,8.79,22.35
8.78,10.08,8.781,11.732,8.78,22.33
8.77,10.08,8.771,11.727,8.77,22.31
8.76,10.07,8.761,11.721,8.76,22.29
8.75,10.06,8.751,11.715,8.75,22.27
8.74,10.06,8.741,11.709,8.74,22.25
8.73,10.05,8.731,11.703,8.73,22.23
8.72,10.04,8.721,11.699,8.72,22.21
8.71,10.03,8.711,11.693,8.71,22.19
8.7,10.02,8.701,11.687,8.70,22.17
8.69,10.02,8.691,11.683,8.69,22.16
8.68,10.01,8.682,11.677,8.68,22.14
8.67,10.00,8.672,11.670,8.67,22.11
8.66,9.99,8.662,11.663,8.66,22.09
8.65,9.98,8.652,11.658,8.65,22.07
8.64,9.98,8.642,11.651,8.64,22.05
8.63,9.97,8.632,11.645,8.63,22.03
8.62,9.96,8.622,11.640,8.62,22.01
8.61,9.95,8.612,11.634,8.61,21.99
8.6,9.95,8.602,11.629,8.60,21.97
8.59,9.94,8.592,11.623,8.59,21.95
8.58,9.93,8.582,11.616,8.58,21.93
8.57,9.92,8.573,11.610,8.57,21.91
8.56,9.91,8.563,11.605,8.56,21.90
8.55,9.89,8.553,11.599,8.55,21.88
8.54,9.88,8.543,11.594,8.54,21.85
8.53,9.88,8.533,11.589,8.53,21.83
8.52,9.87,8.523,11.584,8.52,21.81
8.51,9.86,8.513,11.578,8.51,21.80
8.5,9.85,8.503,11.573,8.50,21.78
8.49,9.84,8.493,11.566,8.49,21.76
8.48,9.84,8.483,11.561,8.48,21.74
8.47,9.83,8.473,11.554,8.47,21.71
8.46,9.82,8.463,11.550,8.46,21.70
8.45,9.81,8.454,11.543,8.45,21.68
8.44,9.80,8.444,11.538,8.44,21.65
8.43,9.79,8.434,11.532,8.43,21.63
8.42,9.78,8.424,11.527,8.42,21.61
8.41,9.78,8.414,11.521,8.41,21.60
8.4,9.76,8.404,11.517,8.40,21.58
8.39,9.75,8.394,11.511,8.39,21.56
8.38,9.75,8.384,11.505,8.38,21.54
8.37,9.74,8.374,11.499,8.37,21.52
8.36,9.73,8.364,11.494,8.36,21.50
8.35,9.72,8.354,11.486,8.35,21.48
8.35,9.72,8.345,11.480,8.35,21.46
8.34,9.71,8.335,11.476,8.34,21.44
8.33,9.70,8.325,11.469,8.33,21.42
8.31,9.70,8.315,11.462,8.31,21.40
8.31,9.69,8.305,11.456,8.31,21.38
8.3,9.68,8.295,11.449,8.30,21.36
8.29,9.67,8.285,11.443,8.29,21.34
8.28,9.66,8.275,11.435,8.28,21.32
8.27,9.65,8.265,11.430,8.27,21.31
8.26,9.64,8.255,11.424,8.26,21.29
8.25,9.64,8.245,11.418,8.25,21.27
8.24,9.63,8.235,11.412,8.24,21.24
8.23,9.62,8.226,11.406,8.23,21.22
8.22,9.61,8.216,11.400,8.22,21.20
8.21,9.61,8.206,11.394,8.21,21.18
8.2,9.60,8.196,11.388,8.20,21.16
8.19,9.59,8.186,11.383,8.19,21.13
8.18,9.58,8.176,11.377,8.18,21.11
8.17,9.58,8.166,11.371,8.17,21.09
8.16,9.57,8.156,11.365,8.16,21.07
8.15,9.56,8.146,11.359,8.15,21.05
8.14,9.56,8.136,11.350,8.14,21.03
8.13,9.54,8.126,11.344,8.13,21.01
8.12,9.53,8.117,11.339,8.12,20.99
8.11,9.53,8.107,11.333,8.11,20.97
8.1,9.52,8.097,11.327,8.10,20.96
8.09,9.51,8.087,11.322,8.09,20.93
8.08,9.50,8.077,11.315,8.08,20.91
8.07,9.50,8.067,11.309,8.07,20.89
8.06,9.49,8.057,11.303,8.06,20.87
8.05,9.48,8.047,11.298,8.05,20.86
8.04,9.48,8.037,11.292,8.04,20.83
8.03,9.47,8.027,11.283,8.03,20.81
8.02,9.46,8.017,11.278,8.02,20.80
8.01,9.45,8.007,11.272,8.01,20.78
8,9.44,7.998,11.265,8.00,20.76
7.99,9.44,7.988,11.259,7.99,20.74
7.98,9.43,7.978,11.253,7.98,20.71
7.97,9.42,7.968,11.247,7.97,20.69
7.96,9.42,7.958,11.240,7.96,20.67
7.95,9.41,7.948,11.233,7.95,20.64
7.94,9.40,7.938,11.227,7.94,20.63
7.93,9.40,7.928,11.221,7.93,20.60
7.92,9.39,7.918,11.217,7.92,20.59
7.91,9.38,7.908,11.210,7.91,20.56
7.9,9.37,7.898,11.203,7.90,20.54
7.89,9.37,7.889,11.198,7.89,20.52
7.88,9.36,7.879,11.192,7.88,20.50
7.87,9.35,7.869,11.186,7.87,20.48
7.86,9.34,7.859,11.178,7.86,20.46
7.85,9.33,7.849,11.173,7.85,20.42
7.84,9.32,7.839,11.166,7.84,20.41
7.83,9.31,7.829,11.157,7.83,20.39
7.82,9.30,7.819,11.151,7.82,20.37
7.81,9.29,7.809,11.144,7.81,20.35
7.8,9.29,7.799,11.136,7.80,20.33
7.79,9.28,7.789,11.131,7.79,20.31
7.78,9.27,7.779,11.124,7.78,20.29
7.77,9.26,7.770,11.119,7.77,20.26
7.76,9.25,7.760,11.111,7.76,20.24
7.75,9.24,7.750,11.103,7.75,20.22
7.74,9.24,7.740,11.096,7.74,20.20
7.73,9.23,7.730,11.092,7.73,20.18
7.72,9.22,7.720,11.083,7.72,20.16
7.71,9.22,7.710,11.075,7.71,20.14
7.7,9.21,7.700,11.070,7.70,20.12
7.69,9.20,7.690,11.063,7.69,20.10
7.68,9.20,7.680,11.057,7.68,20.08
7.67,9.19,7.670,11.051,7.67,20.06
7.66,9.18,7.661,11.045,7.66,20.04
7.65,9.17,7.651,11.040,7.65,20.02
7.64,9.16,7.641,11.034,7.64,20.00
7.63,9.15,7.631,11.027,7.63,19.98
7.62,9.14,7.621,11.021,7.62,19.96
7.61,9.14,7.611,11.014,7.61,19.94
7.6,9.13,7.601,11.009,7.60,19.92
7.59,9.12,7.591,11.001,7.59,19.90
7.58,9.12,7.581,10.995,7.58,19.88
7.57,9.11,7.571,10.987,7.57,19.86
7.56,9.09,7.561,10.979,7.56,19.84
7.55,9.08,7.551,10.973,7.55,19.81
7.54,9.07,7.542,10.966,7.54,19.79
7.53,9.07,7.532,10.960,7.53,19.77
7.52,9.06,7.522,10.952,7.52,19.75
7.51,9.05,7.512,10.945,7.51,19.73
7.5,9.04,7.502,10.938,7.50,19.71
7.49,9.03,7.492,10.931,7.49,19.68
7.48,9.02,7.482,10.925,7.48,19.65
7.47,9.02,7.472,10.919,7.47,19.63
7.46,9.01,7.462,10.912,7.46,19.61
7.45,9.00,7.452,10.904,7.45,19.59
7.44,8.99,7.442,10.896,7.44,19.56
7.43,8.99,7.433,10.886,7.43,19.53
7.42,8.97,7.423,10.879,7.42,19.51
7.41,8.97,7.413,10.873,7.41,19.49
7.4,8.96,7.403,10.867,7.40,19.46
7.39,8.95,7.393,10.860,7.39,19.44
7.38,8.94,7.383,10.853,7.38,19.42
7.37,8.93,7.373,10.845,7.37,19.40
7.36,8.92,7.363,10.836,7.36,19.38
7.35,8.91,7.353,10.831,7.35,19.36
7.34,8.90,7.343,10.825,7.34,19.34
7.33,8.89,7.333,10.819,7.33,19.32
7.32,8.89,7.323,10.810,7.32,19.30
7.31,8.88,7.314,10.803,7.31,19.28
7.3,8.87,7.304,10.796,7.30,19.26
7.29,8.87,7.294,10.790,7.29,19.24
7.28,8.86,7.284,10.784,7.28,19.21
7.27,8.85,7.274,10.777,7.27,19.19
7.26,8.84,7.264,10.770,7.26,19.17
7.25,8.83,7.254,10.762,7.25,19.15
7.24,8.83,7.244,10.756,7.24,19.13
7.23,8.82,7.234,10.749,7.23,19.11
7.22,8.81,7.224,10.740,7.22,19.08
7.21,8.80,7.214,10.734,7.21,19.06
7.2,8.79,7.205,10.727,7.20,19.04
7.2,8.78,7.195,10.720,7.20,19.02
7.19,8.77,7.185,10.713,7.19,19.00
7.18,8.76,7.175,10.706,7.18,18.98
7.17,8.76,7.165,10.700,7.17,18.95
7.16,8.75,7.155,10.694,7.16,18.92
7.15,8.74,7.145,10.687,7.15,18.90
7.14,8.74,7.135,10.682,7.14,18.88
7.13,8.73,7.125,10.672,7.13,18.86
7.12,8.72,7.115,10.665,7.12,18.84
7.11,8.72,7.105,10.658,7.11,18.82
7.1,8.71,7.095,10.652,7.10,18.79
7.09,8.70,7.086,10.645,7.09,18.77
7.08,8.70,7.076,10.638,7.08,18.75
7.07,8.69,7.066,10.632,7.07,18.73
7.06,8.68,7.056,10.625,7.06,18.71
7.05,8.67,7.046,10.619,7.05,18.69
7.04,8.67,7.036,10.612,7.04,18.67
7.03,8.66,7.026,10.605,7.03,18.65
7.02,8.65,7.016,10.598,7.02,18.62
7.01,8.64,7.006,10.592,7.01,18.59
7,8.63,6.996,10.586,7.00,18.57
6.99,8.62,6.986,10.578,6.99,18.55
6.98,8.61,6.977,10.571,6.98,18.53
6.97,8.60,6.967,10.565,6.97,18.51
6.96,8.60,6.957,10.559,6.96,18.49
6.95,8.59,6.947,10.553,6.95,18.46
6.94,8.58,6.937,10.545,6.94,18.44
6.93,8.57,6.927,10.537,6.93,18.42
6.92,8.56,6.917,10.529,6.92,18.40
6.91,8.55,6.907,10.521,6.91,18.37
6.9,8.55,6.897,10.515,6.90,18.35
6.89,8.54,6.887,10.506,6.89,18.33
6.88,8.53,6.877,10.501,6.88,18.30
6.87,8.52,6.867,10.494,6.87,18.28
6.86,8.51,6.858,10.488,6.86,18.26
6.85,8.51,6.848,10.482,6.85,18.24
6.84,8.49,6.838,10.476,6.84,18.22
6.83,8.48,6.828,10.468,6.83,18.20
6.82,8.48,6.818,10.459,6.82,18.17
6.81,8.47,6.808,10.449,6.81,18.15
6.8,8.46,6.798,10.441,6.80,18.13
6.79,8.45,6.788,10.435,6.79,18.10
6.78,8.44,6.778,10.427,6.78,18.08
6.77,8.43,6.768,10.420,6.77,18.06
6.76,8.43,6.758,10.412,6.76,18.03
6.75,8.42,6.749,10.403,6.75,18.00
6.74,8.41,6.739,10.397,6.74,17.98
6.73,8.40,6.729,10.388,6.73,17.96
6.72,8.38,6.719,10.382,6.72,17.94
6.71,8.38,6.709,10.373,6.71,17.92
6.7,8.37,6.699,10.366,6.70,17.90
6.69,8.36,6.689,10.356,6.69,17.88
6.68,8.35,6.679,10.349,6.68,17.86
6.67,8.34,6.669,10.340,6.67,17.84
6.66,8.34,6.659,10.330,6.66,17.81
6.65,8.33,6.649,10.321,6.65,17.79
6.64,8.32,6.639,10.314,6.64,17.77
6.63,8.31,6.630,10.305,6.63,17.75
6.62,8.30,6.620,10.298,6.62,17.73
6.61,8.29,6.610,10.290,6.61,17.71
6.6,8.28,6.600,10.281,6.60,17.68
6.59,8.28,6.590,10.271,6.59,17.66
6.58,8.27,6.580,10.265,6.58,17.63
6.57,8.26,6.570,10.258,6.57,17.61
6.56,8.25,6.560,10.250,6.56,17.59
6.55,8.25,6.550,10.241,6.55,17.57
6.54,8.23,6.540,10.235,6.54,17.54
6.53,8.22,6.530,10.227,6.53,17.52
6.52,8.21,6.521,10.220,6.52,17.50
6.51,8.21,6.511,10.212,6.51,17.48
6.5,8.20,6.501,10.205,6.50,17.45
6.49,8.18,6.491,10.197,6.49,17.43
6.48,8.17,6.481,10.188,6.48,17.41
6.47,8.16,6.471,10.179,6.47,17.38
6.46,8.15,6.461,10.171,6.46,17.36
6.45,8.14,6.451,10.164,6.45,17.34
6.44,8.14,6.441,10.156,6.44,17.32
6.43,8.13,6.431,10.148,6.43,17.30
6.42,8.12,6.421,10.142,6.42,17.28
6.41,8.10,6.411,10.133,6.41,17.25
6.4,8.10,6.402,10.125,6.40,17.23
6.39,8.08,6.392,10.119,6.39,17.20
6.38,8.07,6.382,10.110,6.38,17.18
6.37,8.06,6.372,10.103,6.37,17.16
6.36,8.06,6.362,10.096,6.36,17.13
6.35,8.05,6.352,10.089,6.35,17.11
6.34,8.04,6.342,10.082,6.34,17.09
6.33,8.03,6.332,10.074,6.33,17.06
6.32,8.01,6.322,10.068,6.32,17.04
6.31,8.01,6.312,10.058,6.31,17.02
6.3,8.00,6.302,10.052,6.30,16.99
6.29,7.98,6.293,10.045,6.29,16.97
6.28,7.97,6.283,10.038,6.28,16.95
6.27,7.96,6.273,10.031,6.27,16.93
6.26,7.95,6.263,10.023,6.26,16.91
6.25,7.95,6.253,10.015,6.25,16.89
6.24,7.94,6.243,10.004,6.24,16.86
6.23,7.92,6.233,9.996,6.23,16.84
6.22,7.91,6.223,9.986,6.22,16.82
6.21,7.91,6.213,9.979,6.21,16.80
6.2,7.90,6.203,9.972,6.20,16.77
6.19,7.89,6.193,9.964,6.19,16.75
6.18,7.88,6.183,9.956,6.18,16.73
6.17,7.87,6.174,9.949,6.17,16.70
6.16,7.86,6.164,9.940,6.16,16.68
6.15,7.85,6.154,9.932,6.15,16.66
6.14,7.84,6.144,9.922,6.14,16.63
6.13,7.83,6.134,9.912,6.13,16.61
6.12,7.82,6.124,9.902,6.12,16.58
6.11,7.82,6.114,9.893,6.11,16.56
6.1,7.81,6.104,9.885,6.10,16.54
6.09,7.80,6.094,9.876,6.09,16.51
6.08,7.79,6.084,9.866,6.08,16.49
6.07,7.79,6.074,9.860,6.07,16.46
6.07,7.78,6.065,9.852,6.07,16.44
6.06,7.76,6.055,9.844,6.06,16.42
6.05,7.76,6.045,9.837,6.05,16.39
6.04,7.75,6.035,9.829,6.04,16.37
6.03,7.74,6.025,9.822,6.03,16.35
6.02,7.73,6.015,9.815,6.02,16.32
6.01,7.72,6.005,9.808,6.01,16.30
5.99,7.70,5.995,9.800,5.99,16.27
5.99,7.70,5.985,9.792,5.99,16.25
5.98,7.69,5.975,9.780,5.98,16.23
5.97,7.67,5.965,9.771,5.97,16.20
5.96,7.66,5.955,9.761,5.96,16.18
5.95,7.65,5.946,9.752,5.95,16.16
5.94,7.65,5.936,9.745,5.94,16.14
5.93,7.63,5.926,9.737,5.93,16.12
5.92,7.62,5.916,9.723,5.92,16.10
5.91,7.62,5.906,9.712,5.91,16.07
5.9,7.61,5.896,9.705,5.90,16.04
5.89,7.60,5.886,9.696,5.89,16.02
5.88,7.59,5.876,9.686,5.88,16.00
5.87,7.58,5.866,9.679,5.87,15.97
5.86,7.58,5.856,9.669,5.86,15.95
5.85,7.57,5.846,9.660,5.85,15.92
5.84,7.56,5.837,9.651,5.84,15.90
5.83,7.55,5.827,9.643,5.83,15.88
5.82,7.54,5.817,9.634,5.82,15.86
5.81,7.54,5.807,9.625,5.81,15.83
5.8,7.53,5.797,9.618,5.80,15.81
5.79,7.52,5.787,9.607,5.79,15.78
5.78,7.51,5.777,9.598,5.78,15.76
5.77,7.50,5.767,9.589,5.77,15.74
5.76,7.50,5.757,9.578,5.76,15.71
5.75,7.49,5.747,9.570,5.75,15.69
5.74,7.48,5.737,9.560,5.74,15.66
5.73,7.47,5.728,9.546,5.73,15.63
5.72,7.46,5.718,9.539,5.72,15.61
5.71,7.45,5.708,9.531,5.71,15.59
5.7,7.44,5.698,9.522,5.70,15.56
5.69,7.43,5.688,9.511,5.69,15.54
5.68,7.42,5.678,9.498,5.68,15.51
5.67,7.41,5.668,9.490,5.67,15.49
5.66,7.40,5.658,9.482,5.66,15.46
5.65,7.40,5.648,9.470,5.65,15.44
5.64,7.39,5.638,9.461,5.64,15.41
5.63,7.38,5.628,9.451,5.63,15.39
5.62,7.37,5.618,9.444,5.62,15.36
5.61,7.36,5.609,9.432,5.61,15.34
5.6,7.35,5.599,9.425,5.60,15.31
5.59,7.34,5.589,9.418,5.59,15.28
5.58,7.34,5.579,9.407,5.58,15.26
5.57,7.32,5.569,9.396,5.57,15.24
5.56,7.31,5.559,9.385,5.56,15.21
5.55,7.30,5.549,9.378,5.55,15.19
5.54,7.30,5.539,9.368,5.54,15.16
5.53,7.29,5.529,9.358,5.53,15.14
5.52,7.27,5.519,9.349,5.52,15.12
5.51,7.26,5.509,9.341,5.51,15.09
5.5,7.25,5.500,9.333,5.50,15.07
5.49,7.24,5.490,9.324,5.49,15.04
5.48,7.23,5.480,9.317,5.48,15.02
5.47,7.22,5.470,9.305,5.47,14.99
5.46,7.21,5.460,9.297,5.46,14.97
5.45,7.20,5.450,9.288,5.45,14.95
5.44,7.19,5.440,9.281,5.44,14.92
5.43,7.18,5.430,9.269,5.43,14.90
5.42,7.18,5.420,9.262,5.42,14.88
5.41,7.17,5.410,9.254,5.41,14.85
5.4,7.16,5.400,9.243,5.40,14.83
5.39,7.15,5.390,9.235,5.39,14.80
5.38,7.15,5.381,9.228,5.38,14.77
5.37,7.14,5.371,9.219,5.37,14.75
5.36,7.13,5.361,9.213,5.36,14.72
5.35,7.12,5.351,9.204,5.35,14.70
5.34,7.11,5.341,9.197,5.34,14.68
5.33,7.10,5.331,9.185,5.33,14.66
5.32,7.09,5.321,9.174,5.32,14.63
5.31,7.08,5.311,9.163,5.31,14.60
5.3,7.08,5.301,9.154,5.30,14.57
5.29,7.07,5.291,9.145,5.29,14.55
5.28,7.05,5.281,9.136,5.28,14.52
5.27,7.04,5.272,9.129,5.27,14.50
5.26,7.03,5.262,9.117,5.26,14.47
5.25,7.02,5.252,9.109,5.25,14.45
5.24,7.01,5.242,9.101,5.24,14.42
5.23,7.01,5.232,9.093,5.23,14.40
5.22,7.00,5.222,9.085,5.22,14.37
5.21,6.99,5.212,9.075,5.21,14.35
5.2,6.98,5.202,9.067,5.20,14.32
5.19,6.97,5.192,9.058,5.19,14.29
5.18,6.96,5.182,9.047,5.18,14.27
5.17,6.95,5.172,9.040,5.17,14.24
5.16,6.94,5.162,9.031,5.16,14.22
5.15,6.93,5.153,9.022,5.15,14.20
5.14,6.92,5.143,9.013,5.14,14.17
5.13,6.91,5.133,9.004,5.13,14.14
5.12,6.90,5.123,8.993,5.12,14.12
5.11,6.89,5.113,8.978,5.11,14.09
5.1,6.88,5.103,8.969,5.10,14.06
5.09,6.87,5.093,8.959,5.09,14.03
5.08,6.86,5.083,8.950,5.08,14.01
5.07,6.86,5.073,8.942,5.07,13.99
5.06,6.84,5.063,8.930,5.06,13.96
5.05,6.83,5.053,8.921,5.05,13.92
5.04,6.82,5.044,8.912,5.04,13.90
5.03,6.82,5.034,8.903,5.03,13.87
5.02,6.81,5.024,8.893,5.02,13.85
5.01,6.80,5.014,8.885,5.01,13.82
5,6.79,5.004,8.874,5.00,13.79
4.99,6.78,4.994,8.864,4.99,13.77
4.98,6.77,4.984,8.855,4.98,13.73
4.97,6.76,4.974,8.847,4.97,13.70
4.96,6.75,4.964,8.839,4.96,13.68
4.95,6.74,4.954,8.832,4.95,13.65
4.94,6.73,4.944,8.822,4.94,13.63
4.93,6.72,4.934,8.814,4.93,13.60
4.93,6.71,4.925,8.804,4.93,13.58
4.92,6.71,4.915,8.793,4.92,13.55
4.91,6.70,4.905,8.781,4.91,13.52
4.9,6.68,4.895,8.769,4.90,13.50
4.88,6.68,4.885,8.758,4.88,13.47
4.88,6.67,4.875,8.745,4.88,13.44
4.87,6.66,4.865,8.738,4.87,13.42
4.86,6.65,4.855,8.730,4.86,13.39
4.85,6.64,4.845,8.721,4.85,13.36
4.84,6.63,4.835,8.713,4.84,13.34
4.83,6.62,4.825,8.705,4.83,13.31
4.82,6.61,4.816,8.695,4.82,13.29
4.81,6.60,4.806,8.688,4.81,13.27
4.8,6.59,4.796,8.677,4.80,13.24
4.79,6.59,4.786,8.666,4.79,13.21
4.78,6.58,4.776,8.660,4.78,13.19
4.77,6.57,4.766,8.650,4.77,13.16
4.76,6.56,4.756,8.643,4.76,13.14
4.75,6.55,4.746,8.632,4.75,13.11
4.74,6.54,4.736,8.622,4.74,13.08
4.73,6.53,4.726,8.612,4.73,13.06
4.72,6.52,4.716,8.602,4.72,13.03
4.71,6.51,4.706,8.595,4.71,13.01
4.7,6.50,4.697,8.584,4.70,12.98
4.69,6.49,4.687,8.575,4.69,12.96
4.68,6.48,4.677,8.566,4.68,12.93
4.67,6.47,4.667,8.557,4.67,12.91
4.66,6.46,4.657,8.550,4.66,12.88
4.65,6.45,4.647,8.538,4.65,12.85
4.64,6.44,4.637,8.529,4.64,12.83
4.63,6.43,4.627,8.519,4.63,12.80
4.62,6.42,4.617,8.510,4.62,12.77
4.61,6.41,4.607,8.498,4.61,12.75
4.6,6.40,4.597,8.483,4.60,12.73
4.59,6.39,4.588,8.474,4.59,12.70
4.58,6.38,4.578,8.463,4.58,12.67
4.57,6.37,4.568,8.456,4.57,12.65
4.56,6.37,4.558,8.444,4.56,12.62
4.55,6.36,4.548,8.430,4.55,12.60
4.54,6.35,4.538,8.421,4.54,12.57
4.53,6.34,4.528,8.410,4.53,12.55
4.52,6.33,4.518,8.402,4.52,12.53
4.51,6.32,4.508,8.393,4.51,12.50
4.5,6.31,4.498,8.384,4.50,12.47
4.49,6.30,4.488,8.376,4.49,12.44
4.48,6.29,4.478,8.365,4.48,12.41
4.47,6.28,4.469,8.356,4.47,12.39
4.46,6.27,4.459,8.347,4.46,12.36
4.45,6.26,4.449,8.340,4.45,12.34
4.44,6.25,4.439,8.331,4.44,12.31
4.43,6.24,4.429,8.320,4.43,12.28
4.42,6.22,4.419,8.312,4.42,12.25
4.41,6.21,4.409,8.300,4.41,12.23
4.4,6.20,4.399,8.291,4.40,12.20
4.39,6.19,4.389,8.284,4.39,12.17
4.38,6.18,4.379,8.277,4.38,12.15
4.37,6.17,4.369,8.266,4.37,12.12
4.36,6.16,4.360,8.258,4.36,12.09
4.35,6.15,4.350,8.251,4.35,12.06
4.34,6.14,4.340,8.241,4.34,12.04
4.33,6.13,4.330,8.233,4.33,12.02
4.32,6.12,4.320,8.225,4.32,11.99
4.31,6.11,4.310,8.213,4.31,11.97
4.3,6.10,4.300,8.203,4.30,11.94
4.29,6.09,4.290,8.195,4.29,11.91
4.28,6.07,4.280,8.184,4.28,11.89
4.27,6.06,4.270,8.175,4.27,11.86
4.26,6.05,4.260,8.167,4.26,11.84
4.25,6.04,4.250,8.159,4.25,11.81
4.24,6.04,4.241,8.151,4.24,11.78
4.23,6.03,4.231,8.140,4.23,11.75
4.22,6.02,4.221,8.132,4.22,11.72
4.21,6.01,4.211,8.123,4.21,11.70
4.2,6.00,4.201,8.111,4.20,11.67
4.19,5.98,4.191,8.100,4.19,11.65
4.18,5.97,4.181,8.089,4.18,11.62
4.17,5.96,4.171,8.081,4.17,11.59
4.16,5.96,4.161,8.072,4.16,11.56
4.15,5.95,4.151,8.064,4.15,11.54
4.14,5.94,4.141,8.053,4.14,11.51
4.13,5.92,4.132,8.043,4.13,11.48
4.12,5.91,4.122,8.035,4.12,11.46
4.11,5.90,4.112,8.026,4.11,11.43
4.1,5.89,4.102,8.018,4.10,11.41
4.09,5.88,4.092,8.011,4.09,11.37
4.08,5.87,4.082,7.996,4.08,11.34
4.07,5.85,4.072,7.989,4.07,11.32
4.06,5.84,4.062,7.979,4.06,11.28
4.05,5.84,4.052,7.969,4.05,11.26
4.04,5.83,4.042,7.959,4.04,11.23
4.03,5.81,4.032,7.950,4.03,11.20
4.02,5.80,4.022,7.940,4.02,11.18
4.01,5.79,4.013,7.931,4.01,11.15
4,5.78,4.003,7.921,4.00,11.11
3.99,5.77,3.993,7.912,3.99,11.08
3.98,5.76,3.983,7.905,3.98,11.06
3.97,5.75,3.973,7.891,3.97,11.03
3.96,5.74,3.963,7.884,3.96,11.00
3.95,5.73,3.953,7.874,3.95,10.97
3.94,5.71,3.943,7.866,3.94,10.95
3.93,5.70,3.933,7.856,3.93,10.92
3.92,5.69,3.923,7.842,3.92,10.89
3.91,5.68,3.913,7.833,3.91,10.87
3.9,5.67,3.904,7.823,3.90,10.84
3.89,5.65,3.894,7.811,3.89,10.81
3.88,5.64,3.884,7.802,3.88,10.78
3.87,5.63,3.874,7.791,3.87,10.76
3.86,5.62,3.864,7.784,3.86,10.73
3.85,5.60,3.854,7.777,3.85,10.70
3.84,5.59,3.844,7.766,3.84,10.68
3.83,5.58,3.834,7.752,3.83,10.65
3.82,5.56,3.824,7.743,3.82,10.63
3.81,5.55,3.814,7.730,3.81,10.60
3.8,5.53,3.804,7.722,3.80,10.58
3.79,5.52,3.794,7.707,3.79,10.55
3.79,5.51,3.785,7.693,3.79,10.52
3.78,5.50,3.775,7.685,3.78,10.48
3.77,5.49,3.765,7.675,3.77,10.45
3.76,5.48,3.755,7.666,3.76,10.43
3.75,5.47,3.745,7.657,3.75,10.40
3.74,5.45,3.735,7.645,3.74,10.37
3.73,5.44,3.725,7.636,3.73,10.35
3.72,5.43,3.715,7.627,3.72,10.32
3.71,5.42,3.705,7.616,3.71,10.29
3.7,5.41,3.695,7.604,3.70,10.26
3.69,5.40,3.685,7.595,3.69,10.23
3.68,5.38,3.676,7.585,3.68,10.21
3.67,5.36,3.666,7.576,3.67,10.18
3.66,5.35,3.656,7.566,3.66,10.15
3.65,5.34,3.646,7.556,3.65,10.12
3.64,5.33,3.636,7.547,3.64,10.10
3.63,5.31,3.626,7.538,3.63,10.07
3.62,5.30,3.616,7.525,3.62,10.05
3.61,5.29,3.606,7.515,3.61,10.02
3.6,5.28,3.596,7.501,3.60,9.99
3.59,5.26,3.586,7.491,3.59,9.96
3.58,5.25,3.576,7.478,3.58,9.94
3.57,5.24,3.566,7.468,3.57,9.91
3.56,5.22,3.557,7.459,3.56,9.88
3.55,5.21,3.547,7.448,3.55,9.86
3.54,5.20,3.537,7.434,3.54,9.83
3.53,5.18,3.527,7.421,3.53,9.80
3.52,5.17,3.517,7.414,3.52,9.77
3.51,5.16,3.507,7.403,3.51,9.74
3.5,5.15,3.497,7.392,3.50,9.71
3.49,5.13,3.487,7.384,3.49,9.68
3.48,5.12,3.477,7.374,3.48,9.65
3.47,5.11,3.467,7.364,3.47,9.62
3.46,5.10,3.457,7.348,3.46,9.59
3.45,5.08,3.448,7.338,3.45,9.57
3.44,5.07,3.438,7.327,3.44,9.54
3.43,5.06,3.428,7.317,3.43,9.51
3.42,5.05,3.418,7.305,3.42,9.48
3.41,5.03,3.408,7.294,3.41,9.45
3.4,5.02,3.398,7.283,3.40,9.42
3.39,5.00,3.388,7.271,3.39,9.40
3.38,4.99,3.378,7.259,3.38,9.37
3.37,4.97,3.368,7.246,3.37,9.32
3.36,4.96,3.358,7.235,3.36,9.29
3.35,4.94,3.348,7.221,3.35,9.26
3.34,4.93,3.338,7.207,3.34,9.22
3.33,4.91,3.329,7.197,3.33,9.19
3.32,4.90,3.319,7.178,3.32,9.16
3.31,4.88,3.309,7.168,3.31,9.13
3.3,4.87,3.299,7.156,3.30,9.10
3.29,4.86,3.289,7.144,3.29,9.07
3.28,4.85,3.279,7.129,3.28,9.04
3.27,4.84,3.269,7.117,3.27,9.02
3.26,4.83,3.259,7.107,3.26,8.99
3.25,4.81,3.249,7.097,3.25,8.96
3.24,4.79,3.239,7.080,3.24,8.93
3.23,4.78,3.229,7.069,3.23,8.87
3.22,4.77,3.220,7.061,3.22,8.84
3.21,4.75,3.210,7.044,3.21,8.81
3.2,4.74,3.200,7.035,3.20,8.78
3.19,4.73,3.190,7.023,3.19,8.76
3.18,4.71,3.180,7.013,3.18,8.73
3.17,4.69,3.170,7.001,3.17,8.69
3.16,4.68,3.160,6.988,3.16,8.66
3.15,4.66,3.150,6.970,3.15,8.63
3.14,4.65,3.140,6.958,3.14,8.60
3.13,4.63,3.130,6.944,3.13,8.57
3.12,4.62,3.120,6.932,3.12,8.55
3.11,4.61,3.110,6.916,3.11,8.52
3.1,4.59,3.101,6.905,3.10,8.49
3.09,4.58,3.091,6.893,3.09,8.47
3.08,4.57,3.081,6.880,3.08,8.44
3.07,4.56,3.071,6.869,3.07,8.41
3.06,4.55,3.061,6.853,3.06,8.38
3.05,4.53,3.051,6.839,3.05,8.35
3.04,4.52,3.041,6.825,3.04,8.33
3.03,4.50,3.031,6.814,3.03,8.30
3.02,4.48,3.021,6.800,3.02,8.27
3.01,4.47,3.011,6.783,3.01,8.23
3,4.46,3.001,6.772,3.00,8.21
2.99,4.43,2.992,6.762,2.99,8.18
2.98,4.42,2.982,6.747,2.98,8.13
2.97,4.40,2.972,6.728,2.97,8.11
2.96,4.39,2.962,6.711,2.96,8.09
2.95,4.38,2.952,6.696,2.95,8.05
2.94,4.36,2.942,6.684,2.94,8.02
2.93,4.35,2.932,6.672,2.93,7.98
2.92,4.34,2.922,6.663,2.92,7.95
2.91,4.32,2.912,6.649,2.91,7.93
2.9,4.30,2.902,6.631,2.90,7.90
2.89,4.29,2.892,6.616,2.89,7.87
2.88,4.28,2.882,6.604,2.88,7.84
2.87,4.26,2.873,6.591,2.87,7.81
2.86,4.24,2.863,6.580,2.86,7.77
2.85,4.23,2.853,6.564,2.85,7.74
2.84,4.21,2.843,6.551,2.84,7.72
2.83,4.20,2.833,6.525,2.83,7.69
2.82,4.19,2.823,6.515,2.82,7.66
2.81,4.17,2.813,6.501,2.81,7.63
2.8,4.16,2.803,6.487,2.80,7.60
2.79,4.14,2.793,6.475,2.79,7.57
2.78,4.12,2.783,6.463,2.78,7.54
2.77,4.11,2.773,6.450,2.77,7.50
2.76,4.10,2.764,6.434,2.76,7.47
2.75,4.08,2.754,6.420,2.75,7.45
2.74,4.06,2.744,6.409,2.74,7.42
2.73,4.05,2.734,6.398,2.73,7.38
2.72,4.03,2.724,6.382,2.72,7.35
2.71,4.02,2.714,6.367,2.71,7.32
2.7,4.01,2.704,6.357,2.70,7.29
2.69,3.99,2.694,6.344,2.69,7.25
2.68,3.97,2.684,6.332,2.68,7.22
2.67,3.96,2.674,6.321,2.67,7.19
2.66,3.94,2.664,6.306,2.66,7.15
2.65,3.92,2.654,6.291,2.65,7.13
2.65,3.91,2.645,6.272,2.65,7.10
2.64,3.89,2.635,6.261,2.64,7.06
2.63,3.88,2.625,6.244,2.63,7.03
2.62,3.86,2.615,6.231,2.62,6.99
2.61,3.85,2.605,6.220,2.61,6.96
2.6,3.83,2.595,6.207,2.60,6.93
2.59,3.82,2.585,6.193,2.59,6.90
2.58,3.80,2.575,6.179,2.58,6.87
2.57,3.79,2.565,6.167,2.57,6.84
2.56,3.77,2.555,6.153,2.56,6.81
2.55,3.75,2.545,6.130,2.55,6.77
2.54,3.74,2.536,6.117,2.54,6.74
2.53,3.72,2.526,6.103,2.53,6.71
2.52,3.70,2.516,6.090,2.52,6.68
2.51,3.69,2.506,6.077,2.51,6.64
2.5,3.68,2.496,6.064,2.50,6.61
2.49,3.66,2.486,6.041,2.49,6.57
2.48,3.65,2.476,6.030,2.48,6.55
2.47,3.63,2.466,6.017,2.47,6.52
2.46,3.62,2.456,6.002,2.46,6.48
2.45,3.60,2.446,5.989,2.45,6.45
2.44,3.58,2.436,5.970,2.44,6.41
2.43,3.55,2.426,5.956,2.43,6.39
2.42,3.53,2.417,5.943,2.42,6.36
2.41,3.51,2.407,5.931,2.41,6.33
2.4,3.50,2.397,5.918,2.40,6.29
2.39,3.48,2.387,5.905,2.39,6.25
2.38,3.47,2.377,5.892,2.38,6.22
2.37,3.45,2.367,5.870,2.37,6.18
2.36,3.43,2.357,5.857,2.36,6.15
2.35,3.41,2.347,5.843,2.35,6.12
2.34,3.40,2.337,5.830,2.34,6.08
2.33,3.38,2.327,5.818,2.33,6.06
2.32,3.37,2.317,5.798,2.32,6.00
2.31,3.35,2.308,5.779,2.31,5.97
2.3,3.34,2.298,5.764,2.30,5.95
2.29,3.32,2.288,5.745,2.29,5.91
2.28,3.31,2.278,5.731,2.28,5.88
2.27,3.30,2.268,5.715,2.27,5.85
2.26,3.28,2.258,5.701,2.26,5.81
2.25,3.26,2.248,5.681,2.25,5.78
2.24,3.24,2.238,5.667,2.24,5.75
2.23,3.23,2.228,5.654,2.23,5.71
2.22,3.22,2.218,5.639,2.22,5.67
2.21,3.20,2.208,5.618,2.21,5.64
2.2,3.19,2.198,5.605,2.20,5.61
2.19,3.17,2.189,5.588,2.19,5.58
2.18,3.15,2.179,5.572,2.18,5.54
2.17,3.14,2.169,5.553,2.17,5.50
2.16,3.12,2.159,5.533,2.16,5.47
2.15,3.11,2.149,5.509,2.15,5.44
2.14,3.09,2.139,5.491,2.14,5.40
2.13,3.08,2.129,5.473,2.13,5.36
2.12,3.06,2.119,5.460,2.12,5.32
2.11,3.04,2.109,5.444,2.11,5.28
2.1,3.02,2.099,5.429,2.10,5.25
2.09,3.01,2.089,5.409,2.09,5.22
2.08,2.99,2.080,5.396,2.08,5.18
2.07,2.97,2.070,5.383,2.07,5.15
2.06,2.96,2.060,5.366,2.06,5.13
2.05,2.94,2.050,5.352,2.05,5.09
2.04,2.93,2.040,5.337,2.04,5.06
2.03,2.91,2.030,5.323,2.03,5.02
2.02,2.89,2.020,5.300,2.02,4.98
2.01,2.87,2.010,5.286,2.01,4.94
2,2.86,2.000,5.269,2.00,4.89
1.99,2.84,1.990,5.254,1.99,4.87
1.98,2.82,1.980,5.235,1.98,4.83
1.97,2.80,1.970,5.219,1.97,4.80
1.96,2.79,1.961,5.206,1.96,4.75
1.95,2.77,1.951,5.186,1.95,4.72
1.94,2.75,1.941,5.168,1.94,4.69
1.93,2.72,1.931,5.153,1.93,4.65
1.92,2.71,1.921,5.134,1.92,4.62
1.91,2.69,1.911,5.118,1.91,4.58
1.9,2.67,1.901,5.096,1.90,4.55
1.89,2.66,1.891,5.078,1.89,4.51
1.88,2.64,1.881,5.061,1.88,4.47
1.87,2.61,1.871,5.041,1.87,4.43
1.86,2.59,1.861,5.016,1.86,4.40
1.85,2.58,1.852,5.001,1.85,4.36
1.84,2.55,1.842,4.986,1.84,4.33
1.83,2.54,1.832,4.971,1.83,4.29
1.82,2.52,1.822,4.951,1.82,4.25
1.81,2.50,1.812,4.935,1.81,4.21
1.8,2.48,1.802,4.912,1.80,4.17
1.79,2.46,1.792,4.894,1.79,4.13
1.78,2.45,1.782,4.877,1.78,4.09
1.77,2.42,1.772,4.862,1.77,4.04
1.76,2.39,1.762,4.842,1.76,4.00
1.75,2.37,1.752,4.822,1.75,3.97
1.74,2.35,1.742,4.803,1.74,3.94
1.73,2.33,1.733,4.787,1.73,3.82
1.72,2.31,1.723,4.765,1.72,3.77
1.71,2.29,1.713,4.742,1.71,3.73
1.7,2.27,1.703,4.727,1.70,3.69
1.69,2.24,1.693,4.712,1.69,3.65
1.68,2.21,1.683,4.693,1.68,3.62
1.67,2.19,1.673,4.677,1.67,3.58
1.66,2.16,1.663,4.660,1.66,3.54
1.65,2.14,1.653,4.642,1.65,3.51
1.64,2.11,1.643,4.625,1.64,3.46
1.63,2.09,1.633,4.605,1.63,3.41
1.62,2.07,1.624,4.589,1.62,3.38
1.61,2.04,1.614,4.570,1.61,3.34
1.6,2.02,1.604,4.551,1.60,3.30
1.59,1.99,1.594,4.535,1.59,3.26
1.58,1.98,1.584,4.515,1.58,3.21
1.57,1.95,1.574,4.495,1.57,3.17
1.56,1.93,1.564,4.473,1.56,3.13
1.55,1.91,1.554,4.453,1.55,3.10
1.54,1.88,1.544,4.436,1.54,3.07
1.53,1.86,1.534,4.418,1.53,3.00
1.52,1.84,1.524,4.398,1.52,2.96
1.51,1.81,1.514,4.378,1.51,2.91
1.51,1.79,1.505,4.360,1.51,2.85
1.5,1.77,1.495,4.336,1.50,2.81
1.49,1.74,1.485,4.318,1.49,2.77
1.48,1.72,1.475,4.299,1.48,2.72
1.47,1.68,1.465,4.281,1.47,2.69
1.46,1.66,1.455,4.259,1.46,2.61
1.45,1.63,1.445,4.241,1.45,2.58
1.44,1.60,1.435,4.219,1.44,2.54
1.43,1.57,1.425,4.201,1.43,2.48
1.42,1.55,1.415,4.179,1.42,2.45
1.41,1.53,1.405,4.145,1.41,2.41
1.4,1.50,1.396,4.123,1.40,2.35
1.39,1.47,1.386,4.104,1.39,2.31
1.38,1.44,1.376,4.082,1.38,2.22
1.37,1.41,1.366,4.064,1.37,2.18
1.36,1.38,1.356,4.044,1.36,2.12
1.35,1.36,1.346,4.022,1.35,2.08
1.34,1.33,1.336,3.999,1.34,2.02
1.33,1.29,1.326,3.980,1.33,1.96
1.32,1.25,1.316,3.958,1.32,1.92
1.31,1.22,1.306,3.940,1.31,1.85
1.3,1.18,1.296,3.920,1.30,1.81
1.29,1.15,1.286,3.897,1.29,1.77
1.28,1.12,1.277,3.877,1.28,1.72
1.27,1.09,1.267,3.852,1.27,1.64
1.26,1.04,1.257,3.830,1.26,1.61
1.25,1.01,1.247,3.807,1.25,1.55
1.24,0.96,1.237,3.785,1.24,1.49
1.23,0.92,1.227,3.765,1.23,1.37
1.22,0.86,1.217,3.737,1.22,1.31
1.21,0.82,1.207,3.716,1.21,1.14
1.2,0.82,1.197,3.693,1.20,1.14
1.19,0.82,1.187,3.668,1.19,1.14
1.18,0.82,1.177,3.649,1.18,1.14
1.17,0.82,1.168,3.616,1.17,1.14
1.16,0.82,1.158,3.597,1.16,1.14
1.15,0.82,1.148,3.570,1.15,1.14
1.14,0.82,1.138,3.547,1.14,1.14
1.13,0.82,1.128,3.528,1.13,1.14
1.12,0.82,1.118,3.504,1.12,1.14
1.11,0.82,1.108,3.483,1.11,1.14
1.1,0.82,1.098,3.462,1.10,1.14
1.09,0.82,1.088,3.435,1.09,1.14
1.08,0.82,1.078,3.411,1.08,1.14
1.07,0.82,1.068,3.388,1.07,1.14
1.06,0.82,1.058,3.363,1.06,1.14
1.05,0.82,1.049,3.338,1.05,1.14
1.04,0.82,1.039,3.313,1.04,1.14
1.03,0.82,1.029,3.289,1.03,1.14
1.02,0.82,1.019,3.264,1.02,1.14
1.01,0.82,1.009,3.239,1.01,1.14
1,0.82,0.999,3.213,1.00,1.14
0.99,0.82,0.989,3.188,0.99,1.14
0.98,0.82,0.979,3.166,0.98,1.14
0.97,0.82,0.969,3.138,0.97,1.14
0.96,0.82,0.959,3.112,0.96,1.14
0.95,0.82,0.949,3.090,0.95,1.14
0.94,0.82,0.940,3.062,0.94,1.14
0.93,0.82,0.930,3.033,0.93,1.14
0.92,0.82,0.920,3.007,0.92,1.14
0.91,0.82,0.910,2.982,0.91,1.14
0.9,0.82,0.900,2.958,0.90,1.14
0.89,0.82,0.890,2.932,0.89,1.14
0.88,0.82,0.880,2.893,0.88,1.14
0.87,0.81,0.870,2.867,0.87,1.14
0.86,0.81,0.860,2.843,0.86,1.14
0.85,0.81,0.850,2.818,0.85,1.14
0.84,0.80,0.840,2.786,0.84,1.14
0.83,0.80,0.830,2.751,0.83,1.14
0.82,0.79,0.821,2.727,0.82,1.14
0.81,0.79,0.811,2.699,0.81,1.14
0.8,0.79,0.801,2.672,0.80,1.14
0.79,0.78,0.791,2.648,0.79,1.14
0.78,0.78,0.781,2.620,0.78,1.14
0.77,0.77,0.771,2.592,0.77,1.14
0.76,0.77,0.761,2.566,0.76,1.14
0.75,0.77,0.751,2.538,0.75,1.14
0.74,0.76,0.741,2.506,0.74,1.14
0.73,0.76,0.731,2.481,0.73,1.14
0.72,0.75,0.721,2.448,0.72,1.14
0.71,0.75,0.712,2.419,0.71,1.14
0.7,0.74,0.702,2.390,0.70,1.14
0.69,0.74,0.692,2.362,0.69,1.14
0.68,0.74,0.682,2.329,0.68,1.14
0.67,0.73,0.672,2.299,0.67,1.14
0.66,0.73,0.662,2.266,0.66,1.14
0.65,0.72,0.652,2.237,0.65,1.14
0.64,0.72,0.642,2.208,0.64,1.14
0.63,0.71,0.632,2.171,0.63,1.14
0.62,0.71,0.622,2.136,0.62,1.14
0.61,0.71,0.612,2.102,0.61,1.14
0.6,0.70,0.602,2.073,0.60,1.14
0.59,0.70,0.593,2.041,0.59,1.14
0.58,0.69,0.583,2.001,0.58,1.14
0.57,0.69,0.573,1.970,0.57,1.14
0.56,0.68,0.563,1.937,0.56,1.14
0.55,0.68,0.553,1.906,0.55,1.14
0.54,0.67,0.543,1.871,0.54,1.14
0.53,0.67,0.533,1.834,0.53,1.14
0.52,0.66,0.523,1.797,0.52,1.14
0.51,0.66,0.513,1.750,0.51,1.14
0.5,0.65,0.503,1.722,0.50,1.14
0.49,0.65,0.493,1.686,0.49,1.14
0.48,0.64,0.484,1.653,0.48,1.14
0.47,0.63,0.474,1.616,0.47,1.14
0.46,0.63,0.464,1.580,0.46,1.14
0.45,0.62,0.454,1.542,0.45,1.14
0.44,0.62,0.444,1.506,0.44,1.14
0.43,0.61,0.434,1.471,0.43,1.14
0.42,0.61,0.424,1.424,0.42,1.14
0.41,0.60,0.414,1.362,0.41,1.14
0.4,0.60,0.404,1.324,0.40,1.14
0.39,0.59,0.394,1.286,0.39,1.14
0.38,0.58,0.384,1.246,0.38,1.14
0.37,0.57,0.374,1.203,0.37,1.14
0.37,0.57,0.365,1.158,0.37,1.14
0.36,0.56,0.355,1.111,0.36,1.14
0.34,0.55,0.345,1.070,0.34,1.14
0.33,0.54,0.335,1.070,0.33,1.14
0.32,0.53,0.325,1.070,0.32,1.14
0.31,0.52,0.315,1.070,0.31,1.14
0.31,0.52,0.305,1.070,0.31,1.14
0.3,0.51,0.295,1.070,0.30,1.14
0.29,0.50,0.285,1.070,0.29,1.14
0.28,0.49,0.275,1.070,0.28,1.14
0.27,0.47,0.265,1.070,0.27,1.14
0.26,0.46,0.256,1.070,0.26,1.14
0.25,0.45,0.246,1.070,0.25,1.14
0.24,0.44,0.236,1.070,0.24,1.14
0.23,0.43,0.226,1.070,0.23,1.14
0.22,0.42,0.216,1.070,0.22,1.14
0.21,0.41,0.206,1.070,0.21,1.14
0.2,0.40,0.196,1.070,0.20,1.14
0.19,0.38,0.186,1.070,0.19,1.14
0.18,0.37,0.176,1.070,0.18,1.14
0.17,0.36,0.166,1.070,0.17,1.14
0.16,0.35,0.156,1.070,0.16,1.14
0.15,0.33,0.146,1.070,0.15,1.14
0.14,0.32,0.137,1.070,0.14,1.14
0.13,0.31,0.127,1.070,0.13,1.14
0.12,0.29,0.117,1.070,0.12,1.14
0.11,0.27,0.107,1.070,0.11,1.14
0.1,0.26,0.097,1.070,0.10,1.14
0.09,0.25,0.087,1.070,0.09,1.13
0.08,0.23,0.077,1.070,0.08,1.13
0.07,0.21,0.067,1.070,0.07,1.13
0.06,0.18,0.057,1.066,0.06,1.12
0.05,0.16,0.047,1.062,0.05,1.12
0.04,0.13,0.037,1.057,0.04,1.11
0.03,0.10,0.028,1.053,0.03,1.11
0.02,0.06,0.018,1.047,0.02,1.10
0.01,0.03,0.008,1.039,0.01,1.09
0,0.00,0.000,1.029,0.00,1.03
